id,task,framework,fold,result,mode,version,params,tag,utc,duration,models,seed,info,acc,auc,logloss
openml.org/t/146818,Australian,constantpredictor_enc,0,0.5,aws.docker,0.19.2,{'encode': True},stable,2019-04-15T12:49:29,0.0,1,3076892327,,0.550725,0.5,
openml.org/t/146818,Australian,constantpredictor_enc,1,0.5,aws.docker,0.19.2,{'encode': True},stable,2019-04-15T12:49:29,0.0,1,3076892328,,0.550725,0.5,
openml.org/t/146818,Australian,constantpredictor_enc,2,0.5,aws.docker,0.19.2,{'encode': True},stable,2019-04-15T12:49:29,0.0,1,3076892329,,0.550725,0.5,
openml.org/t/146818,Australian,constantpredictor_enc,3,0.5,aws.docker,0.19.2,{'encode': True},stable,2019-04-15T12:49:30,0.0,1,3076892330,,0.550725,0.5,
openml.org/t/146818,Australian,constantpredictor_enc,4,0.5,aws.docker,0.19.2,{'encode': True},stable,2019-04-15T12:49:30,0.0,1,3076892331,,0.550725,0.5,
openml.org/t/146818,Australian,constantpredictor_enc,5,0.5,aws.docker,0.19.2,{'encode': True},stable,2019-04-15T12:49:30,0.0,1,3076892332,,0.550725,0.5,
openml.org/t/146818,Australian,constantpredictor_enc,6,0.5,aws.docker,0.19.2,{'encode': True},stable,2019-04-15T12:49:30,0.0,1,3076892333,,0.550725,0.5,
openml.org/t/146818,Australian,constantpredictor_enc,7,0.5,aws.docker,0.19.2,{'encode': True},stable,2019-04-15T12:49:30,0.0,1,3076892334,,0.565217,0.5,
openml.org/t/146818,Australian,constantpredictor_enc,8,0.5,aws.docker,0.19.2,{'encode': True},stable,2019-04-15T12:49:30,0.0,1,3076892335,,0.565217,0.5,
openml.org/t/146818,Australian,constantpredictor_enc,9,0.5,aws.docker,0.19.2,{'encode': True},stable,2019-04-15T12:49:30,0.0,1,3076892336,,0.565217,0.5,
openml.org/t/10101,blood-transfusion,constantpredictor_enc,0,0.5,aws.docker,0.19.2,{'encode': True},stable,2019-04-15T12:49:31,0.0,1,3076892327,,0.76,0.5,
openml.org/t/10101,blood-transfusion,constantpredictor_enc,1,0.5,aws.docker,0.19.2,{'encode': True},stable,2019-04-15T12:49:31,0.0,1,3076892328,,0.76,0.5,
openml.org/t/10101,blood-transfusion,constantpredictor_enc,2,0.5,aws.docker,0.19.2,{'encode': True},stable,2019-04-15T12:49:31,0.0,1,3076892329,,0.76,0.5,
openml.org/t/10101,blood-transfusion,constantpredictor_enc,3,0.5,aws.docker,0.19.2,{'encode': True},stable,2019-04-15T12:49:31,0.0,1,3076892330,,0.76,0.5,
openml.org/t/10101,blood-transfusion,constantpredictor_enc,4,0.5,aws.docker,0.19.2,{'encode': True},stable,2019-04-15T12:49:31,0.0,1,3076892331,,0.76,0.5,
openml.org/t/10101,blood-transfusion,constantpredictor_enc,5,0.5,aws.docker,0.19.2,{'encode': True},stable,2019-04-15T12:49:31,0.0,1,3076892332,,0.76,0.5,
openml.org/t/10101,blood-transfusion,constantpredictor_enc,6,0.5,aws.docker,0.19.2,{'encode': True},stable,2019-04-15T12:49:31,0.0,1,3076892333,,0.76,0.5,
openml.org/t/10101,blood-transfusion,constantpredictor_enc,7,0.5,aws.docker,0.19.2,{'encode': True},stable,2019-04-15T12:49:31,0.0,1,3076892334,,0.76,0.5,
openml.org/t/10101,blood-transfusion,constantpredictor_enc,8,0.5,aws.docker,0.19.2,{'encode': True},stable,2019-04-15T12:49:31,0.0,1,3076892335,,0.77027,0.5,
openml.org/t/10101,blood-transfusion,constantpredictor_enc,9,0.5,aws.docker,0.19.2,{'encode': True},stable,2019-04-15T12:49:31,0.0,1,3076892336,,0.77027,0.5,
openml.org/t/146821,car,constantpredictor_enc,0,0.83242,aws.docker,0.19.2,{'encode': True},stable,2019-04-15T12:49:32,0.0,1,3076892327,,0.699422,,0.83242
openml.org/t/146821,car,constantpredictor_enc,1,0.83242,aws.docker,0.19.2,{'encode': True},stable,2019-04-15T12:49:32,0.0,1,3076892328,,0.699422,,0.83242
openml.org/t/146821,car,constantpredictor_enc,2,0.83242,aws.docker,0.19.2,{'encode': True},stable,2019-04-15T12:49:32,0.0,1,3076892329,,0.699422,,0.83242
openml.org/t/146821,car,constantpredictor_enc,3,0.83242,aws.docker,0.19.2,{'encode': True},stable,2019-04-15T12:49:33,0.0,1,3076892330,,0.699422,,0.83242
openml.org/t/146821,car,constantpredictor_enc,4,0.842684,aws.docker,0.19.2,{'encode': True},stable,2019-04-15T12:49:33,0.0,1,3076892331,,0.699422,,0.842684
openml.org/t/146821,car,constantpredictor_enc,5,0.842684,aws.docker,0.19.2,{'encode': True},stable,2019-04-15T12:49:33,0.0,1,3076892332,,0.699422,,0.842684
openml.org/t/146821,car,constantpredictor_enc,6,0.842684,aws.docker,0.19.2,{'encode': True},stable,2019-04-15T12:49:33,0.0,1,3076892333,,0.699422,,0.842684
openml.org/t/146821,car,constantpredictor_enc,7,0.842684,aws.docker,0.19.2,{'encode': True},stable,2019-04-15T12:49:33,0.0,1,3076892334,,0.699422,,0.842684
openml.org/t/146821,car,constantpredictor_enc,8,0.828935,aws.docker,0.19.2,{'encode': True},stable,2019-04-15T12:49:33,0.0,1,3076892335,,0.703488,,0.828935
openml.org/t/146821,car,constantpredictor_enc,9,0.828509,aws.docker,0.19.2,{'encode': True},stable,2019-04-15T12:49:34,0.0,1,3076892336,,0.703488,,0.828509
openml.org/t/168908,christine,constantpredictor_enc,0,0.5,aws.docker,0.19.2,{'encode': True},stable,2019-04-15T12:50:26,0.0,1,3076892327,,0.5,0.5,
openml.org/t/168908,christine,constantpredictor_enc,1,0.5,aws.docker,0.19.2,{'encode': True},stable,2019-04-15T12:51:02,0.0,1,3076892328,,0.5,0.5,
openml.org/t/168908,christine,constantpredictor_enc,2,0.5,aws.docker,0.19.2,{'encode': True},stable,2019-04-15T12:51:38,0.0,1,3076892329,,0.5,0.5,
openml.org/t/168908,christine,constantpredictor_enc,3,0.5,aws.docker,0.19.2,{'encode': True},stable,2019-04-15T12:52:14,0.0,1,3076892330,,0.5,0.5,
openml.org/t/168908,christine,constantpredictor_enc,4,0.5,aws.docker,0.19.2,{'encode': True},stable,2019-04-15T12:52:50,0.0,1,3076892331,,0.5,0.5,
openml.org/t/168908,christine,constantpredictor_enc,5,0.5,aws.docker,0.19.2,{'encode': True},stable,2019-04-15T12:53:26,0.0,1,3076892332,,0.5,0.5,
openml.org/t/168908,christine,constantpredictor_enc,6,0.5,aws.docker,0.19.2,{'encode': True},stable,2019-04-15T12:54:02,0.0,1,3076892333,,0.5,0.5,
openml.org/t/168908,christine,constantpredictor_enc,7,0.5,aws.docker,0.19.2,{'encode': True},stable,2019-04-15T12:54:38,0.0,1,3076892334,,0.5,0.5,
openml.org/t/168908,christine,constantpredictor_enc,8,0.5,aws.docker,0.19.2,{'encode': True},stable,2019-04-15T12:55:13,0.0,1,3076892335,,0.499076,0.5,
openml.org/t/168908,christine,constantpredictor_enc,9,0.5,aws.docker,0.19.2,{'encode': True},stable,2019-04-15T12:55:49,0.0,1,3076892336,,0.499076,0.5,
openml.org/t/9981,cnae-9,constantpredictor_enc,0,2.19722,aws.docker,0.19.2,{'encode': True},stable,2019-04-15T12:55:52,0.0,1,3076892327,,0.111111,,2.19722
openml.org/t/9981,cnae-9,constantpredictor_enc,1,2.19722,aws.docker,0.19.2,{'encode': True},stable,2019-04-15T12:55:54,0.0,1,3076892328,,0.111111,,2.19722
openml.org/t/9981,cnae-9,constantpredictor_enc,2,2.19722,aws.docker,0.19.2,{'encode': True},stable,2019-04-15T12:55:55,0.0,1,3076892329,,0.111111,,2.19722
openml.org/t/9981,cnae-9,constantpredictor_enc,3,2.19722,aws.docker,0.19.2,{'encode': True},stable,2019-04-15T12:55:57,0.0,1,3076892330,,0.111111,,2.19722
openml.org/t/9981,cnae-9,constantpredictor_enc,4,2.19722,aws.docker,0.19.2,{'encode': True},stable,2019-04-15T12:55:59,0.0,1,3076892331,,0.111111,,2.19722
openml.org/t/9981,cnae-9,constantpredictor_enc,5,2.19722,aws.docker,0.19.2,{'encode': True},stable,2019-04-15T12:56:00,0.0,1,3076892332,,0.111111,,2.19722
openml.org/t/9981,cnae-9,constantpredictor_enc,6,2.19722,aws.docker,0.19.2,{'encode': True},stable,2019-04-15T12:56:02,0.0,1,3076892333,,0.111111,,2.19722
openml.org/t/9981,cnae-9,constantpredictor_enc,7,2.19722,aws.docker,0.19.2,{'encode': True},stable,2019-04-15T12:56:04,0.0,1,3076892334,,0.111111,,2.19722
openml.org/t/9981,cnae-9,constantpredictor_enc,8,2.19722,aws.docker,0.19.2,{'encode': True},stable,2019-04-15T12:56:05,0.0,1,3076892335,,0.111111,,2.19722
openml.org/t/9981,cnae-9,constantpredictor_enc,9,2.19722,aws.docker,0.19.2,{'encode': True},stable,2019-04-15T12:56:07,0.0,1,3076892336,,0.111111,,2.19722
openml.org/t/31,credit-g,constantpredictor_enc,0,0.5,aws.docker,0.19.2,{'encode': True},stable,2019-04-15T12:56:08,0.0,1,3076892327,,0.7,0.5,
openml.org/t/31,credit-g,constantpredictor_enc,1,0.5,aws.docker,0.19.2,{'encode': True},stable,2019-04-15T12:56:08,0.0,1,3076892328,,0.7,0.5,
openml.org/t/31,credit-g,constantpredictor_enc,2,0.5,aws.docker,0.19.2,{'encode': True},stable,2019-04-15T12:56:09,0.0,1,3076892329,,0.7,0.5,
openml.org/t/31,credit-g,constantpredictor_enc,3,0.5,aws.docker,0.19.2,{'encode': True},stable,2019-04-15T12:56:09,0.0,1,3076892330,,0.7,0.5,
openml.org/t/31,credit-g,constantpredictor_enc,4,0.5,aws.docker,0.19.2,{'encode': True},stable,2019-04-15T12:56:09,0.0,1,3076892331,,0.7,0.5,
openml.org/t/31,credit-g,constantpredictor_enc,5,0.5,aws.docker,0.19.2,{'encode': True},stable,2019-04-15T12:56:09,0.0,1,3076892332,,0.7,0.5,
openml.org/t/31,credit-g,constantpredictor_enc,6,0.5,aws.docker,0.19.2,{'encode': True},stable,2019-04-15T12:56:09,0.0,1,3076892333,,0.7,0.5,
openml.org/t/31,credit-g,constantpredictor_enc,7,0.5,aws.docker,0.19.2,{'encode': True},stable,2019-04-15T12:56:10,0.0,1,3076892334,,0.7,0.5,
openml.org/t/31,credit-g,constantpredictor_enc,8,0.5,aws.docker,0.19.2,{'encode': True},stable,2019-04-15T12:56:10,0.0,1,3076892335,,0.7,0.5,
openml.org/t/31,credit-g,constantpredictor_enc,9,0.5,aws.docker,0.19.2,{'encode': True},stable,2019-04-15T12:56:10,0.0,1,3076892336,,0.7,0.5,
openml.org/t/168909,dilbert,constantpredictor_enc,0,1.60913,aws.docker,0.19.2,{'encode': True},stable,2019-04-15T12:58:21,0.0,1,3076892327,,0.205,,1.60913
openml.org/t/168909,dilbert,constantpredictor_enc,1,1.60913,aws.docker,0.19.2,{'encode': True},stable,2019-04-15T12:59:49,0.0,1,3076892328,,0.205,,1.60913
openml.org/t/168909,dilbert,constantpredictor_enc,2,1.60913,aws.docker,0.19.2,{'encode': True},stable,2019-04-15T13:01:18,0.0,1,3076892329,,0.205,,1.60913
openml.org/t/168909,dilbert,constantpredictor_enc,3,1.60913,aws.docker,0.19.2,{'encode': True},stable,2019-04-15T13:02:47,0.0,1,3076892330,,0.205,,1.60913
openml.org/t/168909,dilbert,constantpredictor_enc,4,1.60911,aws.docker,0.19.2,{'encode': True},stable,2019-04-15T13:04:16,0.0,1,3076892331,,0.205,,1.60911
openml.org/t/168909,dilbert,constantpredictor_enc,5,1.60911,aws.docker,0.19.2,{'encode': True},stable,2019-04-15T13:05:44,0.0,1,3076892332,,0.205,,1.60911
openml.org/t/168909,dilbert,constantpredictor_enc,6,1.60911,aws.docker,0.19.2,{'encode': True},stable,2019-04-15T13:07:13,0.0,1,3076892333,,0.205,,1.60911
openml.org/t/168909,dilbert,constantpredictor_enc,7,1.60915,aws.docker,0.19.2,{'encode': True},stable,2019-04-15T13:08:41,0.0,1,3076892334,,0.205,,1.60915
openml.org/t/168909,dilbert,constantpredictor_enc,8,1.60915,aws.docker,0.19.2,{'encode': True},stable,2019-04-15T13:10:10,0.0,1,3076892335,,0.205,,1.60915
openml.org/t/168909,dilbert,constantpredictor_enc,9,1.60918,aws.docker,0.19.2,{'encode': True},stable,2019-04-15T13:11:39,0.0,1,3076892336,,0.204,,1.60918
openml.org/t/168910,fabert,constantpredictor_enc,0,1.87425,aws.docker,0.19.2,{'encode': True},stable,2019-04-15T13:12:08,0.0,1,3076892327,,0.234223,,1.87425
openml.org/t/168910,fabert,constantpredictor_enc,1,1.87425,aws.docker,0.19.2,{'encode': True},stable,2019-04-15T13:12:30,0.0,1,3076892328,,0.234223,,1.87425
openml.org/t/168910,fabert,constantpredictor_enc,2,1.87425,aws.docker,0.19.2,{'encode': True},stable,2019-04-15T13:12:52,0.0,1,3076892329,,0.234223,,1.87425
openml.org/t/168910,fabert,constantpredictor_enc,3,1.87464,aws.docker,0.19.2,{'encode': True},stable,2019-04-15T13:13:14,0.0,1,3076892330,,0.23301,,1.87464
openml.org/t/168910,fabert,constantpredictor_enc,4,1.87464,aws.docker,0.19.2,{'encode': True},stable,2019-04-15T13:13:36,0.0,1,3076892331,,0.23301,,1.87464
openml.org/t/168910,fabert,constantpredictor_enc,5,1.87602,aws.docker,0.19.2,{'encode': True},stable,2019-04-15T13:13:58,0.0,1,3076892332,,0.23301,,1.87602
openml.org/t/168910,fabert,constantpredictor_enc,6,1.8756,aws.docker,0.19.2,{'encode': True},stable,2019-04-15T13:14:21,0.0,1,3076892333,,0.234223,,1.8756
openml.org/t/168910,fabert,constantpredictor_enc,7,1.87447,aws.docker,0.19.2,{'encode': True},stable,2019-04-15T13:14:43,0.0,1,3076892334,,0.234508,,1.87447
openml.org/t/168910,fabert,constantpredictor_enc,8,1.87447,aws.docker,0.19.2,{'encode': True},stable,2019-04-15T13:15:05,0.0,1,3076892335,,0.234508,,1.87447
openml.org/t/168910,fabert,constantpredictor_enc,9,1.87447,aws.docker,0.19.2,{'encode': True},stable,2019-04-15T13:15:27,0.0,1,3076892336,,0.234508,,1.87447
openml.org/t/168911,jasmine,constantpredictor_enc,0,0.5,aws.docker,0.19.2,{'encode': True},stable,2019-04-15T13:15:32,0.0,1,3076892327,,0.498328,0.5,
openml.org/t/168911,jasmine,constantpredictor_enc,1,0.5,aws.docker,0.19.2,{'encode': True},stable,2019-04-15T13:15:36,0.0,1,3076892328,,0.498328,0.5,
openml.org/t/168911,jasmine,constantpredictor_enc,2,0.5,aws.docker,0.19.2,{'encode': True},stable,2019-04-15T13:15:39,0.0,1,3076892329,,0.498328,0.5,
openml.org/t/168911,jasmine,constantpredictor_enc,3,0.5,aws.docker,0.19.2,{'encode': True},stable,2019-04-15T13:15:43,0.0,1,3076892330,,0.498328,0.5,
openml.org/t/168911,jasmine,constantpredictor_enc,4,0.5,aws.docker,0.19.2,{'encode': True},stable,2019-04-15T13:15:46,0.0,1,3076892331,,0.5,0.5,
openml.org/t/168911,jasmine,constantpredictor_enc,5,0.5,aws.docker,0.19.2,{'encode': True},stable,2019-04-15T13:15:49,0.0,1,3076892332,,0.5,0.5,
openml.org/t/168911,jasmine,constantpredictor_enc,6,0.5,aws.docker,0.19.2,{'encode': True},stable,2019-04-15T13:15:53,0.0,1,3076892333,,0.5,0.5,
openml.org/t/168911,jasmine,constantpredictor_enc,7,0.5,aws.docker,0.19.2,{'encode': True},stable,2019-04-15T13:15:56,0.0,1,3076892334,,0.5,0.5,
openml.org/t/168911,jasmine,constantpredictor_enc,8,0.5,aws.docker,0.19.2,{'encode': True},stable,2019-04-15T13:16:00,0.0,1,3076892335,,0.5,0.5,
openml.org/t/168911,jasmine,constantpredictor_enc,9,0.5,aws.docker,0.19.2,{'encode': True},stable,2019-04-15T13:16:03,0.0,1,3076892336,,0.5,0.5,
openml.org/t/3917,kc1,constantpredictor_enc,0,0.5,aws.docker,0.19.2,{'encode': True},stable,2019-04-15T13:16:04,0.0,1,3076892327,,0.848341,0.5,
openml.org/t/3917,kc1,constantpredictor_enc,1,0.5,aws.docker,0.19.2,{'encode': True},stable,2019-04-15T13:16:04,0.0,1,3076892328,,0.848341,0.5,
openml.org/t/3917,kc1,constantpredictor_enc,2,0.5,aws.docker,0.19.2,{'encode': True},stable,2019-04-15T13:16:04,0.0,1,3076892329,,0.848341,0.5,
openml.org/t/3917,kc1,constantpredictor_enc,3,0.5,aws.docker,0.19.2,{'encode': True},stable,2019-04-15T13:16:04,0.0,1,3076892330,,0.843602,0.5,
openml.org/t/3917,kc1,constantpredictor_enc,4,0.5,aws.docker,0.19.2,{'encode': True},stable,2019-04-15T13:16:05,0.0,1,3076892331,,0.843602,0.5,
openml.org/t/3917,kc1,constantpredictor_enc,5,0.5,aws.docker,0.19.2,{'encode': True},stable,2019-04-15T13:16:05,0.0,1,3076892332,,0.843602,0.5,
openml.org/t/3917,kc1,constantpredictor_enc,6,0.5,aws.docker,0.19.2,{'encode': True},stable,2019-04-15T13:16:05,0.0,1,3076892333,,0.843602,0.5,
openml.org/t/3917,kc1,constantpredictor_enc,7,0.5,aws.docker,0.19.2,{'encode': True},stable,2019-04-15T13:16:05,0.0,1,3076892334,,0.843602,0.5,
openml.org/t/3917,kc1,constantpredictor_enc,8,0.5,aws.docker,0.19.2,{'encode': True},stable,2019-04-15T13:16:05,0.0,1,3076892335,,0.843602,0.5,
openml.org/t/3917,kc1,constantpredictor_enc,9,0.5,aws.docker,0.19.2,{'encode': True},stable,2019-04-15T13:16:05,0.0,1,3076892336,,0.847619,0.5,
openml.org/t/3,kr-vs-kp,constantpredictor_enc,0,0.5,aws.docker,0.19.2,{'encode': True},stable,2019-04-15T13:16:07,0.0,1,3076892327,,0.521875,0.5,
openml.org/t/3,kr-vs-kp,constantpredictor_enc,1,0.5,aws.docker,0.19.2,{'encode': True},stable,2019-04-15T13:16:08,0.0,1,3076892328,,0.521875,0.5,
openml.org/t/3,kr-vs-kp,constantpredictor_enc,2,0.5,aws.docker,0.19.2,{'encode': True},stable,2019-04-15T13:16:09,0.0,1,3076892329,,0.521875,0.5,
openml.org/t/3,kr-vs-kp,constantpredictor_enc,3,0.5,aws.docker,0.19.2,{'encode': True},stable,2019-04-15T13:16:11,0.0,1,3076892330,,0.521875,0.5,
openml.org/t/3,kr-vs-kp,constantpredictor_enc,4,0.5,aws.docker,0.19.2,{'encode': True},stable,2019-04-15T13:16:12,0.0,1,3076892331,,0.521875,0.5,
openml.org/t/3,kr-vs-kp,constantpredictor_enc,5,0.5,aws.docker,0.19.2,{'encode': True},stable,2019-04-15T13:16:13,0.0,1,3076892332,,0.521875,0.5,
openml.org/t/3,kr-vs-kp,constantpredictor_enc,6,0.5,aws.docker,0.19.2,{'encode': True},stable,2019-04-15T13:16:14,0.0,1,3076892333,,0.520376,0.5,
openml.org/t/3,kr-vs-kp,constantpredictor_enc,7,0.5,aws.docker,0.19.2,{'encode': True},stable,2019-04-15T13:16:15,0.0,1,3076892334,,0.523511,0.5,
openml.org/t/3,kr-vs-kp,constantpredictor_enc,8,0.5,aws.docker,0.19.2,{'encode': True},stable,2019-04-15T13:16:16,0.0,1,3076892335,,0.523511,0.5,
openml.org/t/3,kr-vs-kp,constantpredictor_enc,9,0.5,aws.docker,0.19.2,{'encode': True},stable,2019-04-15T13:16:17,0.0,1,3076892336,,0.523511,0.5,
openml.org/t/12,mfeat-factors,constantpredictor_enc,0,2.30259,aws.docker,0.19.2,{'encode': True},stable,2019-04-15T13:16:19,0.0,1,3076892327,,0.1,,2.30259
openml.org/t/12,mfeat-factors,constantpredictor_enc,1,2.30259,aws.docker,0.19.2,{'encode': True},stable,2019-04-15T13:16:21,0.0,1,3076892328,,0.1,,2.30259
openml.org/t/12,mfeat-factors,constantpredictor_enc,2,2.30259,aws.docker,0.19.2,{'encode': True},stable,2019-04-15T13:16:22,0.0,1,3076892329,,0.1,,2.30259
openml.org/t/12,mfeat-factors,constantpredictor_enc,3,2.30259,aws.docker,0.19.2,{'encode': True},stable,2019-04-15T13:16:23,0.0,1,3076892330,,0.1,,2.30259
openml.org/t/12,mfeat-factors,constantpredictor_enc,4,2.30259,aws.docker,0.19.2,{'encode': True},stable,2019-04-15T13:16:24,0.0,1,3076892331,,0.1,,2.30259
openml.org/t/12,mfeat-factors,constantpredictor_enc,5,2.30259,aws.docker,0.19.2,{'encode': True},stable,2019-04-15T13:16:25,0.0,1,3076892332,,0.1,,2.30259
openml.org/t/12,mfeat-factors,constantpredictor_enc,6,2.30259,aws.docker,0.19.2,{'encode': True},stable,2019-04-15T13:16:26,0.0,1,3076892333,,0.1,,2.30259
openml.org/t/12,mfeat-factors,constantpredictor_enc,7,2.30259,aws.docker,0.19.2,{'encode': True},stable,2019-04-15T13:16:28,0.0,1,3076892334,,0.1,,2.30259
openml.org/t/12,mfeat-factors,constantpredictor_enc,8,2.30259,aws.docker,0.19.2,{'encode': True},stable,2019-04-15T13:16:29,0.0,1,3076892335,,0.1,,2.30259
openml.org/t/12,mfeat-factors,constantpredictor_enc,9,2.30259,aws.docker,0.19.2,{'encode': True},stable,2019-04-15T13:16:30,0.0,1,3076892336,,0.1,,2.30259
openml.org/t/9952,phoneme,constantpredictor_enc,0,0.5,aws.docker,0.19.2,{'encode': True},stable,2019-04-15T13:16:31,0.0,1,3076892327,,0.7061,0.5,
openml.org/t/9952,phoneme,constantpredictor_enc,1,0.5,aws.docker,0.19.2,{'encode': True},stable,2019-04-15T13:16:31,0.0,1,3076892328,,0.7061,0.5,
openml.org/t/9952,phoneme,constantpredictor_enc,2,0.5,aws.docker,0.19.2,{'encode': True},stable,2019-04-15T13:16:32,0.0,1,3076892329,,0.7061,0.5,
openml.org/t/9952,phoneme,constantpredictor_enc,3,0.5,aws.docker,0.19.2,{'encode': True},stable,2019-04-15T13:16:32,0.0,1,3076892330,,0.7061,0.5,
openml.org/t/9952,phoneme,constantpredictor_enc,4,0.5,aws.docker,0.19.2,{'encode': True},stable,2019-04-15T13:16:32,0.0,1,3076892331,,0.707407,0.5,
openml.org/t/9952,phoneme,constantpredictor_enc,5,0.5,aws.docker,0.19.2,{'encode': True},stable,2019-04-15T13:16:32,0.0,1,3076892332,,0.707407,0.5,
openml.org/t/9952,phoneme,constantpredictor_enc,6,0.5,aws.docker,0.19.2,{'encode': True},stable,2019-04-15T13:16:32,0.0,1,3076892333,,0.707407,0.5,
openml.org/t/9952,phoneme,constantpredictor_enc,7,0.5,aws.docker,0.19.2,{'encode': True},stable,2019-04-15T13:16:33,0.0,1,3076892334,,0.707407,0.5,
openml.org/t/9952,phoneme,constantpredictor_enc,8,0.5,aws.docker,0.19.2,{'encode': True},stable,2019-04-15T13:16:33,0.0,1,3076892335,,0.705556,0.5,
openml.org/t/9952,phoneme,constantpredictor_enc,9,0.5,aws.docker,0.19.2,{'encode': True},stable,2019-04-15T13:16:33,0.0,1,3076892336,,0.705556,0.5,
openml.org/t/146822,segment,constantpredictor_enc,0,1.94591,aws.docker,0.19.2,{'encode': True},stable,2019-04-15T13:16:34,0.0,1,3076892327,,0.142857,,1.94591
openml.org/t/146822,segment,constantpredictor_enc,1,1.94591,aws.docker,0.19.2,{'encode': True},stable,2019-04-15T13:16:35,0.0,1,3076892328,,0.142857,,1.94591
openml.org/t/146822,segment,constantpredictor_enc,2,1.94591,aws.docker,0.19.2,{'encode': True},stable,2019-04-15T13:16:35,0.0,1,3076892329,,0.142857,,1.94591
openml.org/t/146822,segment,constantpredictor_enc,3,1.94591,aws.docker,0.19.2,{'encode': True},stable,2019-04-15T13:16:35,0.0,1,3076892330,,0.142857,,1.94591
openml.org/t/146822,segment,constantpredictor_enc,4,1.94591,aws.docker,0.19.2,{'encode': True},stable,2019-04-15T13:16:36,0.0,1,3076892331,,0.142857,,1.94591
openml.org/t/146822,segment,constantpredictor_enc,5,1.94591,aws.docker,0.19.2,{'encode': True},stable,2019-04-15T13:16:36,0.0,1,3076892332,,0.142857,,1.94591
openml.org/t/146822,segment,constantpredictor_enc,6,1.94591,aws.docker,0.19.2,{'encode': True},stable,2019-04-15T13:16:36,0.0,1,3076892333,,0.142857,,1.94591
openml.org/t/146822,segment,constantpredictor_enc,7,1.94591,aws.docker,0.19.2,{'encode': True},stable,2019-04-15T13:16:36,0.0,1,3076892334,,0.142857,,1.94591
openml.org/t/146822,segment,constantpredictor_enc,8,1.94591,aws.docker,0.19.2,{'encode': True},stable,2019-04-15T13:16:37,0.0,1,3076892335,,0.142857,,1.94591
openml.org/t/146822,segment,constantpredictor_enc,9,1.94591,aws.docker,0.19.2,{'encode': True},stable,2019-04-15T13:16:37,0.0,1,3076892336,,0.142857,,1.94591
openml.org/t/168912,sylvine,constantpredictor_enc,0,0.5,aws.docker,0.19.2,{'encode': True},stable,2019-04-15T13:16:38,0.0,1,3076892327,,0.499025,0.5,
openml.org/t/168912,sylvine,constantpredictor_enc,1,0.5,aws.docker,0.19.2,{'encode': True},stable,2019-04-15T13:16:39,0.0,1,3076892328,,0.499025,0.5,
openml.org/t/168912,sylvine,constantpredictor_enc,2,0.5,aws.docker,0.19.2,{'encode': True},stable,2019-04-15T13:16:39,0.0,1,3076892329,,0.499025,0.5,
openml.org/t/168912,sylvine,constantpredictor_enc,3,0.5,aws.docker,0.19.2,{'encode': True},stable,2019-04-15T13:16:40,0.0,1,3076892330,,0.499025,0.5,
openml.org/t/168912,sylvine,constantpredictor_enc,4,0.5,aws.docker,0.19.2,{'encode': True},stable,2019-04-15T13:16:40,0.0,1,3076892331,,0.5,0.5,
openml.org/t/168912,sylvine,constantpredictor_enc,5,0.5,aws.docker,0.19.2,{'encode': True},stable,2019-04-15T13:16:41,0.0,1,3076892332,,0.5,0.5,
openml.org/t/168912,sylvine,constantpredictor_enc,6,0.5,aws.docker,0.19.2,{'encode': True},stable,2019-04-15T13:16:41,0.0,1,3076892333,,0.5,0.5,
openml.org/t/168912,sylvine,constantpredictor_enc,7,0.5,aws.docker,0.19.2,{'encode': True},stable,2019-04-15T13:16:42,0.0,1,3076892334,,0.5,0.5,
openml.org/t/168912,sylvine,constantpredictor_enc,8,0.5,aws.docker,0.19.2,{'encode': True},stable,2019-04-15T13:16:42,0.0,1,3076892335,,0.5,0.5,
openml.org/t/168912,sylvine,constantpredictor_enc,9,0.5,aws.docker,0.19.2,{'encode': True},stable,2019-04-15T13:16:43,0.0,1,3076892336,,0.5,0.5,
openml.org/t/53,vehicle,constantpredictor_enc,0,1.38557,aws.docker,0.19.2,{'encode': True},stable,2019-04-15T13:16:43,0.0,1,3076892327,,0.258824,,1.38557
openml.org/t/53,vehicle,constantpredictor_enc,1,1.38557,aws.docker,0.19.2,{'encode': True},stable,2019-04-15T13:16:43,0.0,1,3076892328,,0.258824,,1.38557
openml.org/t/53,vehicle,constantpredictor_enc,2,1.38557,aws.docker,0.19.2,{'encode': True},stable,2019-04-15T13:16:43,0.0,1,3076892329,,0.258824,,1.38557
openml.org/t/53,vehicle,constantpredictor_enc,3,1.38557,aws.docker,0.19.2,{'encode': True},stable,2019-04-15T13:16:44,0.0,1,3076892330,,0.258824,,1.38557
openml.org/t/53,vehicle,constantpredictor_enc,4,1.38557,aws.docker,0.19.2,{'encode': True},stable,2019-04-15T13:16:44,0.0,1,3076892331,,0.258824,,1.38557
openml.org/t/53,vehicle,constantpredictor_enc,5,1.38557,aws.docker,0.19.2,{'encode': True},stable,2019-04-15T13:16:44,0.0,1,3076892332,,0.258824,,1.38557
openml.org/t/53,vehicle,constantpredictor_enc,6,1.3853,aws.docker,0.19.2,{'encode': True},stable,2019-04-15T13:16:44,0.0,1,3076892333,,0.25,,1.3853
openml.org/t/53,vehicle,constantpredictor_enc,7,1.3863,aws.docker,0.19.2,{'encode': True},stable,2019-04-15T13:16:44,0.0,1,3076892334,,0.25,,1.3863
openml.org/t/53,vehicle,constantpredictor_enc,8,1.38589,aws.docker,0.19.2,{'encode': True},stable,2019-04-15T13:16:44,0.0,1,3076892335,,0.261905,,1.38589
openml.org/t/53,vehicle,constantpredictor_enc,9,1.38589,aws.docker,0.19.2,{'encode': True},stable,2019-04-15T13:16:44,0.0,1,3076892336,,0.261905,,1.38589
openml.org/t/146818,Australian,RandomForest,0,0.948217,aws.docker,0.19.2,{'n_estimators': 2000},stable,2019-04-13T16:36:51,2.8,2000,3625305826,,0.913043,0.948217,
openml.org/t/146818,Australian,RandomForest,1,0.90747,aws.docker,0.19.2,{'n_estimators': 2000},stable,2019-04-13T16:36:56,2.9,2000,3625305827,,0.855072,0.90747,
openml.org/t/146818,Australian,RandomForest,2,0.903226,aws.docker,0.19.2,{'n_estimators': 2000},stable,2019-04-13T16:37:02,2.9,2000,3625305828,,0.84058,0.903226,
openml.org/t/146818,Australian,RandomForest,4,0.950764,aws.docker,0.19.2,{'n_estimators': 2000},stable,2019-04-13T16:37:11,2.9,2000,3625305830,,0.884058,0.950764,
openml.org/t/146818,Australian,RandomForest,3,0.932088,aws.docker,0.19.2,{'n_estimators': 2000},stable,2019-04-13T16:39:14,2.9,2000,3625305829,,0.826087,0.932088,
openml.org/t/146818,Australian,RandomForest,5,0.976231,aws.docker,0.19.2,{'n_estimators': 2000},stable,2019-04-13T16:40:56,2.9,2000,3625305831,,0.869565,0.976231,
openml.org/t/146818,Australian,RandomForest,6,0.914686,aws.docker,0.19.2,{'n_estimators': 2000},stable,2019-04-13T16:41:15,2.9,2000,3625305832,,0.869565,0.914686,
openml.org/t/146818,Australian,RandomForest,7,0.935043,aws.docker,0.19.2,{'n_estimators': 2000},stable,2019-04-13T16:41:04,2.9,2000,3625305833,,0.898551,0.935043,
openml.org/t/146818,Australian,RandomForest,8,0.952991,aws.docker,0.19.2,{'n_estimators': 2000},stable,2019-04-13T16:41:13,2.9,2000,3625305834,,0.869565,0.952991,
openml.org/t/146818,Australian,RandomForest,9,0.935897,aws.docker,0.19.2,{'n_estimators': 2000},stable,2019-04-13T16:43:10,2.8,2000,3625305835,,0.84058,0.935897,
openml.org/t/10101,blood-transfusion,RandomForest,0,0.749513,aws.docker,0.19.2,{'n_estimators': 2000},stable,2019-04-13T16:45:23,3.0,2000,3625305826,,0.746667,0.749513,
openml.org/t/10101,blood-transfusion,RandomForest,1,0.709064,aws.docker,0.19.2,{'n_estimators': 2000},stable,2019-04-13T16:44:51,2.9,2000,3625305827,,0.733333,0.709064,
openml.org/t/10101,blood-transfusion,RandomForest,2,0.616959,aws.docker,0.19.2,{'n_estimators': 2000},stable,2019-04-13T16:45:01,2.9,2000,3625305828,,0.72,0.616959,
openml.org/t/10101,blood-transfusion,RandomForest,3,0.679825,aws.docker,0.19.2,{'n_estimators': 2000},stable,2019-04-13T16:45:16,2.9,2000,3625305829,,0.733333,0.679825,
openml.org/t/10101,blood-transfusion,RandomForest,4,0.806043,aws.docker,0.19.2,{'n_estimators': 2000},stable,2019-04-13T16:47:15,2.9,2000,3625305830,,0.84,0.806043,
openml.org/t/10101,blood-transfusion,RandomForest,5,0.634016,aws.docker,0.19.2,{'n_estimators': 2000},stable,2019-04-13T16:49:00,2.9,2000,3625305831,,0.693333,0.634016,
openml.org/t/10101,blood-transfusion,RandomForest,6,0.672515,aws.docker,0.19.2,{'n_estimators': 2000},stable,2019-04-13T16:48:58,2.9,2000,3625305832,,0.733333,0.672515,
openml.org/t/10101,blood-transfusion,RandomForest,7,0.614522,aws.docker,0.19.2,{'n_estimators': 2000},stable,2019-04-13T16:49:15,2.9,2000,3625305833,,0.746667,0.614522,
openml.org/t/10101,blood-transfusion,RandomForest,8,0.726522,aws.docker,0.19.2,{'n_estimators': 2000},stable,2019-04-13T16:49:37,2.9,2000,3625305834,,0.810811,0.726522,
openml.org/t/10101,blood-transfusion,RandomForest,9,0.633127,aws.docker,0.19.2,{'n_estimators': 2000},stable,2019-04-13T16:52:11,2.9,2000,3625305835,,0.702703,0.633127,
openml.org/t/146821,car,RandomForest,0,0.14138,aws.docker,0.19.2,{'n_estimators': 2000},stable,2019-04-13T16:53:00,3.0,2000,3625305826,,0.982659,,0.14138
openml.org/t/146821,car,RandomForest,1,0.131941,aws.docker,0.19.2,{'n_estimators': 2000},stable,2019-04-13T16:53:03,3.0,2000,3625305827,,0.982659,,0.131941
openml.org/t/146821,car,RandomForest,2,0.144378,aws.docker,0.19.2,{'n_estimators': 2000},stable,2019-04-13T16:53:16,3.0,2000,3625305828,,0.99422,,0.144378
openml.org/t/146821,car,RandomForest,3,0.146283,aws.docker,0.19.2,{'n_estimators': 2000},stable,2019-04-13T16:53:30,3.0,2000,3625305829,,0.965318,,0.146283
openml.org/t/146821,car,RandomForest,4,0.132917,aws.docker,0.19.2,{'n_estimators': 2000},stable,2019-04-13T16:56:21,3.0,2000,3625305830,,0.988439,,0.132917
openml.org/t/146821,car,RandomForest,5,0.156043,aws.docker,0.19.2,{'n_estimators': 2000},stable,2019-04-13T16:57:19,3.0,2000,3625305831,,0.988439,,0.156043
openml.org/t/146821,car,RandomForest,6,0.130014,aws.docker,0.19.2,{'n_estimators': 2000},stable,2019-04-13T16:57:10,3.0,2000,3625305832,,0.988439,,0.130014
openml.org/t/146821,car,RandomForest,8,0.149209,aws.docker,0.19.2,{'n_estimators': 2000},stable,2019-04-13T16:57:33,3.0,2000,3625305834,,0.988372,,0.149209
openml.org/t/146821,car,RandomForest,7,0.148644,aws.docker,0.19.2,{'n_estimators': 2000},stable,2019-04-13T16:57:57,3.0,2000,3625305833,,0.971098,,0.148644
openml.org/t/146821,car,RandomForest,9,0.155564,aws.docker,0.19.2,{'n_estimators': 2000},stable,2019-04-13T17:00:30,3.0,2000,3625305835,,0.988372,,0.155564
openml.org/t/168908,christine,RandomForest,0,0.822252,aws.docker,0.19.2,{'n_estimators': 2000},stable,2019-04-13T17:02:42,40.4,2000,3625305826,,0.734317,0.822252,
openml.org/t/168908,christine,RandomForest,1,0.817091,aws.docker,0.19.2,{'n_estimators': 2000},stable,2019-04-13T17:02:43,40.3,2000,3625305827,,0.750923,0.817091,
openml.org/t/168908,christine,RandomForest,2,0.809064,aws.docker,0.19.2,{'n_estimators': 2000},stable,2019-04-13T17:03:10,40.3,2000,3625305828,,0.738007,0.809064,
openml.org/t/168908,christine,RandomForest,3,0.797627,aws.docker,0.19.2,{'n_estimators': 2000},stable,2019-04-13T17:04:04,40.9,2000,3625305829,,0.715867,0.797627,
openml.org/t/168908,christine,RandomForest,4,0.802692,aws.docker,0.19.2,{'n_estimators': 2000},stable,2019-04-13T17:05:58,40.6,2000,3625305830,,0.706642,0.802692,
openml.org/t/168908,christine,RandomForest,5,0.81368,aws.docker,0.19.2,{'n_estimators': 2000},stable,2019-04-13T17:07:49,40.5,2000,3625305831,,0.738007,0.81368,
openml.org/t/168908,christine,RandomForest,6,0.811257,aws.docker,0.19.2,{'n_estimators': 2000},stable,2019-04-13T17:07:52,40.1,2000,3625305832,,0.738007,0.811257,
openml.org/t/168908,christine,RandomForest,8,0.805576,aws.docker,0.19.2,{'n_estimators': 2000},stable,2019-04-13T17:09:00,41.6,2000,3625305834,,0.724584,0.805576,
openml.org/t/168908,christine,RandomForest,7,0.811202,aws.docker,0.19.2,{'n_estimators': 2000},stable,2019-04-13T17:08:18,41.4,2000,3625305833,,0.726937,0.811202,
openml.org/t/168908,christine,RandomForest,9,0.765908,aws.docker,0.19.2,{'n_estimators': 2000},stable,2019-04-13T17:11:09,41.7,2000,3625305835,,0.700555,0.765908,
openml.org/t/9981,cnae-9,RandomForest,0,0.27565,aws.docker,0.19.2,{'n_estimators': 2000},stable,2019-04-13T17:11:22,3.0,2000,3625305826,,0.962963,,0.27565
openml.org/t/9981,cnae-9,RandomForest,1,0.374119,aws.docker,0.19.2,{'n_estimators': 2000},stable,2019-04-13T17:11:37,3.0,2000,3625305827,,0.888889,,0.374119
openml.org/t/9981,cnae-9,RandomForest,2,0.266739,aws.docker,0.19.2,{'n_estimators': 2000},stable,2019-04-13T17:12:39,3.0,2000,3625305828,,0.953704,,0.266739
openml.org/t/9981,cnae-9,RandomForest,3,0.350374,aws.docker,0.19.2,{'n_estimators': 2000},stable,2019-04-13T17:14:19,3.0,2000,3625305829,,0.888889,,0.350374
openml.org/t/9981,cnae-9,RandomForest,4,0.303814,aws.docker,0.19.2,{'n_estimators': 2000},stable,2019-04-13T17:14:46,3.0,2000,3625305830,,0.944444,,0.303814
openml.org/t/9981,cnae-9,RandomForest,5,0.285052,aws.docker,0.19.2,{'n_estimators': 2000},stable,2019-04-13T17:15:37,3.0,2000,3625305831,,0.944444,,0.285052
openml.org/t/9981,cnae-9,RandomForest,6,0.279376,aws.docker,0.19.2,{'n_estimators': 2000},stable,2019-04-13T17:15:43,3.0,2000,3625305832,,0.944444,,0.279376
openml.org/t/9981,cnae-9,RandomForest,7,0.318252,aws.docker,0.19.2,{'n_estimators': 2000},stable,2019-04-13T17:16:46,3.0,2000,3625305833,,0.87963,,0.318252
openml.org/t/9981,cnae-9,RandomForest,8,0.27762,aws.docker,0.19.2,{'n_estimators': 2000},stable,2019-04-13T17:17:55,3.0,2000,3625305834,,0.962963,,0.27762
openml.org/t/9981,cnae-9,RandomForest,9,0.272551,aws.docker,0.19.2,{'n_estimators': 2000},stable,2019-04-13T17:18:49,3.0,2000,3625305835,,0.935185,,0.272551
openml.org/t/31,credit-g,RandomForest,0,0.862857,aws.docker,0.19.2,{'n_estimators': 2000},stable,2019-04-13T17:19:37,2.9,2000,3625305826,,0.79,0.862857,
openml.org/t/31,credit-g,RandomForest,1,0.783095,aws.docker,0.19.2,{'n_estimators': 2000},stable,2019-04-13T17:19:47,2.8,2000,3625305827,,0.75,0.783095,
openml.org/t/31,credit-g,RandomForest,2,0.756667,aws.docker,0.19.2,{'n_estimators': 2000},stable,2019-04-13T17:20:47,2.9,2000,3625305828,,0.76,0.756667,
openml.org/t/31,credit-g,RandomForest,3,0.770714,aws.docker,0.19.2,{'n_estimators': 2000},stable,2019-04-13T17:21:50,2.8,2000,3625305829,,0.77,0.770714,
openml.org/t/31,credit-g,RandomForest,4,0.787143,aws.docker,0.19.2,{'n_estimators': 2000},stable,2019-04-13T17:22:55,2.9,2000,3625305830,,0.71,0.787143,
openml.org/t/31,credit-g,RandomForest,5,0.82619,aws.docker,0.19.2,{'n_estimators': 2000},stable,2019-04-13T17:24:08,2.9,2000,3625305831,,0.78,0.82619,
openml.org/t/31,credit-g,RandomForest,6,0.810714,aws.docker,0.19.2,{'n_estimators': 2000},stable,2019-04-13T17:23:38,2.9,2000,3625305832,,0.77,0.810714,
openml.org/t/31,credit-g,RandomForest,7,0.81619,aws.docker,0.19.2,{'n_estimators': 2000},stable,2019-04-13T17:24:43,2.9,2000,3625305833,,0.79,0.81619,
openml.org/t/31,credit-g,RandomForest,8,0.750238,aws.docker,0.19.2,{'n_estimators': 2000},stable,2019-04-13T17:26:00,2.8,2000,3625305834,,0.74,0.750238,
openml.org/t/31,credit-g,RandomForest,9,0.779762,aws.docker,0.19.2,{'n_estimators': 2000},stable,2019-04-13T17:26:47,2.8,2000,3625305835,,0.75,0.779762,
openml.org/t/168909,dilbert,RandomForest,0,0.339997,aws.docker,0.19.2,{'n_estimators': 2000},stable,2019-04-13T17:31:52,121.7,2000,3625305826,,0.972,,0.339997
openml.org/t/168909,dilbert,RandomForest,1,0.327709,aws.docker,0.19.2,{'n_estimators': 2000},stable,2019-04-13T17:31:59,120.8,2000,3625305827,,0.977,,0.327709
openml.org/t/168909,dilbert,RandomForest,2,0.340728,aws.docker,0.19.2,{'n_estimators': 2000},stable,2019-04-13T17:33:06,120.8,2000,3625305828,,0.966,,0.340728
openml.org/t/168909,dilbert,RandomForest,3,0.329813,aws.docker,0.19.2,{'n_estimators': 2000},stable,2019-04-13T17:34:20,120.0,2000,3625305829,,0.977,,0.329813
openml.org/t/168909,dilbert,RandomForest,4,0.321067,aws.docker,0.19.2,{'n_estimators': 2000},stable,2019-04-13T17:35:20,120.4,2000,3625305830,,0.978,,0.321067
openml.org/t/168909,dilbert,RandomForest,5,0.322885,aws.docker,0.19.2,{'n_estimators': 2000},stable,2019-04-13T17:39:58,120.9,2000,3625305831,,0.977,,0.322885
openml.org/t/168909,dilbert,RandomForest,6,0.328567,aws.docker,0.19.2,{'n_estimators': 2000},stable,2019-04-13T17:39:59,120.4,2000,3625305832,,0.981,,0.328567
openml.org/t/168909,dilbert,RandomForest,7,0.339373,aws.docker,0.19.2,{'n_estimators': 2000},stable,2019-04-13T17:41:04,119.7,2000,3625305833,,0.98,,0.339373
openml.org/t/168909,dilbert,RandomForest,8,0.31152,aws.docker,0.19.2,{'n_estimators': 2000},stable,2019-04-13T17:42:38,117.5,2000,3625305834,,0.978,,0.31152
openml.org/t/168909,dilbert,RandomForest,9,0.320318,aws.docker,0.19.2,{'n_estimators': 2000},stable,2019-04-13T17:43:16,118.4,2000,3625305835,,0.98,,0.320318
openml.org/t/168910,fabert,RandomForest,0,0.770836,aws.docker,0.19.2,{'n_estimators': 2000},stable,2019-04-13T17:44:46,23.9,2000,3625305826,,0.711165,,0.770836
openml.org/t/168910,fabert,RandomForest,1,0.789578,aws.docker,0.19.2,{'n_estimators': 2000},stable,2019-04-13T17:44:45,22.6,2000,3625305827,,0.718447,,0.789578
openml.org/t/168910,fabert,RandomForest,2,0.793575,aws.docker,0.19.2,{'n_estimators': 2000},stable,2019-04-13T17:45:50,23.0,2000,3625305828,,0.711165,,0.793575
openml.org/t/168910,fabert,RandomForest,4,0.808506,aws.docker,0.19.2,{'n_estimators': 2000},stable,2019-04-13T17:48:03,22.9,2000,3625305830,,0.713592,,0.808506
openml.org/t/168910,fabert,RandomForest,3,0.81238,aws.docker,0.19.2,{'n_estimators': 2000},stable,2019-04-13T17:47:44,22.3,2000,3625305829,,0.701456,,0.81238
openml.org/t/168910,fabert,RandomForest,5,0.768495,aws.docker,0.19.2,{'n_estimators': 2000},stable,2019-04-13T17:49:46,23.0,2000,3625305831,,0.739078,,0.768495
openml.org/t/168910,fabert,RandomForest,6,0.82234,aws.docker,0.19.2,{'n_estimators': 2000},stable,2019-04-13T17:49:48,23.1,2000,3625305832,,0.700243,,0.82234
openml.org/t/168910,fabert,RandomForest,7,0.815455,aws.docker,0.19.2,{'n_estimators': 2000},stable,2019-04-13T17:50:52,22.5,2000,3625305833,,0.684083,,0.815455
openml.org/t/168910,fabert,RandomForest,8,0.839526,aws.docker,0.19.2,{'n_estimators': 2000},stable,2019-04-13T17:53:04,22.6,2000,3625305834,,0.705954,,0.839526
openml.org/t/168910,fabert,RandomForest,9,0.825357,aws.docker,0.19.2,{'n_estimators': 2000},stable,2019-04-13T17:53:12,22.9,2000,3625305835,,0.692588,,0.825357
openml.org/t/168911,jasmine,RandomForest,0,0.881365,aws.docker,0.19.2,{'n_estimators': 2000},stable,2019-04-13T17:54:27,3.4,2000,3625305826,,0.816054,0.881365,
openml.org/t/168911,jasmine,RandomForest,1,0.895213,aws.docker,0.19.2,{'n_estimators': 2000},stable,2019-04-13T17:54:13,3.4,2000,3625305827,,0.812709,0.895213,
openml.org/t/168911,jasmine,RandomForest,2,0.921566,aws.docker,0.19.2,{'n_estimators': 2000},stable,2019-04-13T17:55:15,3.3,2000,3625305828,,0.849498,0.921566,
openml.org/t/168911,jasmine,RandomForest,3,0.870738,aws.docker,0.19.2,{'n_estimators': 2000},stable,2019-04-13T17:57:21,3.3,2000,3625305829,,0.832776,0.870738,
openml.org/t/168911,jasmine,RandomForest,4,0.889374,aws.docker,0.19.2,{'n_estimators': 2000},stable,2019-04-13T17:57:29,3.3,2000,3625305830,,0.795302,0.889374,
openml.org/t/168911,jasmine,RandomForest,5,0.885951,aws.docker,0.19.2,{'n_estimators': 2000},stable,2019-04-13T17:58:10,3.4,2000,3625305831,,0.812081,0.885951,
openml.org/t/168911,jasmine,RandomForest,6,0.892888,aws.docker,0.19.2,{'n_estimators': 2000},stable,2019-04-13T17:58:17,3.4,2000,3625305832,,0.838926,0.892888,
openml.org/t/168911,jasmine,RandomForest,7,0.863002,aws.docker,0.19.2,{'n_estimators': 2000},stable,2019-04-13T17:59:20,3.3,2000,3625305833,,0.802013,0.863002,
openml.org/t/168911,jasmine,RandomForest,8,0.893834,aws.docker,0.19.2,{'n_estimators': 2000},stable,2019-04-13T18:01:25,3.3,2000,3625305834,,0.83557,0.893834,
openml.org/t/168911,jasmine,RandomForest,9,0.888428,aws.docker,0.19.2,{'n_estimators': 2000},stable,2019-04-13T18:01:28,3.3,2000,3625305835,,0.812081,0.888428,
openml.org/t/3917,kc1,RandomForest,0,0.857978,aws.docker,0.19.2,{'n_estimators': 2000},stable,2019-04-13T18:02:16,3.0,2000,3625305826,,0.867299,0.857978,
openml.org/t/3917,kc1,RandomForest,1,0.815119,aws.docker,0.19.2,{'n_estimators': 2000},stable,2019-04-13T18:02:28,3.0,2000,3625305827,,0.872038,0.815119,
openml.org/t/3917,kc1,RandomForest,2,0.871072,aws.docker,0.19.2,{'n_estimators': 2000},stable,2019-04-13T18:03:24,3.0,2000,3625305828,,0.853081,0.871072,
openml.org/t/3917,kc1,RandomForest,3,0.846868,aws.docker,0.19.2,{'n_estimators': 2000},stable,2019-04-13T18:05:58,3.0,2000,3625305829,,0.853081,0.846868,
openml.org/t/3917,kc1,RandomForest,4,0.773238,aws.docker,0.19.2,{'n_estimators': 2000},stable,2019-04-13T18:05:29,3.0,2000,3625305830,,0.815166,0.773238,
openml.org/t/3917,kc1,RandomForest,5,0.811883,aws.docker,0.19.2,{'n_estimators': 2000},stable,2019-04-13T18:06:14,3.0,2000,3625305831,,0.853081,0.811883,
openml.org/t/3917,kc1,RandomForest,6,0.857678,aws.docker,0.19.2,{'n_estimators': 2000},stable,2019-04-13T18:06:24,3.0,2000,3625305832,,0.881517,0.857678,
openml.org/t/3917,kc1,RandomForest,7,0.84891,aws.docker,0.19.2,{'n_estimators': 2000},stable,2019-04-13T18:07:19,3.0,2000,3625305833,,0.862559,0.84891,
openml.org/t/3917,kc1,RandomForest,8,0.884406,aws.docker,0.19.2,{'n_estimators': 2000},stable,2019-04-13T18:09:38,3.0,2000,3625305834,,0.886256,0.884406,
openml.org/t/3917,kc1,RandomForest,9,0.791871,aws.docker,0.19.2,{'n_estimators': 2000},stable,2019-04-13T18:09:34,3.0,2000,3625305835,,0.857143,0.791871,
openml.org/t/3,kr-vs-kp,RandomForest,0,0.999491,aws.docker,0.19.2,{'n_estimators': 2000},stable,2019-04-13T18:10:13,2.9,2000,3625305826,,0.9875,0.999491,
openml.org/t/3,kr-vs-kp,RandomForest,1,0.998474,aws.docker,0.19.2,{'n_estimators': 2000},stable,2019-04-13T18:10:26,3.0,2000,3625305827,,0.9875,0.998474,
openml.org/t/3,kr-vs-kp,RandomForest,2,0.999217,aws.docker,0.19.2,{'n_estimators': 2000},stable,2019-04-13T18:11:31,3.0,2000,3625305828,,0.990625,0.999217,
openml.org/t/3,kr-vs-kp,RandomForest,3,1.0,aws.docker,0.19.2,{'n_estimators': 2000},stable,2019-04-13T18:13:39,2.9,2000,3625305829,,1.0,1.0,
openml.org/t/3,kr-vs-kp,RandomForest,4,1.0,aws.docker,0.19.2,{'n_estimators': 2000},stable,2019-04-13T18:13:38,3.0,2000,3625305830,,1.0,1.0,
openml.org/t/3,kr-vs-kp,RandomForest,5,1.0,aws.docker,0.19.2,{'n_estimators': 2000},stable,2019-04-13T18:14:33,3.0,2000,3625305831,,0.996875,1.0,
openml.org/t/3,kr-vs-kp,RandomForest,6,0.998898,aws.docker,0.19.2,{'n_estimators': 2000},stable,2019-04-13T18:14:27,3.0,2000,3625305832,,0.981191,0.998898,
openml.org/t/3,kr-vs-kp,RandomForest,7,0.996001,aws.docker,0.19.2,{'n_estimators': 2000},stable,2019-04-13T18:15:40,3.0,2000,3625305833,,0.984326,0.996001,
openml.org/t/3,kr-vs-kp,RandomForest,8,0.999567,aws.docker,0.19.2,{'n_estimators': 2000},stable,2019-04-13T18:17:39,3.0,2000,3625305834,,0.984326,0.999567,
openml.org/t/3,kr-vs-kp,RandomForest,9,0.999961,aws.docker,0.19.2,{'n_estimators': 2000},stable,2019-04-13T18:17:52,3.0,2000,3625305835,,0.99373,0.999961,
openml.org/t/12,mfeat-factors,RandomForest,0,0.238262,aws.docker,0.19.2,{'n_estimators': 2000},stable,2019-04-13T18:18:33,4.7,2000,3625305826,,0.97,,0.238262
openml.org/t/12,mfeat-factors,RandomForest,1,0.232545,aws.docker,0.19.2,{'n_estimators': 2000},stable,2019-04-13T18:18:45,4.8,2000,3625305827,,0.97,,0.232545
openml.org/t/12,mfeat-factors,RandomForest,2,0.21509,aws.docker,0.19.2,{'n_estimators': 2000},stable,2019-04-13T18:19:41,4.7,2000,3625305828,,0.98,,0.21509
openml.org/t/12,mfeat-factors,RandomForest,3,0.241532,aws.docker,0.19.2,{'n_estimators': 2000},stable,2019-04-13T18:21:49,4.7,2000,3625305829,,0.965,,0.241532
openml.org/t/12,mfeat-factors,RandomForest,4,0.28492,aws.docker,0.19.2,{'n_estimators': 2000},stable,2019-04-13T18:22:21,4.7,2000,3625305830,,0.95,,0.28492
openml.org/t/12,mfeat-factors,RandomForest,5,0.228593,aws.docker,0.19.2,{'n_estimators': 2000},stable,2019-04-13T18:22:37,4.8,2000,3625305831,,0.98,,0.228593
openml.org/t/12,mfeat-factors,RandomForest,6,0.227427,aws.docker,0.19.2,{'n_estimators': 2000},stable,2019-04-13T18:22:50,4.7,2000,3625305832,,0.98,,0.227427
openml.org/t/12,mfeat-factors,RandomForest,7,0.20734,aws.docker,0.19.2,{'n_estimators': 2000},stable,2019-04-13T18:23:43,4.7,2000,3625305833,,0.965,,0.20734
openml.org/t/12,mfeat-factors,RandomForest,8,0.228597,aws.docker,0.19.2,{'n_estimators': 2000},stable,2019-04-13T18:25:56,4.7,2000,3625305834,,0.975,,0.228597
openml.org/t/12,mfeat-factors,RandomForest,9,0.233916,aws.docker,0.19.2,{'n_estimators': 2000},stable,2019-04-13T18:25:56,4.6,2000,3625305835,,0.985,,0.233916
openml.org/t/9952,phoneme,RandomForest,0,0.964116,aws.docker,0.19.2,{'n_estimators': 2000},stable,2019-04-13T18:26:32,4.3,2000,3625305826,,0.909427,0.964116,
openml.org/t/9952,phoneme,RandomForest,1,0.975296,aws.docker,0.19.2,{'n_estimators': 2000},stable,2019-04-13T18:26:59,4.4,2000,3625305827,,0.926063,0.975296,
openml.org/t/9952,phoneme,RandomForest,2,0.95898,aws.docker,0.19.2,{'n_estimators': 2000},stable,2019-04-13T18:27:43,4.3,2000,3625305828,,0.900185,0.95898,
openml.org/t/9952,phoneme,RandomForest,3,0.959399,aws.docker,0.19.2,{'n_estimators': 2000},stable,2019-04-13T18:29:48,4.2,2000,3625305829,,0.89464,0.959399,
openml.org/t/9952,phoneme,RandomForest,4,0.949624,aws.docker,0.19.2,{'n_estimators': 2000},stable,2019-04-13T18:29:57,4.2,2000,3625305830,,0.907407,0.949624,
openml.org/t/9952,phoneme,RandomForest,5,0.974427,aws.docker,0.19.2,{'n_estimators': 2000},stable,2019-04-13T18:30:52,4.2,2000,3625305831,,0.931481,0.974427,
openml.org/t/9952,phoneme,RandomForest,6,0.980333,aws.docker,0.19.2,{'n_estimators': 2000},stable,2019-04-13T18:30:42,4.3,2000,3625305832,,0.933333,0.980333,
openml.org/t/9952,phoneme,RandomForest,7,0.968172,aws.docker,0.19.2,{'n_estimators': 2000},stable,2019-04-13T18:32:50,4.2,2000,3625305833,,0.92037,0.968172,
openml.org/t/9952,phoneme,RandomForest,8,0.956313,aws.docker,0.19.2,{'n_estimators': 2000},stable,2019-04-13T18:34:02,4.2,2000,3625305834,,0.896296,0.956313,
openml.org/t/9952,phoneme,RandomForest,9,0.966399,aws.docker,0.19.2,{'n_estimators': 2000},stable,2019-04-13T18:34:26,4.3,2000,3625305835,,0.92037,0.966399,
openml.org/t/146822,segment,RandomForest,0,0.0940375,aws.docker,0.19.2,{'n_estimators': 2000},stable,2019-04-13T18:34:49,3.1,2000,3625305826,,0.991342,,0.0940375
openml.org/t/146822,segment,RandomForest,1,0.10486,aws.docker,0.19.2,{'n_estimators': 2000},stable,2019-04-13T18:34:45,3.1,2000,3625305827,,0.978355,,0.10486
openml.org/t/146822,segment,RandomForest,2,0.0726381,aws.docker,0.19.2,{'n_estimators': 2000},stable,2019-04-13T18:37:08,3.1,2000,3625305828,,0.991342,,0.0726381
openml.org/t/146822,segment,RandomForest,3,0.0768536,aws.docker,0.19.2,{'n_estimators': 2000},stable,2019-04-13T18:37:57,3.1,2000,3625305829,,0.974026,,0.0768536
openml.org/t/146822,segment,RandomForest,4,0.053684,aws.docker,0.19.2,{'n_estimators': 2000},stable,2019-04-13T18:38:04,3.1,2000,3625305830,,0.995671,,0.053684
openml.org/t/146822,segment,RandomForest,5,0.0792412,aws.docker,0.19.2,{'n_estimators': 2000},stable,2019-04-13T18:38:52,3.1,2000,3625305831,,0.974026,,0.0792412
openml.org/t/146822,segment,RandomForest,6,0.0710157,aws.docker,0.19.2,{'n_estimators': 2000},stable,2019-04-13T18:38:49,3.1,2000,3625305832,,0.987013,,0.0710157
openml.org/t/146822,segment,RandomForest,7,0.125746,aws.docker,0.19.2,{'n_estimators': 2000},stable,2019-04-13T18:40:56,3.1,2000,3625305833,,0.95671,,0.125746
openml.org/t/146822,segment,RandomForest,8,0.0847807,aws.docker,0.19.2,{'n_estimators': 2000},stable,2019-04-13T18:42:08,3.1,2000,3625305834,,0.978355,,0.0847807
openml.org/t/146822,segment,RandomForest,9,0.0843866,aws.docker,0.19.2,{'n_estimators': 2000},stable,2019-04-13T18:42:19,3.1,2000,3625305835,,0.987013,,0.0843866
openml.org/t/168912,sylvine,RandomForest,0,0.97711,aws.docker,0.19.2,{'n_estimators': 2000},stable,2019-04-13T18:42:48,4.7,2000,3625305826,,0.927875,0.97711,
openml.org/t/168912,sylvine,RandomForest,1,0.988258,aws.docker,0.19.2,{'n_estimators': 2000},stable,2019-04-13T18:43:06,4.8,2000,3625305827,,0.939571,0.988258,
openml.org/t/168912,sylvine,RandomForest,2,0.985758,aws.docker,0.19.2,{'n_estimators': 2000},stable,2019-04-13T18:45:22,4.8,2000,3625305828,,0.947368,0.985758,
openml.org/t/168912,sylvine,RandomForest,3,0.985515,aws.docker,0.19.2,{'n_estimators': 2000},stable,2019-04-13T18:46:13,4.8,2000,3625305829,,0.94152,0.985515,
openml.org/t/168912,sylvine,RandomForest,4,0.984688,aws.docker,0.19.2,{'n_estimators': 2000},stable,2019-04-13T18:46:17,4.8,2000,3625305830,,0.9375,0.984688,
openml.org/t/168912,sylvine,RandomForest,5,0.978188,aws.docker,0.19.2,{'n_estimators': 2000},stable,2019-04-13T18:46:57,4.8,2000,3625305831,,0.931641,0.978188,
openml.org/t/168912,sylvine,RandomForest,6,0.981339,aws.docker,0.19.2,{'n_estimators': 2000},stable,2019-04-13T18:46:55,4.8,2000,3625305832,,0.9375,0.981339,
openml.org/t/168912,sylvine,RandomForest,7,0.980583,aws.docker,0.19.2,{'n_estimators': 2000},stable,2019-04-13T18:49:04,4.7,2000,3625305833,,0.933594,0.980583,
openml.org/t/168912,sylvine,RandomForest,8,0.986237,aws.docker,0.19.2,{'n_estimators': 2000},stable,2019-04-13T18:50:11,4.8,2000,3625305834,,0.941406,0.986237,
openml.org/t/168912,sylvine,RandomForest,9,0.986282,aws.docker,0.19.2,{'n_estimators': 2000},stable,2019-04-13T18:50:14,4.7,2000,3625305835,,0.931641,0.986282,
openml.org/t/53,vehicle,RandomForest,0,0.496892,aws.docker,0.19.2,{'n_estimators': 2000},stable,2019-04-13T18:51:01,2.8,2000,3625305826,,0.764706,,0.496892
openml.org/t/53,vehicle,RandomForest,1,0.498436,aws.docker,0.19.2,{'n_estimators': 2000},stable,2019-04-13T18:50:59,2.8,2000,3625305827,,0.752941,,0.498436
openml.org/t/53,vehicle,RandomForest,2,0.538065,aws.docker,0.19.2,{'n_estimators': 2000},stable,2019-04-13T18:53:10,2.8,2000,3625305828,,0.729412,,0.538065
openml.org/t/53,vehicle,RandomForest,3,0.454731,aws.docker,0.19.2,{'n_estimators': 2000},stable,2019-04-13T18:54:22,2.7,2000,3625305829,,0.776471,,0.454731
openml.org/t/53,vehicle,RandomForest,4,0.475131,aws.docker,0.19.2,{'n_estimators': 2000},stable,2019-04-13T18:54:16,2.8,2000,3625305830,,0.764706,,0.475131
openml.org/t/53,vehicle,RandomForest,5,0.501332,aws.docker,0.19.2,{'n_estimators': 2000},stable,2019-04-13T18:55:02,2.8,2000,3625305831,,0.741176,,0.501332
openml.org/t/53,vehicle,RandomForest,6,0.490412,aws.docker,0.19.2,{'n_estimators': 2000},stable,2019-04-13T18:55:24,2.8,2000,3625305832,,0.738095,,0.490412
openml.org/t/53,vehicle,RandomForest,7,0.461043,aws.docker,0.19.2,{'n_estimators': 2000},stable,2019-04-13T18:57:14,2.8,2000,3625305833,,0.809524,,0.461043
openml.org/t/53,vehicle,RandomForest,8,0.489348,aws.docker,0.19.2,{'n_estimators': 2000},stable,2019-04-13T18:58:16,2.8,2000,3625305834,,0.714286,,0.489348
openml.org/t/53,vehicle,RandomForest,9,0.567863,aws.docker,0.19.2,{'n_estimators': 2000},stable,2019-04-13T18:58:23,2.8,2000,3625305835,,0.702381,,0.567863
openml.org/t/146818,Australian,TunedRandomForest,0,0.934211,aws.docker,0.19.2,{'n_estimators': 2000},stable,2019-04-13T19:05:08,160.3,2000,1860680425,,0.884058,0.934211,
openml.org/t/146818,Australian,TunedRandomForest,2,0.899406,aws.docker,0.19.2,{'n_estimators': 2000},stable,2019-04-13T19:05:16,161.3,2000,1860680427,,0.84058,0.899406,
openml.org/t/146818,Australian,TunedRandomForest,3,0.931239,aws.docker,0.19.2,{'n_estimators': 2000},stable,2019-04-13T19:05:20,156.0,2000,1860680428,,0.826087,0.931239,
openml.org/t/146818,Australian,TunedRandomForest,1,0.908319,aws.docker,0.19.2,{'n_estimators': 2000},stable,2019-04-13T19:05:10,159.3,2000,1860680426,,0.884058,0.908319,
openml.org/t/146818,Australian,TunedRandomForest,4,0.949066,aws.docker,0.19.2,{'n_estimators': 2000},stable,2019-04-13T19:05:23,157.6,2000,1860680429,,0.884058,0.949066,
openml.org/t/146818,Australian,TunedRandomForest,5,0.976231,aws.docker,0.19.2,{'n_estimators': 2000},stable,2019-04-13T19:11:38,160.0,2000,1860680430,,0.869565,0.976231,
openml.org/t/146818,Australian,TunedRandomForest,6,0.914686,aws.docker,0.19.2,{'n_estimators': 2000},stable,2019-04-13T19:11:33,159.5,2000,1860680431,,0.869565,0.914686,
openml.org/t/146818,Australian,TunedRandomForest,7,0.940171,aws.docker,0.19.2,{'n_estimators': 2000},stable,2019-04-13T19:11:38,160.9,2000,1860680432,,0.884058,0.940171,
openml.org/t/146818,Australian,TunedRandomForest,8,0.95641,aws.docker,0.19.2,{'n_estimators': 2000},stable,2019-04-13T19:12:35,159.9,2000,1860680433,,0.869565,0.95641,
openml.org/t/146818,Australian,TunedRandomForest,9,0.905556,aws.docker,0.19.2,{'n_estimators': 2000},stable,2019-04-13T19:12:36,159.7,2000,1860680434,,0.797101,0.905556,
openml.org/t/10101,blood-transfusion,TunedRandomForest,0,0.750975,aws.docker,0.19.2,{'n_estimators': 2000},stable,2019-04-13T19:16:42,66.4,2000,1860680425,,0.746667,0.750975,
openml.org/t/10101,blood-transfusion,TunedRandomForest,1,0.70809,aws.docker,0.19.2,{'n_estimators': 2000},stable,2019-04-13T19:16:52,66.8,2000,1860680426,,0.733333,0.70809,
openml.org/t/10101,blood-transfusion,TunedRandomForest,2,0.620858,aws.docker,0.19.2,{'n_estimators': 2000},stable,2019-04-13T19:17:17,66.3,2000,1860680427,,0.733333,0.620858,
openml.org/t/10101,blood-transfusion,TunedRandomForest,3,0.675926,aws.docker,0.19.2,{'n_estimators': 2000},stable,2019-04-13T19:17:45,66.5,2000,1860680428,,0.733333,0.675926,
openml.org/t/10101,blood-transfusion,TunedRandomForest,4,0.812865,aws.docker,0.19.2,{'n_estimators': 2000},stable,2019-04-13T19:18:04,67.0,2000,1860680429,,0.826667,0.812865,
openml.org/t/10101,blood-transfusion,TunedRandomForest,5,0.631092,aws.docker,0.19.2,{'n_estimators': 2000},stable,2019-04-13T19:21:48,64.9,2000,1860680430,,0.706667,0.631092,
openml.org/t/10101,blood-transfusion,TunedRandomForest,6,0.682261,aws.docker,0.19.2,{'n_estimators': 2000},stable,2019-04-13T19:21:55,65.8,2000,1860680431,,0.72,0.682261,
openml.org/t/10101,blood-transfusion,TunedRandomForest,7,0.626218,aws.docker,0.19.2,{'n_estimators': 2000},stable,2019-04-13T19:22:27,66.4,2000,1860680432,,0.76,0.626218,
openml.org/t/10101,blood-transfusion,TunedRandomForest,8,0.731166,aws.docker,0.19.2,{'n_estimators': 2000},stable,2019-04-13T19:23:16,66.8,2000,1860680433,,0.824324,0.731166,
openml.org/t/10101,blood-transfusion,TunedRandomForest,9,0.630031,aws.docker,0.19.2,{'n_estimators': 2000},stable,2019-04-13T19:23:15,66.8,2000,1860680434,,0.702703,0.630031,
openml.org/t/146821,car,TunedRandomForest,1,0.0435996,aws.docker,0.19.2,{'n_estimators': 2000},stable,2019-04-13T19:27:37,102.9,2000,1860680426,,0.982659,,0.0435996
openml.org/t/146821,car,TunedRandomForest,0,0.0541296,aws.docker,0.19.2,{'n_estimators': 2000},stable,2019-04-13T19:27:36,102.8,2000,1860680425,,0.982659,,0.0541296
openml.org/t/146821,car,TunedRandomForest,3,0.0408881,aws.docker,0.19.2,{'n_estimators': 2000},stable,2019-04-13T19:28:30,103.1,2000,1860680428,,0.988439,,0.0408881
openml.org/t/146821,car,TunedRandomForest,2,0.041673,aws.docker,0.19.2,{'n_estimators': 2000},stable,2019-04-13T19:27:44,102.0,2000,1860680427,,0.982659,,0.041673
openml.org/t/146821,car,TunedRandomForest,4,0.0379411,aws.docker,0.19.2,{'n_estimators': 2000},stable,2019-04-13T19:28:49,102.5,2000,1860680429,,1.0,,0.0379411
openml.org/t/146821,car,TunedRandomForest,5,0.0657653,aws.docker,0.19.2,{'n_estimators': 2000},stable,2019-04-13T19:32:45,103.1,2000,1860680430,,0.965318,,0.0657653
openml.org/t/146821,car,TunedRandomForest,6,0.0399481,aws.docker,0.19.2,{'n_estimators': 2000},stable,2019-04-13T19:33:38,103.3,2000,1860680431,,0.99422,,0.0399481
openml.org/t/146821,car,TunedRandomForest,7,0.0718038,aws.docker,0.19.2,{'n_estimators': 2000},stable,2019-04-13T19:33:50,102.5,2000,1860680432,,0.953757,,0.0718038
openml.org/t/146821,car,TunedRandomForest,8,0.0402329,aws.docker,0.19.2,{'n_estimators': 2000},stable,2019-04-13T19:33:47,102.6,2000,1860680433,,0.988372,,0.0402329
openml.org/t/146821,car,TunedRandomForest,9,0.0380645,aws.docker,0.19.2,{'n_estimators': 2000},stable,2019-04-13T19:35:22,102.4,2000,1860680434,,0.982558,,0.0380645
openml.org/t/168908,christine,TunedRandomForest,2,0.813946,aws.docker,0.19.2,{'n_estimators': 2000},stable,2019-04-13T23:09:35,12647.5,2000,1860680427,,0.741697,0.813946,
openml.org/t/168908,christine,TunedRandomForest,1,0.81912,aws.docker,0.19.2,{'n_estimators': 2000},stable,2019-04-13T23:09:36,12641.0,2000,1860680426,,0.739852,0.81912,
openml.org/t/168908,christine,TunedRandomForest,0,0.827092,aws.docker,0.19.2,{'n_estimators': 2000},stable,2019-04-13T23:08:53,12638.9,2000,1860680425,,0.730627,0.827092,
openml.org/t/168908,christine,TunedRandomForest,3,0.804598,aws.docker,0.19.2,{'n_estimators': 2000},stable,2019-04-13T23:09:46,12648.3,2000,1860680428,,0.728782,0.804598,
openml.org/t/168908,christine,TunedRandomForest,4,0.801834,aws.docker,0.19.2,{'n_estimators': 2000},stable,2019-04-13T23:10:48,12639.1,2000,1860680429,,0.704797,0.801834,
openml.org/t/168908,christine,TunedRandomForest,6,0.813129,aws.docker,0.19.2,{'n_estimators': 2000},stable,2019-04-14T02:44:44,12636.6,2000,1860680431,,0.750923,0.813129,
openml.org/t/168908,christine,TunedRandomForest,5,0.816799,aws.docker,0.19.2,{'n_estimators': 2000},stable,2019-04-14T02:44:40,12641.1,2000,1860680430,,0.738007,0.816799,
openml.org/t/168908,christine,TunedRandomForest,7,0.814171,aws.docker,0.19.2,{'n_estimators': 2000},stable,2019-04-14T02:44:47,12640.7,2000,1860680432,,0.726937,0.814171,
openml.org/t/168908,christine,TunedRandomForest,8,0.801585,aws.docker,0.19.2,{'n_estimators': 2000},stable,2019-04-14T02:46:12,12646.9,2000,1860680433,,0.720887,0.801585,
openml.org/t/168908,christine,TunedRandomForest,9,0.779295,aws.docker,0.19.2,{'n_estimators': 2000},stable,2019-04-14T02:45:54,12639.5,2000,1860680434,,0.707948,0.779295,
openml.org/t/9981,cnae-9,TunedRandomForest,0,0.276778,aws.docker,0.19.2,{'n_estimators': 2000},stable,2019-04-14T02:52:46,228.0,2000,1860680425,,0.916667,,0.276778
openml.org/t/9981,cnae-9,TunedRandomForest,1,0.453011,aws.docker,0.19.2,{'n_estimators': 2000},stable,2019-04-14T02:52:51,226.5,2000,1860680426,,0.851852,,0.453011
openml.org/t/9981,cnae-9,TunedRandomForest,2,0.219407,aws.docker,0.19.2,{'n_estimators': 2000},stable,2019-04-14T02:53:07,228.5,2000,1860680427,,0.916667,,0.219407
openml.org/t/9981,cnae-9,TunedRandomForest,3,0.352019,aws.docker,0.19.2,{'n_estimators': 2000},stable,2019-04-14T02:53:42,226.6,2000,1860680428,,0.888889,,0.352019
openml.org/t/9981,cnae-9,TunedRandomForest,4,0.28921,aws.docker,0.19.2,{'n_estimators': 2000},stable,2019-04-14T02:53:56,228.0,2000,1860680429,,0.925926,,0.28921
openml.org/t/9981,cnae-9,TunedRandomForest,5,0.286194,aws.docker,0.19.2,{'n_estimators': 2000},stable,2019-04-14T03:00:47,227.6,2000,1860680430,,0.944444,,0.286194
openml.org/t/9981,cnae-9,TunedRandomForest,6,0.281269,aws.docker,0.19.2,{'n_estimators': 2000},stable,2019-04-14T03:00:50,227.2,2000,1860680431,,0.944444,,0.281269
openml.org/t/9981,cnae-9,TunedRandomForest,7,0.311837,aws.docker,0.19.2,{'n_estimators': 2000},stable,2019-04-14T03:00:58,227.3,2000,1860680432,,0.851852,,0.311837
openml.org/t/9981,cnae-9,TunedRandomForest,8,0.282473,aws.docker,0.19.2,{'n_estimators': 2000},stable,2019-04-14T03:01:46,226.4,2000,1860680433,,0.916667,,0.282473
openml.org/t/9981,cnae-9,TunedRandomForest,9,0.230831,aws.docker,0.19.2,{'n_estimators': 2000},stable,2019-04-14T03:02:21,228.6,2000,1860680434,,0.916667,,0.230831
openml.org/t/31,credit-g,TunedRandomForest,0,0.860238,aws.docker,0.19.2,{'n_estimators': 2000},stable,2019-04-14T03:08:11,174.3,2000,1860680425,,0.75,0.860238,
openml.org/t/31,credit-g,TunedRandomForest,1,0.776905,aws.docker,0.19.2,{'n_estimators': 2000},stable,2019-04-14T03:08:13,174.3,2000,1860680426,,0.74,0.776905,
openml.org/t/31,credit-g,TunedRandomForest,2,0.758333,aws.docker,0.19.2,{'n_estimators': 2000},stable,2019-04-14T03:08:13,173.9,2000,1860680427,,0.75,0.758333,
openml.org/t/31,credit-g,TunedRandomForest,3,0.766667,aws.docker,0.19.2,{'n_estimators': 2000},stable,2019-04-14T03:09:08,176.7,2000,1860680428,,0.77,0.766667,
openml.org/t/31,credit-g,TunedRandomForest,4,0.76881,aws.docker,0.19.2,{'n_estimators': 2000},stable,2019-04-14T03:09:19,174.1,2000,1860680429,,0.7,0.76881,
openml.org/t/31,credit-g,TunedRandomForest,5,0.830714,aws.docker,0.19.2,{'n_estimators': 2000},stable,2019-04-14T03:15:10,174.9,2000,1860680430,,0.76,0.830714,
openml.org/t/31,credit-g,TunedRandomForest,6,0.814286,aws.docker,0.19.2,{'n_estimators': 2000},stable,2019-04-14T03:15:13,173.5,2000,1860680431,,0.75,0.814286,
openml.org/t/31,credit-g,TunedRandomForest,7,0.816905,aws.docker,0.19.2,{'n_estimators': 2000},stable,2019-04-14T03:15:16,174.5,2000,1860680432,,0.75,0.816905,
openml.org/t/31,credit-g,TunedRandomForest,8,0.750714,aws.docker,0.19.2,{'n_estimators': 2000},stable,2019-04-14T03:16:25,175.5,2000,1860680433,,0.73,0.750714,
openml.org/t/31,credit-g,TunedRandomForest,9,0.789286,aws.docker,0.19.2,{'n_estimators': 2000},stable,2019-04-14T03:16:12,173.6,2000,1860680434,,0.73,0.789286,
openml.org/t/168909,dilbert,TunedRandomForest,1,0.29939,aws.docker,0.19.2,{'n_estimators': 2000},stable,2019-04-14T07:05:22,13430.5,2000,1860680426,,0.969,,0.29939
openml.org/t/168909,dilbert,TunedRandomForest,2,0.312409,aws.docker,0.19.2,{'n_estimators': 2000},stable,2019-04-14T07:05:21,13430.3,2000,1860680427,,0.958,,0.312409
openml.org/t/168909,dilbert,TunedRandomForest,0,0.314222,aws.docker,0.19.2,{'n_estimators': 2000},stable,2019-04-14T07:05:36,13447.3,2000,1860680425,,0.967,,0.314222
openml.org/t/168909,dilbert,TunedRandomForest,4,0.294652,aws.docker,0.19.2,{'n_estimators': 2000},stable,2019-04-14T07:06:04,13413.6,2000,1860680429,,0.97,,0.294652
openml.org/t/168909,dilbert,TunedRandomForest,3,0.300676,aws.docker,0.19.2,{'n_estimators': 2000},stable,2019-04-14T07:06:24,13441.0,2000,1860680428,,0.976,,0.300676
openml.org/t/168909,dilbert,TunedRandomForest,5,0.296534,aws.docker,0.19.2,{'n_estimators': 2000},stable,2019-04-14T10:55:08,13443.9,2000,1860680430,,0.975,,0.296534
openml.org/t/168909,dilbert,TunedRandomForest,6,0.300578,aws.docker,0.19.2,{'n_estimators': 2000},stable,2019-04-14T10:55:08,13430.7,2000,1860680431,,0.971,,0.300578
openml.org/t/168909,dilbert,TunedRandomForest,8,0.288817,aws.docker,0.19.2,{'n_estimators': 2000},stable,2019-04-14T10:56:15,13436.7,2000,1860680433,,0.967,,0.288817
openml.org/t/168909,dilbert,TunedRandomForest,7,0.312599,aws.docker,0.19.2,{'n_estimators': 2000},stable,2019-04-14T10:56:49,13444.8,2000,1860680432,,0.972,,0.312599
openml.org/t/168909,dilbert,TunedRandomForest,9,0.292269,aws.docker,0.19.2,{'n_estimators': 2000},stable,2019-04-14T10:57:20,13450.3,2000,1860680434,,0.975,,0.292269
openml.org/t/168910,fabert,TunedRandomForest,0,0.770338,aws.docker,0.19.2,{'n_estimators': 2000},stable,2019-04-14T14:23:41,12264.2,2000,1860680425,,0.709951,,0.770338
openml.org/t/168910,fabert,TunedRandomForest,1,0.790852,aws.docker,0.19.2,{'n_estimators': 2000},stable,2019-04-14T14:23:51,12265.7,2000,1860680426,,0.722087,,0.790852
openml.org/t/168910,fabert,TunedRandomForest,2,0.79378,aws.docker,0.19.2,{'n_estimators': 2000},stable,2019-04-14T14:24:47,12263.4,2000,1860680427,,0.711165,,0.79378
openml.org/t/168910,fabert,TunedRandomForest,4,0.809278,aws.docker,0.19.2,{'n_estimators': 2000},stable,2019-04-14T14:25:49,12263.9,2000,1860680429,,0.714806,,0.809278
openml.org/t/168910,fabert,TunedRandomForest,3,0.809238,aws.docker,0.19.2,{'n_estimators': 2000},stable,2019-04-14T14:25:48,12264.6,2000,1860680428,,0.705097,,0.809238
openml.org/t/168910,fabert,TunedRandomForest,5,0.767482,aws.docker,0.19.2,{'n_estimators': 2000},stable,2019-04-14T17:52:31,12265.7,2000,1860680430,,0.731796,,0.767482
openml.org/t/168910,fabert,TunedRandomForest,6,0.822698,aws.docker,0.19.2,{'n_estimators': 2000},stable,2019-04-14T17:52:25,12264.2,2000,1860680431,,0.695388,,0.822698
openml.org/t/168910,fabert,TunedRandomForest,7,0.819238,aws.docker,0.19.2,{'n_estimators': 2000},stable,2019-04-14T17:53:33,12264.6,2000,1860680432,,0.682868,,0.819238
openml.org/t/168910,fabert,TunedRandomForest,8,0.872448,aws.docker,0.19.2,{'n_estimators': 2000},stable,2019-04-14T17:54:37,12263.6,2000,1860680433,,0.701094,,0.872448
openml.org/t/168910,fabert,TunedRandomForest,9,0.826297,aws.docker,0.19.2,{'n_estimators': 2000},stable,2019-04-14T17:54:45,12264.7,2000,1860680434,,0.696233,,0.826297
openml.org/t/168911,jasmine,TunedRandomForest,1,0.895302,aws.docker,0.19.2,{'n_estimators': 2000},stable,2019-04-14T18:00:48,270.1,2000,1860680426,,0.816054,0.895302,
openml.org/t/168911,jasmine,TunedRandomForest,0,0.88443,aws.docker,0.19.2,{'n_estimators': 2000},stable,2019-04-14T18:00:44,267.9,2000,1860680425,,0.816054,0.88443,
openml.org/t/168911,jasmine,TunedRandomForest,2,0.92264,aws.docker,0.19.2,{'n_estimators': 2000},stable,2019-04-14T18:01:49,267.3,2000,1860680427,,0.846154,0.92264,
openml.org/t/168911,jasmine,TunedRandomForest,3,0.869575,aws.docker,0.19.2,{'n_estimators': 2000},stable,2019-04-14T18:02:42,262.2,2000,1860680428,,0.822742,0.869575,
openml.org/t/168911,jasmine,TunedRandomForest,4,0.891581,aws.docker,0.19.2,{'n_estimators': 2000},stable,2019-04-14T18:03:03,267.4,2000,1860680429,,0.791946,0.891581,
openml.org/t/168911,jasmine,TunedRandomForest,5,0.887145,aws.docker,0.19.2,{'n_estimators': 2000},stable,2019-04-14T18:08:50,262.7,2000,1860680430,,0.795302,0.887145,
openml.org/t/168911,jasmine,TunedRandomForest,6,0.891041,aws.docker,0.19.2,{'n_estimators': 2000},stable,2019-04-14T18:09:07,269.4,2000,1860680431,,0.825503,0.891041,
openml.org/t/168911,jasmine,TunedRandomForest,7,0.863452,aws.docker,0.19.2,{'n_estimators': 2000},stable,2019-04-14T18:10:00,267.3,2000,1860680432,,0.798658,0.863452,
openml.org/t/168911,jasmine,TunedRandomForest,8,0.896086,aws.docker,0.19.2,{'n_estimators': 2000},stable,2019-04-14T18:10:57,268.5,2000,1860680433,,0.83557,0.896086,
openml.org/t/168911,jasmine,TunedRandomForest,9,0.887505,aws.docker,0.19.2,{'n_estimators': 2000},stable,2019-04-14T18:11:05,268.0,2000,1860680434,,0.808725,0.887505,
openml.org/t/3917,kc1,TunedRandomForest,0,0.856058,aws.docker,0.19.2,{'n_estimators': 2000},stable,2019-04-14T18:15:44,200.6,2000,1860680425,,0.872038,0.856058,
openml.org/t/3917,kc1,TunedRandomForest,2,0.881896,aws.docker,0.19.2,{'n_estimators': 2000},stable,2019-04-14T18:16:54,203.5,2000,1860680427,,0.853081,0.881896,
openml.org/t/3917,kc1,TunedRandomForest,1,0.820182,aws.docker,0.19.2,{'n_estimators': 2000},stable,2019-04-14T18:16:49,203.1,2000,1860680426,,0.881517,0.820182,
openml.org/t/3917,kc1,TunedRandomForest,3,0.847378,aws.docker,0.19.2,{'n_estimators': 2000},stable,2019-04-14T18:17:51,203.0,2000,1860680428,,0.85782,0.847378,
openml.org/t/3917,kc1,TunedRandomForest,4,0.779537,aws.docker,0.19.2,{'n_estimators': 2000},stable,2019-04-14T18:18:07,204.4,2000,1860680429,,0.838863,0.779537,
openml.org/t/3917,kc1,TunedRandomForest,5,0.818352,aws.docker,0.19.2,{'n_estimators': 2000},stable,2019-04-14T18:22:50,198.2,2000,1860680430,,0.85782,0.818352,
openml.org/t/3917,kc1,TunedRandomForest,6,0.858955,aws.docker,0.19.2,{'n_estimators': 2000},stable,2019-04-14T18:23:51,201.5,2000,1860680431,,0.886256,0.858955,
openml.org/t/3917,kc1,TunedRandomForest,7,0.860232,aws.docker,0.19.2,{'n_estimators': 2000},stable,2019-04-14T18:23:51,203.8,2000,1860680432,,0.853081,0.860232,
openml.org/t/3917,kc1,TunedRandomForest,9,0.79231,aws.docker,0.19.2,{'n_estimators': 2000},stable,2019-04-14T18:25:06,204.1,2000,1860680434,,0.871429,0.79231,
openml.org/t/3917,kc1,TunedRandomForest,8,0.890194,aws.docker,0.19.2,{'n_estimators': 2000},stable,2019-04-14T18:25:25,203.9,2000,1860680433,,0.881517,0.890194,
openml.org/t/3,kr-vs-kp,TunedRandomForest,0,0.999804,aws.docker,0.19.2,{'n_estimators': 2000},stable,2019-04-14T18:29:45,194.0,2000,1860680425,,0.99375,0.999804,
openml.org/t/3,kr-vs-kp,TunedRandomForest,1,0.999961,aws.docker,0.19.2,{'n_estimators': 2000},stable,2019-04-14T18:30:52,193.5,2000,1860680426,,0.990625,0.999961,
openml.org/t/3,kr-vs-kp,TunedRandomForest,2,0.999726,aws.docker,0.19.2,{'n_estimators': 2000},stable,2019-04-14T18:30:55,193.0,2000,1860680427,,0.996875,0.999726,
openml.org/t/3,kr-vs-kp,TunedRandomForest,3,1.0,aws.docker,0.19.2,{'n_estimators': 2000},stable,2019-04-14T18:32:16,194.3,2000,1860680428,,1.0,1.0,
openml.org/t/3,kr-vs-kp,TunedRandomForest,4,1.0,aws.docker,0.19.2,{'n_estimators': 2000},stable,2019-04-14T18:32:51,191.1,2000,1860680429,,1.0,1.0,
openml.org/t/3,kr-vs-kp,TunedRandomForest,5,1.0,aws.docker,0.19.2,{'n_estimators': 2000},stable,2019-04-14T18:37:03,195.9,2000,1860680430,,1.0,1.0,
openml.org/t/3,kr-vs-kp,TunedRandomForest,6,0.999961,aws.docker,0.19.2,{'n_estimators': 2000},stable,2019-04-14T18:38:03,195.8,2000,1860680431,,0.99373,0.999961,
openml.org/t/3,kr-vs-kp,TunedRandomForest,7,0.997498,aws.docker,0.19.2,{'n_estimators': 2000},stable,2019-04-14T18:38:27,193.4,2000,1860680432,,0.984326,0.997498,
openml.org/t/3,kr-vs-kp,TunedRandomForest,8,1.0,aws.docker,0.19.2,{'n_estimators': 2000},stable,2019-04-14T18:39:15,194.7,2000,1860680433,,0.996865,1.0,
openml.org/t/3,kr-vs-kp,TunedRandomForest,9,1.0,aws.docker,0.19.2,{'n_estimators': 2000},stable,2019-04-14T18:40:16,188.6,2000,1860680434,,0.996865,1.0,
openml.org/t/12,mfeat-factors,TunedRandomForest,0,0.19887,aws.docker,0.19.2,{'n_estimators': 2000},stable,2019-04-14T18:51:49,656.9,2000,1860680425,,0.97,,0.19887
openml.org/t/12,mfeat-factors,TunedRandomForest,2,0.184711,aws.docker,0.19.2,{'n_estimators': 2000},stable,2019-04-14T18:53:15,667.9,2000,1860680427,,0.965,,0.184711
openml.org/t/12,mfeat-factors,TunedRandomForest,1,0.216276,aws.docker,0.19.2,{'n_estimators': 2000},stable,2019-04-14T18:53:04,674.8,2000,1860680426,,0.945,,0.216276
openml.org/t/12,mfeat-factors,TunedRandomForest,3,0.207779,aws.docker,0.19.2,{'n_estimators': 2000},stable,2019-04-14T18:54:16,671.3,2000,1860680428,,0.965,,0.207779
openml.org/t/12,mfeat-factors,TunedRandomForest,4,0.403892,aws.docker,0.19.2,{'n_estimators': 2000},stable,2019-04-14T18:54:55,661.8,2000,1860680429,,0.94,,0.403892
openml.org/t/12,mfeat-factors,TunedRandomForest,5,0.190473,aws.docker,0.19.2,{'n_estimators': 2000},stable,2019-04-14T19:07:13,676.5,2000,1860680430,,0.965,,0.190473
openml.org/t/12,mfeat-factors,TunedRandomForest,6,0.205531,aws.docker,0.19.2,{'n_estimators': 2000},stable,2019-04-14T19:07:51,646.3,2000,1860680431,,0.965,,0.205531
openml.org/t/12,mfeat-factors,TunedRandomForest,7,0.164622,aws.docker,0.19.2,{'n_estimators': 2000},stable,2019-04-14T19:08:04,666.9,2000,1860680432,,0.975,,0.164622
openml.org/t/12,mfeat-factors,TunedRandomForest,8,0.185707,aws.docker,0.19.2,{'n_estimators': 2000},stable,2019-04-14T19:09:17,664.2,2000,1860680433,,0.96,,0.185707
openml.org/t/12,mfeat-factors,TunedRandomForest,9,0.199702,aws.docker,0.19.2,{'n_estimators': 2000},stable,2019-04-14T19:10:10,664.0,2000,1860680434,,0.95,,0.199702
openml.org/t/9952,phoneme,TunedRandomForest,0,0.96461,aws.docker,0.19.2,{'n_estimators': 2000},stable,2019-04-14T19:13:11,121.8,2000,1860680425,,0.907579,0.96461,
openml.org/t/9952,phoneme,TunedRandomForest,1,0.97625,aws.docker,0.19.2,{'n_estimators': 2000},stable,2019-04-14T19:14:15,121.7,2000,1860680426,,0.918669,0.97625,
openml.org/t/9952,phoneme,TunedRandomForest,2,0.960256,aws.docker,0.19.2,{'n_estimators': 2000},stable,2019-04-14T19:14:15,122.9,2000,1860680427,,0.89464,0.960256,
openml.org/t/9952,phoneme,TunedRandomForest,4,0.95104,aws.docker,0.19.2,{'n_estimators': 2000},stable,2019-04-14T19:16:16,121.4,2000,1860680429,,0.898148,0.95104,
openml.org/t/9952,phoneme,TunedRandomForest,3,0.960305,aws.docker,0.19.2,{'n_estimators': 2000},stable,2019-04-14T19:16:04,121.7,2000,1860680428,,0.896488,0.960305,
openml.org/t/9952,phoneme,TunedRandomForest,5,0.97325,aws.docker,0.19.2,{'n_estimators': 2000},stable,2019-04-14T19:19:31,121.6,2000,1860680430,,0.927778,0.97325,
openml.org/t/9952,phoneme,TunedRandomForest,6,0.980002,aws.docker,0.19.2,{'n_estimators': 2000},stable,2019-04-14T19:20:17,122.1,2000,1860680431,,0.937037,0.980002,
openml.org/t/9952,phoneme,TunedRandomForest,7,0.966764,aws.docker,0.19.2,{'n_estimators': 2000},stable,2019-04-14T19:20:20,122.2,2000,1860680432,,0.914815,0.966764,
openml.org/t/9952,phoneme,TunedRandomForest,8,0.956982,aws.docker,0.19.2,{'n_estimators': 2000},stable,2019-04-14T19:22:19,122.9,2000,1860680433,,0.898148,0.956982,
openml.org/t/9952,phoneme,TunedRandomForest,9,0.965549,aws.docker,0.19.2,{'n_estimators': 2000},stable,2019-04-14T19:22:28,122.2,2000,1860680434,,0.918519,0.965549,
openml.org/t/146822,segment,TunedRandomForest,0,0.077522,aws.docker,0.19.2,{'n_estimators': 2000},stable,2019-04-14T19:26:57,208.3,2000,1860680425,,0.987013,,0.077522
openml.org/t/146822,segment,TunedRandomForest,2,0.0506616,aws.docker,0.19.2,{'n_estimators': 2000},stable,2019-04-14T19:27:49,210.3,2000,1860680427,,0.995671,,0.0506616
openml.org/t/146822,segment,TunedRandomForest,1,0.0899212,aws.docker,0.19.2,{'n_estimators': 2000},stable,2019-04-14T19:27:52,208.5,2000,1860680426,,0.982684,,0.0899212
openml.org/t/146822,segment,TunedRandomForest,3,0.062686,aws.docker,0.19.2,{'n_estimators': 2000},stable,2019-04-14T19:29:51,209.1,2000,1860680428,,0.978355,,0.062686
openml.org/t/146822,segment,TunedRandomForest,4,0.03657,aws.docker,0.19.2,{'n_estimators': 2000},stable,2019-04-14T19:30:00,208.4,2000,1860680429,,0.995671,,0.03657
openml.org/t/146822,segment,TunedRandomForest,5,0.0629419,aws.docker,0.19.2,{'n_estimators': 2000},stable,2019-04-14T19:33:48,208.7,2000,1860680430,,0.969697,,0.0629419
openml.org/t/146822,segment,TunedRandomForest,6,0.0616197,aws.docker,0.19.2,{'n_estimators': 2000},stable,2019-04-14T19:34:49,209.5,2000,1860680431,,0.982684,,0.0616197
openml.org/t/146822,segment,TunedRandomForest,7,0.118429,aws.docker,0.19.2,{'n_estimators': 2000},stable,2019-04-14T19:34:49,208.7,2000,1860680432,,0.95671,,0.118429
openml.org/t/146822,segment,TunedRandomForest,8,0.0706055,aws.docker,0.19.2,{'n_estimators': 2000},stable,2019-04-14T19:36:54,208.6,2000,1860680433,,0.978355,,0.0706055
openml.org/t/146822,segment,TunedRandomForest,9,0.0654449,aws.docker,0.19.2,{'n_estimators': 2000},stable,2019-04-14T19:37:07,208.6,2000,1860680434,,0.987013,,0.0654449
openml.org/t/168912,sylvine,TunedRandomForest,0,0.978462,aws.docker,0.19.2,{'n_estimators': 2000},stable,2019-04-14T19:43:50,377.6,2000,1860680425,,0.931774,0.978462,
openml.org/t/168912,sylvine,TunedRandomForest,1,0.987711,aws.docker,0.19.2,{'n_estimators': 2000},stable,2019-04-14T19:44:47,378.1,2000,1860680426,,0.947368,0.987711,
openml.org/t/168912,sylvine,TunedRandomForest,2,0.985697,aws.docker,0.19.2,{'n_estimators': 2000},stable,2019-04-14T19:44:52,382.9,2000,1860680427,,0.947368,0.985697,
openml.org/t/168912,sylvine,TunedRandomForest,3,0.986032,aws.docker,0.19.2,{'n_estimators': 2000},stable,2019-04-14T19:46:55,381.1,2000,1860680428,,0.937622,0.986032,
openml.org/t/168912,sylvine,TunedRandomForest,4,0.98587,aws.docker,0.19.2,{'n_estimators': 2000},stable,2019-04-14T19:47:19,382.2,2000,1860680429,,0.947266,0.98587,
openml.org/t/168912,sylvine,TunedRandomForest,5,0.978722,aws.docker,0.19.2,{'n_estimators': 2000},stable,2019-04-14T19:53:57,380.7,2000,1860680430,,0.9375,0.978722,
openml.org/t/168912,sylvine,TunedRandomForest,6,0.982101,aws.docker,0.19.2,{'n_estimators': 2000},stable,2019-04-14T19:54:56,380.3,2000,1860680431,,0.943359,0.982101,
openml.org/t/168912,sylvine,TunedRandomForest,7,0.980743,aws.docker,0.19.2,{'n_estimators': 2000},stable,2019-04-14T19:54:59,375.7,2000,1860680432,,0.935547,0.980743,
openml.org/t/168912,sylvine,TunedRandomForest,8,0.987198,aws.docker,0.19.2,{'n_estimators': 2000},stable,2019-04-14T19:57:05,381.1,2000,1860680433,,0.951172,0.987198,
openml.org/t/168912,sylvine,TunedRandomForest,9,0.987206,aws.docker,0.19.2,{'n_estimators': 2000},stable,2019-04-14T19:57:20,382.6,2000,1860680434,,0.941406,0.987206,
openml.org/t/53,vehicle,TunedRandomForest,0,0.468095,aws.docker,0.19.2,{'n_estimators': 2000},stable,2019-04-14T20:00:46,182.9,2000,1860680425,,0.8,,0.468095
openml.org/t/53,vehicle,TunedRandomForest,2,0.523589,aws.docker,0.19.2,{'n_estimators': 2000},stable,2019-04-14T20:01:46,181.8,2000,1860680427,,0.682353,,0.523589
openml.org/t/53,vehicle,TunedRandomForest,1,0.502584,aws.docker,0.19.2,{'n_estimators': 2000},stable,2019-04-14T20:01:46,184.0,2000,1860680426,,0.752941,,0.502584
openml.org/t/53,vehicle,TunedRandomForest,3,0.4269,aws.docker,0.19.2,{'n_estimators': 2000},stable,2019-04-14T20:03:43,182.7,2000,1860680428,,0.776471,,0.4269
openml.org/t/53,vehicle,TunedRandomForest,4,0.460143,aws.docker,0.19.2,{'n_estimators': 2000},stable,2019-04-14T20:04:10,182.7,2000,1860680429,,0.788235,,0.460143
openml.org/t/53,vehicle,TunedRandomForest,5,0.489606,aws.docker,0.19.2,{'n_estimators': 2000},stable,2019-04-14T20:07:52,182.5,2000,1860680430,,0.752941,,0.489606
openml.org/t/53,vehicle,TunedRandomForest,6,0.470006,aws.docker,0.19.2,{'n_estimators': 2000},stable,2019-04-14T20:08:48,184.9,2000,1860680431,,0.72619,,0.470006
openml.org/t/53,vehicle,TunedRandomForest,7,0.468662,aws.docker,0.19.2,{'n_estimators': 2000},stable,2019-04-14T20:08:50,183.5,2000,1860680432,,0.785714,,0.468662
openml.org/t/53,vehicle,TunedRandomForest,8,0.474215,aws.docker,0.19.2,{'n_estimators': 2000},stable,2019-04-14T20:11:12,181.8,2000,1860680433,,0.75,,0.474215
openml.org/t/53,vehicle,TunedRandomForest,9,0.564359,aws.docker,0.19.2,{'n_estimators': 2000},stable,2019-04-14T20:11:18,183.3,2000,1860680434,,0.72619,,0.564359
