id,task,framework,fold,result,mode,version,tag,utc,duration,models,seed,info,acc,auc,logloss
openml.org/t/34539,Amazon_employee_access,constantpredictor_enc,0,0.5,local,0.19.2,stable,2019-03-20T22:41:23,0.0,1,3543779710,,0.942325,0.5,
openml.org/t/34539,Amazon_employee_access,constantpredictor_enc,1,0.5,local,0.19.2,stable,2019-03-20T22:41:25,0.0,1,3543779711,,0.942325,0.5,
openml.org/t/34539,Amazon_employee_access,constantpredictor_enc,2,0.5,local,0.19.2,stable,2019-03-20T22:41:28,0.0,1,3543779712,,0.94202,0.5,
openml.org/t/34539,Amazon_employee_access,constantpredictor_enc,3,0.5,local,0.19.2,stable,2019-03-20T22:41:30,0.0,1,3543779713,,0.94202,0.5,
openml.org/t/34539,Amazon_employee_access,constantpredictor_enc,4,0.5,local,0.19.2,stable,2019-03-20T22:41:32,0.0,1,3543779714,,0.94202,0.5,
openml.org/t/34539,Amazon_employee_access,constantpredictor_enc,5,0.5,local,0.19.2,stable,2019-03-20T22:41:34,0.0,1,3543779715,,0.94202,0.5,
openml.org/t/34539,Amazon_employee_access,constantpredictor_enc,6,0.5,local,0.19.2,stable,2019-03-20T22:41:36,0.0,1,3543779716,,0.94202,0.5,
openml.org/t/34539,Amazon_employee_access,constantpredictor_enc,7,0.5,local,0.19.2,stable,2019-03-20T22:41:39,0.0,1,3543779717,,0.94202,0.5,
openml.org/t/34539,Amazon_employee_access,constantpredictor_enc,8,0.5,local,0.19.2,stable,2019-03-20T22:41:41,0.0,1,3543779718,,0.94202,0.5,
openml.org/t/34539,Amazon_employee_access,constantpredictor_enc,9,0.5,local,0.19.2,stable,2019-03-20T22:41:43,0.0,1,3543779719,,0.942308,0.5,
openml.org/t/168868,APSFailure,constantpredictor_enc,0,0.5,local,0.19.2,stable,2019-03-20T22:42:16,0.0,1,3543779710,,0.981974,0.5,
openml.org/t/168868,APSFailure,constantpredictor_enc,1,0.5,local,0.19.2,stable,2019-03-20T22:42:47,0.0,1,3543779711,,0.981974,0.5,
openml.org/t/168868,APSFailure,constantpredictor_enc,2,0.5,local,0.19.2,stable,2019-03-20T22:43:18,0.0,1,3543779712,,0.981974,0.5,
openml.org/t/168868,APSFailure,constantpredictor_enc,3,0.5,local,0.19.2,stable,2019-03-20T22:43:48,0.0,1,3543779713,,0.981974,0.5,
openml.org/t/168868,APSFailure,constantpredictor_enc,4,0.5,local,0.19.2,stable,2019-03-20T22:44:19,0.0,1,3543779714,,0.981974,0.5,
openml.org/t/168868,APSFailure,constantpredictor_enc,5,0.5,local,0.19.2,stable,2019-03-20T22:44:49,0.0,1,3543779715,,0.981842,0.5,
openml.org/t/168868,APSFailure,constantpredictor_enc,6,0.5,local,0.19.2,stable,2019-03-20T22:45:20,0.0,1,3543779716,,0.981842,0.5,
openml.org/t/168868,APSFailure,constantpredictor_enc,7,0.5,local,0.19.2,stable,2019-03-20T22:45:50,0.0,1,3543779717,,0.981842,0.5,
openml.org/t/168868,APSFailure,constantpredictor_enc,8,0.5,local,0.19.2,stable,2019-03-20T22:46:20,0.0,1,3543779718,,0.981842,0.5,
openml.org/t/168868,APSFailure,constantpredictor_enc,9,0.5,local,0.19.2,stable,2019-03-20T22:46:50,0.0,1,3543779719,,0.981842,0.5,
openml.org/t/14965,bank-marketing,constantpredictor_enc,0,0.5,local,0.19.2,stable,2019-03-20T22:46:53,0.0,1,3543779710,,0.883016,0.5,
openml.org/t/14965,bank-marketing,constantpredictor_enc,1,0.5,local,0.19.2,stable,2019-03-20T22:46:56,0.0,1,3543779711,,0.883212,0.5,
openml.org/t/14965,bank-marketing,constantpredictor_enc,2,0.5,local,0.19.2,stable,2019-03-20T22:46:59,0.0,1,3543779712,,0.88299,0.5,
openml.org/t/14965,bank-marketing,constantpredictor_enc,3,0.5,local,0.19.2,stable,2019-03-20T22:47:02,0.0,1,3543779713,,0.88299,0.5,
openml.org/t/14965,bank-marketing,constantpredictor_enc,4,0.5,local,0.19.2,stable,2019-03-20T22:47:04,0.0,1,3543779714,,0.88299,0.5,
openml.org/t/14965,bank-marketing,constantpredictor_enc,5,0.5,local,0.19.2,stable,2019-03-20T22:47:07,0.0,1,3543779715,,0.88299,0.5,
openml.org/t/14965,bank-marketing,constantpredictor_enc,6,0.5,local,0.19.2,stable,2019-03-20T22:47:10,0.0,1,3543779716,,0.88299,0.5,
openml.org/t/14965,bank-marketing,constantpredictor_enc,7,0.5,local,0.19.2,stable,2019-03-20T22:47:13,0.0,1,3543779717,,0.88299,0.5,
openml.org/t/14965,bank-marketing,constantpredictor_enc,8,0.5,local,0.19.2,stable,2019-03-20T22:47:15,0.0,1,3543779718,,0.88299,0.5,
openml.org/t/14965,bank-marketing,constantpredictor_enc,9,0.5,local,0.19.2,stable,2019-03-20T22:47:18,0.0,1,3543779719,,0.88299,0.5,
openml.org/t/146825,Fashion-MNIST,constantpredictor_enc,0,2.30259,local,0.19.2,stable,2019-03-20T22:48:41,0.0,1,3543779710,,0.1,,2.30259
openml.org/t/146825,Fashion-MNIST,constantpredictor_enc,1,2.30259,local,0.19.2,stable,2019-03-20T22:50:04,0.0,1,3543779711,,0.1,,2.30259
openml.org/t/146825,Fashion-MNIST,constantpredictor_enc,2,2.30259,local,0.19.2,stable,2019-03-20T22:51:27,0.0,1,3543779712,,0.1,,2.30259
openml.org/t/146825,Fashion-MNIST,constantpredictor_enc,3,2.30259,local,0.19.2,stable,2019-03-20T22:53:00,0.0,1,3543779713,,0.1,,2.30259
openml.org/t/146825,Fashion-MNIST,constantpredictor_enc,4,2.30259,local,0.19.2,stable,2019-03-20T22:54:24,0.0,1,3543779714,,0.1,,2.30259
openml.org/t/146825,Fashion-MNIST,constantpredictor_enc,5,2.30259,local,0.19.2,stable,2019-03-20T22:55:47,0.0,1,3543779715,,0.1,,2.30259
openml.org/t/146825,Fashion-MNIST,constantpredictor_enc,6,2.30259,local,0.19.2,stable,2019-03-20T22:57:11,0.0,1,3543779716,,0.1,,2.30259
openml.org/t/146825,Fashion-MNIST,constantpredictor_enc,7,2.30259,local,0.19.2,stable,2019-03-20T22:58:34,0.0,1,3543779717,,0.1,,2.30259
openml.org/t/146825,Fashion-MNIST,constantpredictor_enc,8,2.30259,local,0.19.2,stable,2019-03-20T22:59:57,0.0,1,3543779718,,0.1,,2.30259
openml.org/t/146825,Fashion-MNIST,constantpredictor_enc,9,2.30259,local,0.19.2,stable,2019-03-20T23:01:21,0.0,1,3543779719,,0.1,,2.30259
openml.org/t/168337,guiellermo,constantpredictor_enc,0,0.5,local,0.19.2,stable,2019-03-20T23:11:54,0.0,1,3543779710,,0.6,0.5,
openml.org/t/168337,guiellermo,constantpredictor_enc,1,0.5,local,0.19.2,stable,2019-03-20T23:22:25,0.0,1,3543779711,,0.6,0.5,
openml.org/t/168337,guiellermo,constantpredictor_enc,2,0.5,local,0.19.2,stable,2019-03-20T23:32:56,0.0,1,3543779712,,0.6,0.5,
openml.org/t/168337,guiellermo,constantpredictor_enc,3,0.5,local,0.19.2,stable,2019-03-20T23:42:58,0.0,1,3543779713,,0.6,0.5,
openml.org/t/168337,guiellermo,constantpredictor_enc,4,0.5,local,0.19.2,stable,2019-03-20T23:52:22,0.0,1,3543779714,,0.6,0.5,
openml.org/t/168337,guiellermo,constantpredictor_enc,5,0.5,local,0.19.2,stable,2019-03-21T00:01:38,0.0,1,3543779715,,0.6,0.5,
openml.org/t/168337,guiellermo,constantpredictor_enc,6,0.5,local,0.19.2,stable,2019-03-21T00:10:46,0.0,1,3543779716,,0.6,0.5,
openml.org/t/168337,guiellermo,constantpredictor_enc,7,0.5,local,0.19.2,stable,2019-03-21T00:19:53,0.0,1,3543779717,,0.5995,0.5,
openml.org/t/168337,guiellermo,constantpredictor_enc,8,0.5,local,0.19.2,stable,2019-03-21T00:28:53,0.0,1,3543779718,,0.5995,0.5,
openml.org/t/168337,guiellermo,constantpredictor_enc,9,0.5,local,0.19.2,stable,2019-03-21T00:37:45,0.0,1,3543779719,,0.5995,0.5,
openml.org/t/146606,higgs,constantpredictor_enc,0,0.5,local,0.19.2,stable,2019-03-21T00:37:53,0.0,1,3543779710,,0.528506,0.5,
openml.org/t/146606,higgs,constantpredictor_enc,1,0.5,local,0.19.2,stable,2019-03-21T00:38:02,0.0,1,3543779711,,0.528506,0.5,
openml.org/t/146606,higgs,constantpredictor_enc,2,0.5,local,0.19.2,stable,2019-03-21T00:38:10,0.0,1,3543779712,,0.528506,0.5,
openml.org/t/146606,higgs,constantpredictor_enc,3,0.5,local,0.19.2,stable,2019-03-21T00:38:18,0.0,1,3543779713,,0.528608,0.5,
openml.org/t/146606,higgs,constantpredictor_enc,4,0.5,local,0.19.2,stable,2019-03-21T00:38:26,0.0,1,3543779714,,0.528608,0.5,
openml.org/t/146606,higgs,constantpredictor_enc,5,0.5,local,0.19.2,stable,2019-03-21T00:38:35,0.0,1,3543779715,,0.528608,0.5,
openml.org/t/146606,higgs,constantpredictor_enc,6,0.5,local,0.19.2,stable,2019-03-21T00:38:43,0.0,1,3543779716,,0.528608,0.5,
openml.org/t/146606,higgs,constantpredictor_enc,7,0.5,local,0.19.2,stable,2019-03-21T00:38:51,0.0,1,3543779717,,0.528608,0.5,
openml.org/t/146606,higgs,constantpredictor_enc,8,0.5,local,0.19.2,stable,2019-03-21T00:39:00,0.0,1,3543779718,,0.528608,0.5,
openml.org/t/146606,higgs,constantpredictor_enc,9,0.5,local,0.19.2,stable,2019-03-21T00:39:08,0.0,1,3543779719,,0.528608,0.5,
openml.org/t/167119,jungle_chess_2pcs_raw_endgame_complete,constantpredictor_enc,0,0.934926,local,0.19.2,stable,2019-03-21T00:39:09,0.0,1,3543779710,,0.514726,,0.934926
openml.org/t/167119,jungle_chess_2pcs_raw_endgame_complete,constantpredictor_enc,1,0.934926,local,0.19.2,stable,2019-03-21T00:39:10,0.0,1,3543779711,,0.514726,,0.934926
openml.org/t/167119,jungle_chess_2pcs_raw_endgame_complete,constantpredictor_enc,2,0.935299,local,0.19.2,stable,2019-03-21T00:39:11,0.0,1,3543779712,,0.514502,,0.935299
openml.org/t/167119,jungle_chess_2pcs_raw_endgame_complete,constantpredictor_enc,3,0.935299,local,0.19.2,stable,2019-03-21T00:39:13,0.0,1,3543779713,,0.514502,,0.935299
openml.org/t/167119,jungle_chess_2pcs_raw_endgame_complete,constantpredictor_enc,4,0.935299,local,0.19.2,stable,2019-03-21T00:39:14,0.0,1,3543779714,,0.514502,,0.935299
openml.org/t/167119,jungle_chess_2pcs_raw_endgame_complete,constantpredictor_enc,5,0.935299,local,0.19.2,stable,2019-03-21T00:39:15,0.0,1,3543779715,,0.514502,,0.935299
openml.org/t/167119,jungle_chess_2pcs_raw_endgame_complete,constantpredictor_enc,6,0.935299,local,0.19.2,stable,2019-03-21T00:39:16,0.0,1,3543779716,,0.514502,,0.935299
openml.org/t/167119,jungle_chess_2pcs_raw_endgame_complete,constantpredictor_enc,7,0.934989,local,0.19.2,stable,2019-03-21T00:39:17,0.0,1,3543779717,,0.514502,,0.934989
openml.org/t/167119,jungle_chess_2pcs_raw_endgame_complete,constantpredictor_enc,8,0.934989,local,0.19.2,stable,2019-03-21T00:39:19,0.0,1,3543779718,,0.514502,,0.934989
openml.org/t/167119,jungle_chess_2pcs_raw_endgame_complete,constantpredictor_enc,9,0.934987,local,0.19.2,stable,2019-03-21T00:39:20,0.0,1,3543779719,,0.514617,,0.934987
openml.org/t/3945,KDDCup09_appetency,constantpredictor_enc,0,0.5,local,0.19.2,stable,2019-03-21T00:39:38,0.0,1,3543779710,,0.9822,0.5,
openml.org/t/3945,KDDCup09_appetency,constantpredictor_enc,1,0.5,local,0.19.2,stable,2019-03-21T00:39:55,0.0,1,3543779711,,0.9822,0.5,
openml.org/t/3945,KDDCup09_appetency,constantpredictor_enc,2,0.5,local,0.19.2,stable,2019-03-21T00:40:14,0.0,1,3543779712,,0.9822,0.5,
openml.org/t/3945,KDDCup09_appetency,constantpredictor_enc,3,0.5,local,0.19.2,stable,2019-03-21T00:40:33,0.0,1,3543779713,,0.9822,0.5,
openml.org/t/3945,KDDCup09_appetency,constantpredictor_enc,4,0.5,local,0.19.2,stable,2019-03-21T00:40:51,0.0,1,3543779714,,0.9822,0.5,
openml.org/t/3945,KDDCup09_appetency,constantpredictor_enc,5,0.5,local,0.19.2,stable,2019-03-21T00:41:09,0.0,1,3543779715,,0.9822,0.5,
openml.org/t/3945,KDDCup09_appetency,constantpredictor_enc,6,0.5,local,0.19.2,stable,2019-03-21T00:41:27,0.0,1,3543779716,,0.9822,0.5,
openml.org/t/3945,KDDCup09_appetency,constantpredictor_enc,7,0.5,local,0.19.2,stable,2019-03-21T00:41:46,0.0,1,3543779717,,0.9822,0.5,
openml.org/t/3945,KDDCup09_appetency,constantpredictor_enc,8,0.5,local,0.19.2,stable,2019-03-21T00:42:04,0.0,1,3543779718,,0.9822,0.5,
openml.org/t/3945,KDDCup09_appetency,constantpredictor_enc,9,0.5,local,0.19.2,stable,2019-03-21T00:42:22,0.0,1,3543779719,,0.9822,0.5,
openml.org/t/168335,MiniBooNE,constantpredictor_enc,0,0.5,local,0.19.2,stable,2019-03-21T00:42:41,0.0,1,3543779710,,0.719382,0.5,
openml.org/t/168335,MiniBooNE,constantpredictor_enc,1,0.5,local,0.19.2,stable,2019-03-21T00:42:59,0.0,1,3543779711,,0.719382,0.5,
openml.org/t/168335,MiniBooNE,constantpredictor_enc,2,0.5,local,0.19.2,stable,2019-03-21T00:43:17,0.0,1,3543779712,,0.719382,0.5,
openml.org/t/168335,MiniBooNE,constantpredictor_enc,3,0.5,local,0.19.2,stable,2019-03-21T00:43:35,0.0,1,3543779713,,0.719382,0.5,
openml.org/t/168335,MiniBooNE,constantpredictor_enc,4,0.5,local,0.19.2,stable,2019-03-21T00:43:52,0.0,1,3543779714,,0.719437,0.5,
openml.org/t/168335,MiniBooNE,constantpredictor_enc,5,0.5,local,0.19.2,stable,2019-03-21T00:44:10,0.0,1,3543779715,,0.71936,0.5,
openml.org/t/168335,MiniBooNE,constantpredictor_enc,6,0.5,local,0.19.2,stable,2019-03-21T00:44:27,0.0,1,3543779716,,0.71936,0.5,
openml.org/t/168335,MiniBooNE,constantpredictor_enc,7,0.5,local,0.19.2,stable,2019-03-21T00:44:44,0.0,1,3543779717,,0.71936,0.5,
openml.org/t/168335,MiniBooNE,constantpredictor_enc,8,0.5,local,0.19.2,stable,2019-03-21T00:45:02,0.0,1,3543779718,,0.71936,0.5,
openml.org/t/168335,MiniBooNE,constantpredictor_enc,9,0.5,local,0.19.2,stable,2019-03-21T00:45:19,0.0,1,3543779719,,0.71936,0.5,
openml.org/t/167120,numerai28.6,constantpredictor_enc,0,0.5,local,0.19.2,stable,2019-03-21T00:45:26,0.0,1,3543779710,,0.505087,0.5,
openml.org/t/167120,numerai28.6,constantpredictor_enc,1,0.5,local,0.19.2,stable,2019-03-21T00:45:33,0.0,1,3543779711,,0.505087,0.5,
openml.org/t/167120,numerai28.6,constantpredictor_enc,2,0.5,local,0.19.2,stable,2019-03-21T00:45:39,0.0,1,3543779712,,0.505191,0.5,
openml.org/t/167120,numerai28.6,constantpredictor_enc,3,0.5,local,0.19.2,stable,2019-03-21T00:45:46,0.0,1,3543779713,,0.505191,0.5,
openml.org/t/167120,numerai28.6,constantpredictor_enc,4,0.5,local,0.19.2,stable,2019-03-21T00:45:53,0.0,1,3543779714,,0.505191,0.5,
openml.org/t/167120,numerai28.6,constantpredictor_enc,5,0.5,local,0.19.2,stable,2019-03-21T00:46:00,0.0,1,3543779715,,0.505191,0.5,
openml.org/t/167120,numerai28.6,constantpredictor_enc,6,0.5,local,0.19.2,stable,2019-03-21T00:46:06,0.0,1,3543779716,,0.505191,0.5,
openml.org/t/167120,numerai28.6,constantpredictor_enc,7,0.5,local,0.19.2,stable,2019-03-21T00:46:13,0.0,1,3543779717,,0.505191,0.5,
openml.org/t/167120,numerai28.6,constantpredictor_enc,8,0.5,local,0.19.2,stable,2019-03-21T00:46:20,0.0,1,3543779718,,0.505191,0.5,
openml.org/t/167120,numerai28.6,constantpredictor_enc,9,0.5,local,0.19.2,stable,2019-03-21T00:46:27,0.0,1,3543779719,,0.505191,0.5,
openml.org/t/168338,riccardo,constantpredictor_enc,0,0.5,local,0.19.2,stable,2019-03-21T00:55:17,0.0,1,3543779710,,0.75,0.5,
openml.org/t/168338,riccardo,constantpredictor_enc,1,0.5,local,0.19.2,stable,2019-03-21T01:04:02,0.0,1,3543779711,,0.75,0.5,
openml.org/t/168338,riccardo,constantpredictor_enc,2,0.5,local,0.19.2,stable,2019-03-21T01:12:38,0.0,1,3543779712,,0.75,0.5,
openml.org/t/168338,riccardo,constantpredictor_enc,3,0.5,local,0.19.2,stable,2019-03-21T01:21:10,0.0,1,3543779713,,0.75,0.5,
openml.org/t/168338,riccardo,constantpredictor_enc,4,0.5,local,0.19.2,stable,2019-03-21T01:29:36,0.0,1,3543779714,,0.75,0.5,
openml.org/t/168338,riccardo,constantpredictor_enc,5,0.5,local,0.19.2,stable,2019-03-21T01:37:59,0.0,1,3543779715,,0.75,0.5,
openml.org/t/168338,riccardo,constantpredictor_enc,6,0.5,local,0.19.2,stable,2019-03-21T01:46:17,0.0,1,3543779716,,0.75,0.5,
openml.org/t/168338,riccardo,constantpredictor_enc,7,0.5,local,0.19.2,stable,2019-03-21T01:54:33,0.0,1,3543779717,,0.75,0.5,
openml.org/t/168338,riccardo,constantpredictor_enc,8,0.5,local,0.19.2,stable,2019-03-21T02:02:44,0.0,1,3543779718,,0.75,0.5,
openml.org/t/168338,riccardo,constantpredictor_enc,9,0.5,local,0.19.2,stable,2019-03-21T02:10:45,0.0,1,3543779719,,0.75,0.5,
openml.org/t/168332,Robert,constantpredictor_enc,0,2.30225,local,0.19.2,stable,2019-03-21T02:27:26,0.0,1,3543779710,,0.104,,2.30225
openml.org/t/168332,Robert,constantpredictor_enc,1,2.30225,local,0.19.2,stable,2019-03-21T02:40:17,0.0,1,3543779711,,0.104,,2.30225
openml.org/t/168332,Robert,constantpredictor_enc,2,2.3022,local,0.19.2,stable,2019-03-21T02:52:51,0.0,1,3543779712,,0.105,,2.3022
openml.org/t/168332,Robert,constantpredictor_enc,3,2.3022,local,0.19.2,stable,2019-03-21T03:05:16,0.0,1,3543779713,,0.105,,2.3022
openml.org/t/168332,Robert,constantpredictor_enc,4,2.30223,local,0.19.2,stable,2019-03-21T03:17:57,0.0,1,3543779714,,0.105,,2.30223
openml.org/t/168332,Robert,constantpredictor_enc,5,2.30224,local,0.19.2,stable,2019-03-21T03:30:20,0.0,1,3543779715,,0.104,,2.30224
openml.org/t/168332,Robert,constantpredictor_enc,6,2.30225,local,0.19.2,stable,2019-03-21T03:42:31,0.0,1,3543779716,,0.104,,2.30225
openml.org/t/168332,Robert,constantpredictor_enc,7,2.30229,local,0.19.2,stable,2019-03-21T03:54:26,0.0,1,3543779717,,0.104,,2.30229
openml.org/t/168332,Robert,constantpredictor_enc,8,2.30229,local,0.19.2,stable,2019-03-21T04:06:16,0.0,1,3543779718,,0.104,,2.30229
openml.org/t/168332,Robert,constantpredictor_enc,9,2.30224,local,0.19.2,stable,2019-03-21T04:18:13,0.0,1,3543779719,,0.104,,2.30224
openml.org/t/146212,Shuttle,constantpredictor_enc,0,0.665165,local,0.19.2,stable,2019-03-21T04:18:23,0.0,1,3543779710,,0.786034,,0.665165
openml.org/t/146212,Shuttle,constantpredictor_enc,1,0.665165,local,0.19.2,stable,2019-03-21T04:18:26,0.0,1,3543779711,,0.786034,,0.665165
openml.org/t/146212,Shuttle,constantpredictor_enc,2,0.665165,local,0.19.2,stable,2019-03-21T04:18:30,0.0,1,3543779712,,0.786034,,0.665165
openml.org/t/146212,Shuttle,constantpredictor_enc,3,0.665165,local,0.19.2,stable,2019-03-21T04:18:33,0.0,1,3543779713,,0.786034,,0.665165
openml.org/t/146212,Shuttle,constantpredictor_enc,4,0.665165,local,0.19.2,stable,2019-03-21T04:18:36,0.0,1,3543779714,,0.786034,,0.665165
openml.org/t/146212,Shuttle,constantpredictor_enc,5,0.665165,local,0.19.2,stable,2019-03-21T04:18:39,0.0,1,3543779715,,0.786034,,0.665165
openml.org/t/146212,Shuttle,constantpredictor_enc,6,0.665956,local,0.19.2,stable,2019-03-21T04:18:42,0.0,1,3543779716,,0.785862,,0.665956
openml.org/t/146212,Shuttle,constantpredictor_enc,7,0.666406,local,0.19.2,stable,2019-03-21T04:18:45,0.0,1,3543779717,,0.785862,,0.666406
openml.org/t/146212,Shuttle,constantpredictor_enc,8,0.666406,local,0.19.2,stable,2019-03-21T04:18:49,0.0,1,3543779718,,0.785862,,0.666406
openml.org/t/146212,Shuttle,constantpredictor_enc,9,0.666579,local,0.19.2,stable,2019-03-21T04:18:52,0.0,1,3543779719,,0.785862,,0.666579
openml.org/t/168331,Volkert,constantpredictor_enc,0,2.05248,local,0.19.2,stable,2019-03-21T04:20:06,0.0,1,3543779710,,0.219688,,2.05248
openml.org/t/168331,Volkert,constantpredictor_enc,1,2.05227,local,0.19.2,stable,2019-03-21T04:20:55,0.0,1,3543779711,,0.219688,,2.05227
openml.org/t/168331,Volkert,constantpredictor_enc,2,2.05237,local,0.19.2,stable,2019-03-21T04:21:44,0.0,1,3543779712,,0.219688,,2.05237
openml.org/t/168331,Volkert,constantpredictor_enc,3,2.05237,local,0.19.2,stable,2019-03-21T04:22:33,0.0,1,3543779713,,0.219688,,2.05237
openml.org/t/168331,Volkert,constantpredictor_enc,4,2.05283,local,0.19.2,stable,2019-03-21T04:23:23,0.0,1,3543779714,,0.219516,,2.05283
openml.org/t/168331,Volkert,constantpredictor_enc,5,2.05278,local,0.19.2,stable,2019-03-21T04:24:12,0.0,1,3543779715,,0.219516,,2.05278
openml.org/t/168331,Volkert,constantpredictor_enc,6,2.05278,local,0.19.2,stable,2019-03-21T04:25:01,0.0,1,3543779716,,0.219516,,2.05278
openml.org/t/168331,Volkert,constantpredictor_enc,7,2.05278,local,0.19.2,stable,2019-03-21T04:25:51,0.0,1,3543779717,,0.219516,,2.05278
openml.org/t/168331,Volkert,constantpredictor_enc,8,2.05269,local,0.19.2,stable,2019-03-21T04:26:40,0.0,1,3543779718,,0.219688,,2.05269
openml.org/t/168331,Volkert,constantpredictor_enc,9,2.05269,local,0.19.2,stable,2019-03-21T04:27:29,0.0,1,3543779719,,0.219688,,2.05269
openml.org/t/34539,Amazon_employee_access,RandomForest,3,0.868202,aws.docker,0.19.2,stable,2019-03-21T12:02:10,26.2,2000,3106762648,,0.948428,0.868202,
openml.org/t/34539,Amazon_employee_access,RandomForest,0,0.887586,aws.docker,0.19.2,stable,2019-03-21T12:02:20,26.2,2000,3106762645,,0.948428,0.887586,
openml.org/t/34539,Amazon_employee_access,RandomForest,4,0.862278,aws.docker,0.19.2,stable,2019-03-21T12:02:15,25.7,2000,3106762649,,0.951785,0.862278,
openml.org/t/34539,Amazon_employee_access,RandomForest,2,0.856869,aws.docker,0.19.2,stable,2019-03-21T12:02:22,26.8,2000,3106762647,,0.949039,0.856869,
openml.org/t/34539,Amazon_employee_access,RandomForest,1,0.857779,aws.docker,0.19.2,stable,2019-03-21T12:03:01,26.6,2000,3106762646,,0.951785,0.857779,
openml.org/t/34539,Amazon_employee_access,RandomForest,6,0.865326,aws.docker,0.19.2,stable,2019-03-21T12:06:19,26.4,2000,3106762651,,0.949344,0.865326,
openml.org/t/34539,Amazon_employee_access,RandomForest,5,0.86973,aws.docker,0.19.2,stable,2019-03-21T12:06:19,26.3,2000,3106762650,,0.942936,0.86973,
openml.org/t/34539,Amazon_employee_access,RandomForest,7,0.837331,aws.docker,0.19.2,stable,2019-03-21T12:06:31,26.5,2000,3106762652,,0.947513,0.837331,
openml.org/t/34539,Amazon_employee_access,RandomForest,8,0.873001,aws.docker,0.19.2,stable,2019-03-21T12:06:33,25.9,2000,3106762653,,0.948734,0.873001,
openml.org/t/34539,Amazon_employee_access,RandomForest,9,0.86958,aws.docker,0.19.2,stable,2019-03-21T12:07:16,26.0,2000,3106762654,,0.950549,0.86958,
openml.org/t/168868,APSFailure,RandomForest,0,0.988841,aws.docker,0.19.2,stable,2019-03-21T12:19:50,550.6,2000,3106762645,,0.995395,0.988841,
openml.org/t/168868,APSFailure,RandomForest,1,0.990459,aws.docker,0.19.2,stable,2019-03-21T12:19:49,543.9,2000,3106762646,,0.992368,0.990459,
openml.org/t/168868,APSFailure,RandomForest,2,0.995056,aws.docker,0.19.2,stable,2019-03-21T12:19:57,555.3,2000,3106762647,,0.993421,0.995056,
openml.org/t/168868,APSFailure,RandomForest,3,0.987171,aws.docker,0.19.2,stable,2019-03-21T12:20:38,549.1,2000,3106762648,,0.995132,0.987171,
openml.org/t/168868,APSFailure,RandomForest,4,0.989,aws.docker,0.19.2,stable,2019-03-21T12:20:48,524.1,2000,3106762649,,0.994737,0.989,
openml.org/t/168868,APSFailure,RandomForest,6,0.993715,aws.docker,0.19.2,stable,2019-03-21T12:33:30,541.3,2000,3106762651,,0.995526,0.993715,
openml.org/t/168868,APSFailure,RandomForest,5,0.992524,aws.docker,0.19.2,stable,2019-03-21T12:33:31,551.3,2000,3106762650,,0.993684,0.992524,
openml.org/t/168868,APSFailure,RandomForest,7,0.99259,aws.docker,0.19.2,stable,2019-03-21T12:33:40,549.3,2000,3106762652,,0.994868,0.99259,
openml.org/t/168868,APSFailure,RandomForest,8,0.987207,aws.docker,0.19.2,stable,2019-03-21T12:34:20,550.8,2000,3106762653,,0.993947,0.987207,
openml.org/t/168868,APSFailure,RandomForest,9,0.99237,aws.docker,0.19.2,stable,2019-03-21T12:34:36,557.1,2000,3106762654,,0.995132,0.99237,
openml.org/t/14965,bank-marketing,RandomForest,1,0.926808,aws.docker,0.19.2,stable,2019-03-21T12:37:38,31.7,2000,3106762646,,0.904225,0.926808,
openml.org/t/14965,bank-marketing,RandomForest,0,0.93136,aws.docker,0.19.2,stable,2019-03-21T12:37:49,32.0,2000,3106762645,,0.906236,0.93136,
openml.org/t/14965,bank-marketing,RandomForest,2,0.939099,aws.docker,0.19.2,stable,2019-03-21T12:37:52,31.6,2000,3106762647,,0.913736,0.939099,
openml.org/t/14965,bank-marketing,RandomForest,3,0.930217,aws.docker,0.19.2,stable,2019-03-21T12:38:27,31.5,2000,3106762648,,0.9071,0.930217,
openml.org/t/14965,bank-marketing,RandomForest,4,0.933868,aws.docker,0.19.2,stable,2019-03-21T12:39:20,32.0,2000,3106762649,,0.906215,0.933868,
openml.org/t/14965,bank-marketing,RandomForest,6,0.917794,aws.docker,0.19.2,stable,2019-03-21T12:41:55,31.4,2000,3106762651,,0.899359,0.917794,
openml.org/t/14965,bank-marketing,RandomForest,5,0.923217,aws.docker,0.19.2,stable,2019-03-21T12:41:48,31.9,2000,3106762650,,0.902455,0.923217,
openml.org/t/14965,bank-marketing,RandomForest,7,0.936782,aws.docker,0.19.2,stable,2019-03-21T12:41:48,30.8,2000,3106762652,,0.904004,0.936782,
openml.org/t/14965,bank-marketing,RandomForest,8,0.931145,aws.docker,0.19.2,stable,2019-03-21T12:42:49,31.5,2000,3106762653,,0.907985,0.931145,
openml.org/t/14965,bank-marketing,RandomForest,9,0.936982,aws.docker,0.19.2,stable,2019-03-21T12:43:18,31.8,2000,3106762654,,0.908206,0.936982,
openml.org/t/146825,Fashion-MNIST,RandomForest,2,0.362715,aws.docker,0.19.2,stable,2019-03-21T12:57:59,576.7,2000,3106762647,,0.886143,,0.362715
openml.org/t/146825,Fashion-MNIST,RandomForest,0,0.362521,aws.docker,0.19.2,stable,2019-03-21T12:57:53,578.3,2000,3106762645,,0.884857,,0.362521
openml.org/t/146825,Fashion-MNIST,RandomForest,1,0.357962,aws.docker,0.19.2,stable,2019-03-21T12:58:08,578.5,2000,3106762646,,0.885,,0.357962
openml.org/t/146825,Fashion-MNIST,RandomForest,3,0.36131,aws.docker,0.19.2,stable,2019-03-21T12:59:11,581.1,2000,3106762648,,0.892143,,0.36131
openml.org/t/146825,Fashion-MNIST,RandomForest,4,0.359461,aws.docker,0.19.2,stable,2019-03-21T12:59:26,579.5,2000,3106762649,,0.889429,,0.359461
openml.org/t/146825,Fashion-MNIST,RandomForest,6,0.348362,aws.docker,0.19.2,stable,2019-03-21T13:14:23,579.7,2000,3106762651,,0.891286,,0.348362
openml.org/t/146825,Fashion-MNIST,RandomForest,5,0.362949,aws.docker,0.19.2,stable,2019-03-21T13:14:16,574.3,2000,3106762650,,0.884714,,0.362949
openml.org/t/146825,Fashion-MNIST,RandomForest,8,0.374143,aws.docker,0.19.2,stable,2019-03-21T13:15:03,570.9,2000,3106762653,,0.885571,,0.374143
openml.org/t/146825,Fashion-MNIST,RandomForest,7,0.361809,aws.docker,0.19.2,stable,2019-03-21T13:15:25,575.9,2000,3106762652,,0.888429,,0.361809
openml.org/t/146825,Fashion-MNIST,RandomForest,9,0.364732,aws.docker,0.19.2,stable,2019-03-21T13:15:50,581.1,2000,3106762654,,0.886714,,0.364732
openml.org/t/168337,guiellermo,RandomForest,9,0.911275,aws.docker,0.19.2,stable,2019-03-21T14:00:52,410.0,2000,61230687,,0.826,0.911275,
openml.org/t/168337,guiellermo,RandomForest,6,0.909593,aws.docker,0.19.2,stable,2019-03-21T14:01:48,436.7,2000,61230684,,0.829,0.909593,
openml.org/t/168337,guiellermo,RandomForest,7,0.893127,aws.docker,0.19.2,stable,2019-03-21T14:02:08,436.0,2000,61230685,,0.8165,0.893127,
openml.org/t/168337,guiellermo,RandomForest,5,0.89997,aws.docker,0.19.2,stable,2019-03-21T14:02:12,435.8,2000,61230683,,0.823,0.89997,
openml.org/t/168337,guiellermo,RandomForest,1,0.890298,aws.docker,0.19.2,stable,2019-03-21T14:02:28,449.3,2000,61230679,,0.811,0.890298,
openml.org/t/168337,guiellermo,RandomForest,2,0.919296,aws.docker,0.19.2,stable,2019-03-21T14:02:40,446.7,2000,61230680,,0.8265,0.919296,
openml.org/t/168337,guiellermo,RandomForest,3,0.904165,aws.docker,0.19.2,stable,2019-03-21T14:02:34,446.1,2000,61230681,,0.815,0.904165,
openml.org/t/168337,guiellermo,RandomForest,4,0.907838,aws.docker,0.19.2,stable,2019-03-21T14:02:56,450.2,2000,61230682,,0.827,0.907838,
openml.org/t/168337,guiellermo,RandomForest,8,0.893549,aws.docker,0.19.2,stable,2019-03-21T14:03:09,451.3,2000,61230686,,0.819,0.893549,
openml.org/t/168337,guiellermo,RandomForest,0,0.901345,aws.docker,0.19.2,stable,2019-03-21T14:03:13,451.4,2000,61230678,,0.8195,0.901345,
openml.org/t/146606,higgs,RandomForest,0,0.805818,aws.docker,0.19.2,stable,2019-03-21T14:10:45,330.9,2000,61230678,,0.727486,0.805818,
openml.org/t/146606,higgs,RandomForest,2,0.803769,aws.docker,0.19.2,stable,2019-03-21T14:11:22,321.4,2000,61230680,,0.724324,0.803769,
openml.org/t/146606,higgs,RandomForest,1,0.798063,aws.docker,0.19.2,stable,2019-03-21T14:11:15,330.0,2000,61230679,,0.720143,0.798063,
openml.org/t/146606,higgs,RandomForest,4,0.807347,aws.docker,0.19.2,stable,2019-03-21T14:11:50,326.4,2000,61230682,,0.726772,0.807347,
openml.org/t/146606,higgs,RandomForest,6,0.806574,aws.docker,0.19.2,stable,2019-03-21T14:12:02,329.6,2000,61230684,,0.727078,0.806574,
openml.org/t/146606,higgs,RandomForest,7,0.792994,aws.docker,0.19.2,stable,2019-03-21T14:12:15,316.9,2000,61230685,,0.715451,0.792994,
openml.org/t/146606,higgs,RandomForest,5,0.804562,aws.docker,0.19.2,stable,2019-03-21T14:12:09,321.9,2000,61230683,,0.725344,0.804562,
openml.org/t/146606,higgs,RandomForest,3,0.805753,aws.docker,0.19.2,stable,2019-03-21T14:12:25,325.8,2000,61230681,,0.724324,0.805753,
openml.org/t/146606,higgs,RandomForest,8,0.793155,aws.docker,0.19.2,stable,2019-03-21T14:12:29,323.4,2000,61230686,,0.717797,0.793155,
openml.org/t/146606,higgs,RandomForest,9,0.811978,aws.docker,0.19.2,stable,2019-03-21T14:13:45,326.2,2000,61230687,,0.732177,0.811978,
openml.org/t/167119,jungle_chess_2pcs_raw_endgame_complete,RandomForest,2,0.434608,aws.docker,0.19.2,stable,2019-03-21T14:15:17,16.1,2000,61230680,,0.785364,,0.434608
openml.org/t/167119,jungle_chess_2pcs_raw_endgame_complete,RandomForest,0,0.440239,aws.docker,0.19.2,stable,2019-03-21T14:15:36,16.9,2000,61230678,,0.782463,,0.440239
openml.org/t/167119,jungle_chess_2pcs_raw_endgame_complete,RandomForest,4,0.430733,aws.docker,0.19.2,stable,2019-03-21T14:15:49,17.2,2000,61230682,,0.789157,,0.430733
openml.org/t/167119,jungle_chess_2pcs_raw_endgame_complete,RandomForest,1,0.449635,aws.docker,0.19.2,stable,2019-03-21T14:15:56,17.1,2000,61230679,,0.776439,,0.449635
openml.org/t/167119,jungle_chess_2pcs_raw_endgame_complete,RandomForest,5,0.429525,aws.docker,0.19.2,stable,2019-03-21T14:15:50,17.0,2000,61230683,,0.788487,,0.429525
openml.org/t/167119,jungle_chess_2pcs_raw_endgame_complete,RandomForest,6,0.451359,aws.docker,0.19.2,stable,2019-03-21T14:16:06,16.4,2000,61230684,,0.774877,,0.451359
openml.org/t/167119,jungle_chess_2pcs_raw_endgame_complete,RandomForest,7,0.44478,aws.docker,0.19.2,stable,2019-03-21T14:16:25,16.6,2000,61230685,,0.783579,,0.44478
openml.org/t/167119,jungle_chess_2pcs_raw_endgame_complete,RandomForest,8,0.430368,aws.docker,0.19.2,stable,2019-03-21T14:16:36,16.6,2000,61230686,,0.78871,,0.430368
openml.org/t/167119,jungle_chess_2pcs_raw_endgame_complete,RandomForest,3,0.426956,aws.docker,0.19.2,stable,2019-03-21T14:17:55,17.2,2000,61230681,,0.788934,,0.426956
openml.org/t/167119,jungle_chess_2pcs_raw_endgame_complete,RandomForest,9,0.443218,aws.docker,0.19.2,stable,2019-03-21T14:18:14,17.0,2000,61230687,,0.782638,,0.443218
openml.org/t/3945,KDDCup09_appetency,RandomForest,0,0.780909,aws.docker,0.19.2,stable,2019-03-21T14:21:16,95.7,2000,61230678,,0.9822,0.780909,
openml.org/t/3945,KDDCup09_appetency,RandomForest,3,0.78466,aws.docker,0.19.2,stable,2019-03-21T14:21:40,99.1,2000,61230681,,0.9822,0.78466,
openml.org/t/3945,KDDCup09_appetency,RandomForest,4,0.811713,aws.docker,0.19.2,stable,2019-03-21T14:21:33,96.8,2000,61230682,,0.9822,0.811713,
openml.org/t/3945,KDDCup09_appetency,RandomForest,1,0.780388,aws.docker,0.19.2,stable,2019-03-21T14:21:56,99.7,2000,61230679,,0.9822,0.780388,
openml.org/t/3945,KDDCup09_appetency,RandomForest,7,0.821944,aws.docker,0.19.2,stable,2019-03-21T14:22:25,101.7,2000,61230685,,0.9822,0.821944,
openml.org/t/3945,KDDCup09_appetency,RandomForest,5,0.768867,aws.docker,0.19.2,stable,2019-03-21T14:22:27,102.2,2000,61230683,,0.9822,0.768867,
openml.org/t/3945,KDDCup09_appetency,RandomForest,6,0.780643,aws.docker,0.19.2,stable,2019-03-21T14:22:26,104.2,2000,61230684,,0.9822,0.780643,
openml.org/t/3945,KDDCup09_appetency,RandomForest,2,0.794243,aws.docker,0.19.2,stable,2019-03-21T14:22:28,97.0,2000,61230680,,0.9822,0.794243,
openml.org/t/3945,KDDCup09_appetency,RandomForest,8,0.77243,aws.docker,0.19.2,stable,2019-03-21T14:23:38,102.6,2000,61230686,,0.9822,0.77243,
openml.org/t/3945,KDDCup09_appetency,RandomForest,9,0.764154,aws.docker,0.19.2,stable,2019-03-21T14:24:25,101.7,2000,61230687,,0.9822,0.764154,
openml.org/t/168335,MiniBooNE,RandomForest,1,0.981147,aws.docker,0.19.2,stable,2019-03-21T14:38:45,763.7,2000,61230679,,0.933959,0.981147,
openml.org/t/168335,MiniBooNE,RandomForest,2,0.981168,aws.docker,0.19.2,stable,2019-03-21T14:38:34,756.6,2000,61230680,,0.935804,0.981168,
openml.org/t/168335,MiniBooNE,RandomForest,0,0.980021,aws.docker,0.19.2,stable,2019-03-21T14:38:41,764.4,2000,61230678,,0.936342,0.980021,
openml.org/t/168335,MiniBooNE,RandomForest,3,0.982018,aws.docker,0.19.2,stable,2019-03-21T14:39:13,770.9,2000,61230681,,0.938725,0.982018,
openml.org/t/168335,MiniBooNE,RandomForest,6,0.983596,aws.docker,0.19.2,stable,2019-03-21T14:39:40,773.9,2000,61230684,,0.942949,0.983596,
openml.org/t/168335,MiniBooNE,RandomForest,4,0.982194,aws.docker,0.19.2,stable,2019-03-21T14:39:26,773.5,2000,61230682,,0.93972,0.982194,
openml.org/t/168335,MiniBooNE,RandomForest,5,0.980218,aws.docker,0.19.2,stable,2019-03-21T14:39:56,787.5,2000,61230683,,0.93726,0.980218,
openml.org/t/168335,MiniBooNE,RandomForest,7,0.981562,aws.docker,0.19.2,stable,2019-03-21T14:40:45,780.9,2000,61230685,,0.937414,0.981562,
openml.org/t/168335,MiniBooNE,RandomForest,8,0.981653,aws.docker,0.19.2,stable,2019-03-21T14:41:02,784.6,2000,61230686,,0.937106,0.981653,
openml.org/t/168335,MiniBooNE,RandomForest,9,0.98304,aws.docker,0.19.2,stable,2019-03-21T14:42:06,787.3,2000,61230687,,0.939951,0.98304,
openml.org/t/167120,numerai28.6,RandomForest,1,0.519715,aws.docker,0.19.2,stable,2019-03-21T14:47:22,291.2,2000,61230679,,0.511213,0.519715,
openml.org/t/167120,numerai28.6,RandomForest,0,0.515353,aws.docker,0.19.2,stable,2019-03-21T14:47:24,289.7,2000,61230678,,0.511005,0.515353,
openml.org/t/167120,numerai28.6,RandomForest,5,0.517675,aws.docker,0.19.2,stable,2019-03-21T14:48:28,285.0,2000,61230683,,0.510071,0.517675,
openml.org/t/167120,numerai28.6,RandomForest,4,0.524707,aws.docker,0.19.2,stable,2019-03-21T14:48:41,289.9,2000,61230682,,0.513081,0.524707,
openml.org/t/167120,numerai28.6,RandomForest,6,0.532126,aws.docker,0.19.2,stable,2019-03-21T14:48:45,289.1,2000,61230684,,0.521387,0.532126,
openml.org/t/167120,numerai28.6,RandomForest,2,0.516924,aws.docker,0.19.2,stable,2019-03-21T14:48:53,289.7,2000,61230680,,0.508825,0.516924,
openml.org/t/167120,numerai28.6,RandomForest,3,0.514016,aws.docker,0.19.2,stable,2019-03-21T14:49:10,287.2,2000,61230681,,0.512458,0.514016,
openml.org/t/167120,numerai28.6,RandomForest,7,0.528612,aws.docker,0.19.2,stable,2019-03-21T14:49:40,290.2,2000,61230685,,0.519934,0.528612,
openml.org/t/167120,numerai28.6,RandomForest,8,0.518654,aws.docker,0.19.2,stable,2019-03-21T14:50:35,292.9,2000,61230686,,0.513497,0.518654,
openml.org/t/167120,numerai28.6,RandomForest,9,0.518843,aws.docker,0.19.2,stable,2019-03-21T14:50:53,293.0,2000,61230687,,0.515885,0.518843,
openml.org/t/168338,riccardo,RandomForest,0,0.998711,aws.docker,0.19.2,stable,2019-03-21T15:23:38,693.4,2000,61230678,,0.955,0.998711,
openml.org/t/168338,riccardo,RandomForest,1,0.999599,aws.docker,0.19.2,stable,2019-03-21T15:24:19,694.2,2000,61230679,,0.963,0.999599,
openml.org/t/168338,riccardo,RandomForest,2,0.999413,aws.docker,0.19.2,stable,2019-03-21T15:25:03,691.1,2000,61230680,,0.97,0.999413,
openml.org/t/168338,riccardo,RandomForest,3,0.998925,aws.docker,0.19.2,stable,2019-03-21T15:25:28,695.2,2000,61230681,,0.9675,0.998925,
openml.org/t/168338,riccardo,RandomForest,4,0.998514,aws.docker,0.19.2,stable,2019-03-21T15:25:54,692.3,2000,61230682,,0.961,0.998514,
openml.org/t/168338,riccardo,RandomForest,6,0.999552,aws.docker,0.19.2,stable,2019-03-21T15:26:00,694.3,2000,61230684,,0.96,0.999552,
openml.org/t/168338,riccardo,RandomForest,5,0.998877,aws.docker,0.19.2,stable,2019-03-21T15:26:37,691.9,2000,61230683,,0.9645,0.998877,
openml.org/t/168338,riccardo,RandomForest,7,0.998559,aws.docker,0.19.2,stable,2019-03-21T15:26:40,693.1,2000,61230685,,0.9585,0.998559,
openml.org/t/168338,riccardo,RandomForest,8,0.999297,aws.docker,0.19.2,stable,2019-03-21T15:27:31,697.4,2000,61230686,,0.9605,0.999297,
openml.org/t/168338,riccardo,RandomForest,9,0.998997,aws.docker,0.19.2,stable,2019-03-21T15:28:20,694.3,2000,61230687,,0.958,0.998997,
openml.org/t/168332,Robert,RandomForest,0,1.69242,aws.docker,0.19.2,stable,2019-03-21T15:57:32,385.6,2000,61230678,,0.474,,1.69242
openml.org/t/168332,Robert,RandomForest,1,1.70315,aws.docker,0.19.2,stable,2019-03-21T15:58:20,385.8,2000,61230679,,0.48,,1.70315
openml.org/t/168332,Robert,RandomForest,2,1.69128,aws.docker,0.19.2,stable,2019-03-21T15:58:45,383.7,2000,61230680,,0.467,,1.69128
openml.org/t/168332,Robert,RandomForest,3,1.68676,aws.docker,0.19.2,stable,2019-03-21T15:59:45,386.8,2000,61230681,,0.473,,1.68676
openml.org/t/168332,Robert,RandomForest,4,1.68175,aws.docker,0.19.2,stable,2019-03-21T15:59:47,385.1,2000,61230682,,0.483,,1.68175
openml.org/t/168332,Robert,RandomForest,6,1.64425,aws.docker,0.19.2,stable,2019-03-21T16:00:30,386.3,2000,61230684,,0.51,,1.64425
openml.org/t/146212,Shuttle,RandomForest,0,0.000674615,aws.docker,0.19.2,stable,2019-03-21T16:01:15,17.2,2000,61230678,,0.999828,,0.000674615
openml.org/t/168332,Robert,RandomForest,5,1.69345,aws.docker,0.19.2,stable,2019-03-21T16:01:12,384.7,2000,61230683,,0.474,,1.69345
openml.org/t/168332,Robert,RandomForest,7,1.69673,aws.docker,0.19.2,stable,2019-03-21T16:01:00,384.7,2000,61230685,,0.464,,1.69673
openml.org/t/168332,Robert,RandomForest,8,1.6972,aws.docker,0.19.2,stable,2019-03-21T16:01:20,385.8,2000,61230686,,0.468,,1.6972
openml.org/t/168332,Robert,RandomForest,9,1.69329,aws.docker,0.19.2,stable,2019-03-21T16:02:16,386.2,2000,61230687,,0.471,,1.69329
openml.org/t/146212,Shuttle,RandomForest,1,0.00077879,aws.docker,0.19.2,stable,2019-03-21T16:02:55,17.4,2000,61230679,,0.999828,,0.00077879
openml.org/t/146212,Shuttle,RandomForest,2,0.000578831,aws.docker,0.19.2,stable,2019-03-21T16:03:08,17.4,2000,61230680,,1.0,,0.000578831
openml.org/t/146212,Shuttle,RandomForest,3,0.000649988,aws.docker,0.19.2,stable,2019-03-21T16:03:31,17.3,2000,61230681,,0.999828,,0.000649988
openml.org/t/146212,Shuttle,RandomForest,4,0.000777912,aws.docker,0.19.2,stable,2019-03-21T16:03:35,17.6,2000,61230682,,1.0,,0.000777912
openml.org/t/146212,Shuttle,RandomForest,5,0.000783399,aws.docker,0.19.2,stable,2019-03-21T16:04:41,17.2,2000,61230683,,0.999828,,0.000783399
openml.org/t/146212,Shuttle,RandomForest,7,0.000813884,aws.docker,0.19.2,stable,2019-03-21T16:04:59,17.3,2000,61230685,,1.0,,0.000813884
openml.org/t/146212,Shuttle,RandomForest,9,0.000648999,aws.docker,0.19.2,stable,2019-03-21T16:05:21,17.3,2000,61230687,,1.0,,0.000648999
openml.org/t/146212,Shuttle,RandomForest,6,0.000553937,aws.docker,0.19.2,stable,2019-03-21T16:05:10,17.3,2000,61230684,,1.0,,0.000553937
openml.org/t/146212,Shuttle,RandomForest,8,0.00146726,aws.docker,0.19.2,stable,2019-03-21T16:05:36,17.1,2000,61230686,,0.999655,,0.00146726
openml.org/t/168331,Volkert,RandomForest,0,0.987394,aws.docker,0.19.2,stable,2019-03-21T16:12:08,307.1,2000,61230678,,0.662322,,0.987394
openml.org/t/168331,Volkert,RandomForest,1,0.979872,aws.docker,0.19.2,stable,2019-03-21T16:12:34,307.6,2000,61230679,,0.676385,,0.979872
openml.org/t/168331,Volkert,RandomForest,2,0.97477,aws.docker,0.19.2,stable,2019-03-21T16:12:58,307.8,2000,61230680,,0.676899,,0.97477
openml.org/t/168331,Volkert,RandomForest,4,0.971251,aws.docker,0.19.2,stable,2019-03-21T16:13:08,305.8,2000,61230682,,0.687189,,0.971251
openml.org/t/168331,Volkert,RandomForest,3,0.993165,aws.docker,0.19.2,stable,2019-03-21T16:13:18,307.0,2000,61230681,,0.683588,,0.993165
openml.org/t/168331,Volkert,RandomForest,5,0.983897,aws.docker,0.19.2,stable,2019-03-21T16:14:20,307.6,2000,61230683,,0.67467,,0.983897
openml.org/t/168331,Volkert,RandomForest,6,0.964742,aws.docker,0.19.2,stable,2019-03-21T16:14:31,308.1,2000,61230684,,0.687704,,0.964742
openml.org/t/168331,Volkert,RandomForest,7,0.976747,aws.docker,0.19.2,stable,2019-03-21T16:14:46,305.4,2000,61230685,,0.674327,,0.976747
openml.org/t/168331,Volkert,RandomForest,8,0.976521,aws.docker,0.19.2,stable,2019-03-21T16:15:05,310.3,2000,61230686,,0.674841,,0.976521
openml.org/t/168331,Volkert,RandomForest,9,0.982099,aws.docker,0.19.2,stable,2019-03-21T16:15:36,309.2,2000,61230687,,0.6793,,0.982099
openml.org/t/9910,bioresponse,TunedRandomForest,2,0.890938,aws.docker,0.19.2,stable,2019-03-22T00:46:02,150.1,2000,3277106765,,0.813333,0.890938,
openml.org/t/9910,bioresponse,TunedRandomForest,0,0.882139,aws.docker,0.19.2,stable,2019-03-22T00:45:58,144.9,2000,3277106763,,0.821809,0.882139,
openml.org/t/9910,bioresponse,TunedRandomForest,1,0.876131,aws.docker,0.19.2,stable,2019-03-22T00:45:57,145.2,2000,3277106764,,0.810667,0.876131,
openml.org/t/9910,bioresponse,TunedRandomForest,4,0.893888,aws.docker,0.19.2,stable,2019-03-22T00:46:07,146.8,2000,3277106767,,0.805333,0.893888,
openml.org/t/9910,bioresponse,TunedRandomForest,6,0.867281,aws.docker,0.19.2,stable,2019-03-22T00:46:20,145.2,2000,3277106769,,0.786667,0.867281,
openml.org/t/9910,bioresponse,TunedRandomForest,3,0.915053,aws.docker,0.19.2,stable,2019-03-22T00:46:17,144.6,2000,3277106766,,0.84,0.915053,
openml.org/t/9910,bioresponse,TunedRandomForest,5,0.865907,aws.docker,0.19.2,stable,2019-03-22T00:46:20,149.4,2000,3277106768,,0.789333,0.865907,
openml.org/t/9910,bioresponse,TunedRandomForest,9,0.849917,aws.docker,0.19.2,stable,2019-03-22T00:46:33,142.2,2000,3277106772,,0.781333,0.849917,
openml.org/t/9910,bioresponse,TunedRandomForest,7,0.886796,aws.docker,0.19.2,stable,2019-03-22T00:46:28,145.9,2000,3277106770,,0.818667,0.886796,
openml.org/t/9910,bioresponse,TunedRandomForest,8,0.884575,aws.docker,0.19.2,stable,2019-03-22T00:46:30,145.0,2000,3277106771,,0.826667,0.884575,
openml.org/t/125920,dresses-sales,TunedRandomForest,0,0.465517,aws.docker,0.19.2,stable,2019-03-22T00:52:31,172.7,2000,3277106763,,0.52,0.465517,
openml.org/t/125920,dresses-sales,TunedRandomForest,1,0.614122,aws.docker,0.19.2,stable,2019-03-22T00:52:26,173.8,2000,3277106764,,0.62,0.614122,
openml.org/t/125920,dresses-sales,TunedRandomForest,2,0.559113,aws.docker,0.19.2,stable,2019-03-22T00:52:21,172.6,2000,3277106765,,0.62,0.559113,
openml.org/t/125920,dresses-sales,TunedRandomForest,6,0.62069,aws.docker,0.19.2,stable,2019-03-22T00:52:43,173.9,2000,3277106769,,0.66,0.62069,
openml.org/t/125920,dresses-sales,TunedRandomForest,7,0.705255,aws.docker,0.19.2,stable,2019-03-22T00:52:46,174.0,2000,3277106770,,0.68,0.705255,
openml.org/t/125920,dresses-sales,TunedRandomForest,4,0.55665,aws.docker,0.19.2,stable,2019-03-22T00:52:37,171.9,2000,3277106767,,0.56,0.55665,
openml.org/t/125920,dresses-sales,TunedRandomForest,3,0.422824,aws.docker,0.19.2,stable,2019-03-22T00:52:42,171.1,2000,3277106766,,0.5,0.422824,
openml.org/t/125920,dresses-sales,TunedRandomForest,8,0.448276,aws.docker,0.19.2,stable,2019-03-22T00:52:55,172.4,2000,3277106771,,0.46,0.448276,
openml.org/t/125920,dresses-sales,TunedRandomForest,9,0.642036,aws.docker,0.19.2,stable,2019-03-22T00:53:10,172.3,2000,3277106772,,0.58,0.642036,
openml.org/t/125920,dresses-sales,TunedRandomForest,5,0.512315,aws.docker,0.19.2,stable,2019-03-22T00:53:25,172.0,2000,3277106768,,0.5,0.512315,
openml.org/t/2079,eucalyptus,TunedRandomForest,0,0.683369,aws.docker,0.19.2,stable,2019-03-22T00:59:40,225.5,2000,3277106763,,0.662162,,0.683369
openml.org/t/2079,eucalyptus,TunedRandomForest,5,0.677709,aws.docker,0.19.2,stable,2019-03-22T00:59:54,225.9,2000,3277106768,,0.783784,,0.677709
openml.org/t/2079,eucalyptus,TunedRandomForest,6,0.837573,aws.docker,0.19.2,stable,2019-03-22T00:59:55,226.8,2000,3277106769,,0.589041,,0.837573
openml.org/t/2079,eucalyptus,TunedRandomForest,4,0.686127,aws.docker,0.19.2,stable,2019-03-22T00:59:52,224.9,2000,3277106767,,0.702703,,0.686127
openml.org/t/2079,eucalyptus,TunedRandomForest,1,0.670065,aws.docker,0.19.2,stable,2019-03-22T00:59:53,228.6,2000,3277106764,,0.756757,,0.670065
openml.org/t/2079,eucalyptus,TunedRandomForest,7,0.693173,aws.docker,0.19.2,stable,2019-03-22T01:00:03,227.5,2000,3277106770,,0.643836,,0.693173
openml.org/t/2079,eucalyptus,TunedRandomForest,3,0.70311,aws.docker,0.19.2,stable,2019-03-22T01:00:03,227.9,2000,3277106766,,0.662162,,0.70311
openml.org/t/2079,eucalyptus,TunedRandomForest,2,0.76318,aws.docker,0.19.2,stable,2019-03-22T01:00:17,226.2,2000,3277106765,,0.594595,,0.76318
openml.org/t/2079,eucalyptus,TunedRandomForest,9,0.672318,aws.docker,0.19.2,stable,2019-03-22T01:00:44,226.4,2000,3277106772,,0.712329,,0.672318
openml.org/t/2079,eucalyptus,TunedRandomForest,8,0.695648,aws.docker,0.19.2,stable,2019-03-22T01:00:55,229.6,2000,3277106771,,0.657534,,0.695648
openml.org/t/167125,internet-advertisements,TunedRandomForest,1,0.992021,aws.docker,0.19.2,stable,2019-03-22T01:55:30,209.0,2000,3277106764,,0.981707,0.992021,
openml.org/t/167125,internet-advertisements,TunedRandomForest,0,0.987203,aws.docker,0.19.2,stable,2019-03-22T01:55:27,215.2,2000,3277106763,,0.97561,0.987203,
openml.org/t/167125,internet-advertisements,TunedRandomForest,2,0.991405,aws.docker,0.19.2,stable,2019-03-22T01:55:29,215.3,2000,3277106765,,0.966463,0.991405,
openml.org/t/167125,internet-advertisements,TunedRandomForest,3,0.998188,aws.docker,0.19.2,stable,2019-03-22T01:55:29,211.0,2000,3277106766,,0.978659,0.998188,
openml.org/t/167125,internet-advertisements,TunedRandomForest,6,0.986163,aws.docker,0.19.2,stable,2019-03-22T01:55:46,211.7,2000,3277106769,,0.969512,0.986163,
openml.org/t/167125,internet-advertisements,TunedRandomForest,4,0.996762,aws.docker,0.19.2,stable,2019-03-22T01:55:47,209.9,2000,3277106767,,0.984756,0.996762,
openml.org/t/167125,internet-advertisements,TunedRandomForest,7,0.96134,aws.docker,0.19.2,stable,2019-03-22T01:55:55,210.7,2000,3277106770,,0.969512,0.96134,
openml.org/t/167125,internet-advertisements,TunedRandomForest,8,0.990402,aws.docker,0.19.2,stable,2019-03-22T01:56:20,210.1,2000,3277106771,,0.981707,0.990402,
openml.org/t/167125,internet-advertisements,TunedRandomForest,9,0.988889,aws.docker,0.19.2,stable,2019-03-22T01:56:28,211.2,2000,3277106772,,0.969419,0.988889,
openml.org/t/167125,internet-advertisements,TunedRandomForest,5,0.980805,aws.docker,0.19.2,stable,2019-03-22T01:56:38,214.7,2000,3277106768,,0.984756,0.980805,
openml.org/t/9950,micro-mass,TunedRandomForest,0,0.343752,aws.docker,0.19.2,stable,2019-03-22T02:15:38,1008.2,2000,3277106763,,0.896552,,0.343752
openml.org/t/9950,micro-mass,TunedRandomForest,1,0.38329,aws.docker,0.19.2,stable,2019-03-22T02:15:52,1023.2,2000,3277106764,,0.947368,,0.38329
openml.org/t/9950,micro-mass,TunedRandomForest,2,0.50719,aws.docker,0.19.2,stable,2019-03-22T02:15:42,1003.0,2000,3277106765,,0.877193,,0.50719
openml.org/t/9950,micro-mass,TunedRandomForest,4,0.472043,aws.docker,0.19.2,stable,2019-03-22T02:16:04,1009.4,2000,3277106767,,0.912281,,0.472043
openml.org/t/9950,micro-mass,TunedRandomForest,5,0.476562,aws.docker,0.19.2,stable,2019-03-22T02:16:17,1015.6,2000,3277106768,,0.894737,,0.476562
openml.org/t/9950,micro-mass,TunedRandomForest,3,0.31616,aws.docker,0.19.2,stable,2019-03-22T02:16:11,1025.9,2000,3277106766,,0.964912,,0.31616
openml.org/t/9950,micro-mass,TunedRandomForest,6,0.566856,aws.docker,0.19.2,stable,2019-03-22T02:16:35,1020.5,2000,3277106769,,0.807018,,0.566856
openml.org/t/9950,micro-mass,TunedRandomForest,7,0.498631,aws.docker,0.19.2,stable,2019-03-22T02:16:55,1015.6,2000,3277106770,,0.859649,,0.498631
openml.org/t/9950,micro-mass,TunedRandomForest,9,0.524361,aws.docker,0.19.2,stable,2019-03-22T02:17:11,1018.7,2000,3277106772,,0.859649,,0.524361
openml.org/t/9950,micro-mass,TunedRandomForest,8,0.536023,aws.docker,0.19.2,stable,2019-03-22T02:17:26,1024.4,2000,3277106771,,0.859649,,0.536023
openml.org/t/168765,christine,TunedRandomForest,0,0.82072,aws.docker,0.19.2,stable,2019-03-22T03:15:24,818.8,2000,1788106819,,0.728782,0.82072,0.53875
openml.org/t/168765,christine,TunedRandomForest,1,0.815907,aws.docker,0.19.2,stable,2019-03-22T03:15:28,821.4,2000,1788106820,,0.743542,0.815907,0.540404
openml.org/t/168765,christine,TunedRandomForest,2,0.80835,aws.docker,0.19.2,stable,2019-03-22T03:15:41,799.5,2000,1788106821,,0.730627,0.80835,0.550614
openml.org/t/168765,christine,TunedRandomForest,3,0.795577,aws.docker,0.19.2,stable,2019-03-22T03:15:45,820.5,2000,1788106822,,0.726937,0.795577,0.554169
openml.org/t/168765,christine,TunedRandomForest,5,0.812877,aws.docker,0.19.2,stable,2019-03-22T03:15:57,818.0,2000,1788106824,,0.734317,0.812877,0.5496
openml.org/t/168765,christine,TunedRandomForest,6,0.809623,aws.docker,0.19.2,stable,2019-03-22T03:16:01,815.6,2000,1788106825,,0.734317,0.809623,0.549931
openml.org/t/168765,christine,TunedRandomForest,9,0.764562,aws.docker,0.19.2,stable,2019-03-22T03:16:26,832.6,2000,1788106828,,0.702403,0.764562,0.57988
openml.org/t/168765,christine,TunedRandomForest,8,0.808275,aws.docker,0.19.2,stable,2019-03-22T03:16:05,819.6,2000,1788106827,,0.728281,0.808275,0.553871
openml.org/t/168765,christine,TunedRandomForest,7,0.813415,aws.docker,0.19.2,stable,2019-03-22T03:16:06,816.1,2000,1788106826,,0.725092,0.813415,0.539764
openml.org/t/168765,christine,TunedRandomForest,4,0.801004,aws.docker,0.19.2,stable,2019-03-22T03:16:35,828.9,2000,1788106823,,0.708487,0.801004,0.556641
openml.org/t/168770,dilbert,TunedRandomForest,1,0.32806,aws.docker,0.19.2,stable,2019-03-22T04:20:06,2316.0,2000,1788106820,,0.977,,0.32806
openml.org/t/168770,dilbert,TunedRandomForest,0,0.340078,aws.docker,0.19.2,stable,2019-03-22T04:20:13,2325.7,2000,1788106819,,0.973,,0.340078
openml.org/t/168770,dilbert,TunedRandomForest,2,0.340616,aws.docker,0.19.2,stable,2019-03-22T04:20:04,2319.7,2000,1788106821,,0.968,,0.340616
openml.org/t/168770,dilbert,TunedRandomForest,3,0.329968,aws.docker,0.19.2,stable,2019-03-22T04:20:20,2318.7,2000,1788106822,,0.978,,0.329968
openml.org/t/168770,dilbert,TunedRandomForest,8,0.312111,aws.docker,0.19.2,stable,2019-03-22T04:20:42,2262.4,2000,1788106827,,0.978,,0.312111
openml.org/t/168770,dilbert,TunedRandomForest,4,0.321205,aws.docker,0.19.2,stable,2019-03-22T04:20:45,2318.0,2000,1788106823,,0.98,,0.321205
openml.org/t/168770,dilbert,TunedRandomForest,5,0.322758,aws.docker,0.19.2,stable,2019-03-22T04:20:42,2319.1,2000,1788106824,,0.976,,0.322758
openml.org/t/168770,dilbert,TunedRandomForest,7,0.339062,aws.docker,0.19.2,stable,2019-03-22T04:20:46,2325.2,2000,1788106826,,0.979,,0.339062
openml.org/t/168770,dilbert,TunedRandomForest,6,0.330163,aws.docker,0.19.2,stable,2019-03-22T04:21:05,2330.3,2000,1788106825,,0.98,,0.330163
openml.org/t/168770,dilbert,TunedRandomForest,9,0.320644,aws.docker,0.19.2,stable,2019-03-22T04:21:44,2326.9,2000,1788106828,,0.98,,0.320644
openml.org/t/168760,fabert,TunedRandomForest,0,0.769612,aws.docker,0.19.2,stable,2019-03-22T05:16:26,920.5,2000,1788106819,,0.708738,,0.769612
openml.org/t/168760,fabert,TunedRandomForest,3,0.81,aws.docker,0.19.2,stable,2019-03-22T05:16:45,921.7,2000,1788106822,,0.697816,,0.81
openml.org/t/168760,fabert,TunedRandomForest,1,0.789677,aws.docker,0.19.2,stable,2019-03-22T05:16:45,928.4,2000,1788106820,,0.717233,,0.789677
openml.org/t/168760,fabert,TunedRandomForest,2,0.792467,aws.docker,0.19.2,stable,2019-03-22T05:17:06,933.8,2000,1788106821,,0.717233,,0.792467
openml.org/t/168760,fabert,TunedRandomForest,4,0.806743,aws.docker,0.19.2,stable,2019-03-22T05:17:18,924.3,2000,1788106823,,0.716019,,0.806743
openml.org/t/168760,fabert,TunedRandomForest,8,0.837588,aws.docker,0.19.2,stable,2019-03-22T05:17:36,920.6,2000,1788106827,,0.708384,,0.837588
openml.org/t/168760,fabert,TunedRandomForest,7,0.815354,aws.docker,0.19.2,stable,2019-03-22T05:17:29,925.0,2000,1788106826,,0.686513,,0.815354
openml.org/t/168760,fabert,TunedRandomForest,5,0.763518,aws.docker,0.19.2,stable,2019-03-22T05:17:27,921.0,2000,1788106824,,0.73301,,0.763518
openml.org/t/168760,fabert,TunedRandomForest,6,0.821653,aws.docker,0.19.2,stable,2019-03-22T05:17:35,928.5,2000,1788106825,,0.695388,,0.821653
openml.org/t/168760,fabert,TunedRandomForest,9,0.827186,aws.docker,0.19.2,stable,2019-03-22T05:18:11,910.2,2000,1788106828,,0.697448,,0.827186
openml.org/t/168764,jasmine,TunedRandomForest,0,0.880805,aws.docker,0.19.2,stable,2019-03-22T05:31:37,699.1,2000,1788106819,,0.812709,0.880805,0.396778
openml.org/t/168764,jasmine,TunedRandomForest,1,0.89226,aws.docker,0.19.2,stable,2019-03-22T05:31:53,697.3,2000,1788106820,,0.816054,0.89226,0.399261
openml.org/t/168764,jasmine,TunedRandomForest,2,0.922931,aws.docker,0.19.2,stable,2019-03-22T05:32:00,702.4,2000,1788106821,,0.852843,0.922931,0.349288
openml.org/t/168764,jasmine,TunedRandomForest,3,0.871141,aws.docker,0.19.2,stable,2019-03-22T05:32:22,696.5,2000,1788106822,,0.819398,0.871141,0.397082
openml.org/t/168764,jasmine,TunedRandomForest,7,0.86397,aws.docker,0.19.2,stable,2019-03-22T05:32:44,694.0,2000,1788106826,,0.791946,0.86397,0.426932
openml.org/t/168764,jasmine,TunedRandomForest,6,0.891581,aws.docker,0.19.2,stable,2019-03-22T05:32:48,704.5,2000,1788106825,,0.825503,0.891581,0.395413
openml.org/t/168764,jasmine,TunedRandomForest,8,0.897527,aws.docker,0.19.2,stable,2019-03-22T05:32:57,702.6,2000,1788106827,,0.832215,0.897527,0.383184
openml.org/t/168764,jasmine,TunedRandomForest,4,0.89246,aws.docker,0.19.2,stable,2019-03-22T05:32:55,692.1,2000,1788106823,,0.798658,0.89246,0.419155
openml.org/t/168764,jasmine,TunedRandomForest,5,0.885974,aws.docker,0.19.2,stable,2019-03-22T05:32:41,701.0,2000,1788106824,,0.798658,0.885974,0.405458
openml.org/t/168764,jasmine,TunedRandomForest,9,0.88728,aws.docker,0.19.2,stable,2019-03-22T05:33:33,701.1,2000,1788106828,,0.808725,0.88728,0.386983
openml.org/t/168761,sylvine,TunedRandomForest,0,0.978196,aws.docker,0.19.2,stable,2019-03-22T05:56:48,1299.1,2000,1788106819,,0.931774,0.978196,0.181845
openml.org/t/168761,sylvine,TunedRandomForest,1,0.988372,aws.docker,0.19.2,stable,2019-03-22T05:57:10,1301.0,2000,1788106820,,0.947368,0.988372,0.141019
openml.org/t/168761,sylvine,TunedRandomForest,3,0.986085,aws.docker,0.19.2,stable,2019-03-22T05:57:44,1312.6,2000,1788106822,,0.937622,0.986085,0.153116
openml.org/t/168761,sylvine,TunedRandomForest,2,0.986184,aws.docker,0.19.2,stable,2019-03-22T05:57:48,1326.5,2000,1788106821,,0.949318,0.986184,0.152894
openml.org/t/168761,sylvine,TunedRandomForest,5,0.978813,aws.docker,0.19.2,stable,2019-03-22T05:58:28,1322.2,2000,1788106824,,0.935547,0.978813,0.17175
openml.org/t/168761,sylvine,TunedRandomForest,7,0.980453,aws.docker,0.19.2,stable,2019-03-22T05:58:35,1336.0,2000,1788106826,,0.9375,0.980453,0.166819
openml.org/t/168761,sylvine,TunedRandomForest,6,0.981392,aws.docker,0.19.2,stable,2019-03-22T05:58:18,1317.3,2000,1788106825,,0.943359,0.981392,0.165883
openml.org/t/168761,sylvine,TunedRandomForest,4,0.98542,aws.docker,0.19.2,stable,2019-03-22T05:58:29,1327.6,2000,1788106823,,0.945312,0.98542,0.155552
openml.org/t/168761,sylvine,TunedRandomForest,8,0.986275,aws.docker,0.19.2,stable,2019-03-22T05:58:31,1328.1,2000,1788106827,,0.955078,0.986275,0.147904
openml.org/t/168761,sylvine,TunedRandomForest,9,0.987862,aws.docker,0.19.2,stable,2019-03-22T05:59:29,1330.1,2000,1788106828,,0.941406,0.987862,0.149537
openml.org/t/146818,Australian,TunedRandomForest,2,0.910017,aws.docker,0.19.2,stable,2019-03-22T06:06:04,173.5,2000,1955157741,,0.84058,0.910017,
openml.org/t/146818,Australian,TunedRandomForest,3,0.929117,aws.docker,0.19.2,stable,2019-03-22T06:06:09,174.4,2000,1955157742,,0.826087,0.929117,
openml.org/t/146818,Australian,TunedRandomForest,0,0.948217,aws.docker,0.19.2,stable,2019-03-22T06:06:03,173.1,2000,1955157739,,0.884058,0.948217,
openml.org/t/146818,Australian,TunedRandomForest,6,0.914261,aws.docker,0.19.2,stable,2019-03-22T06:06:17,169.9,2000,1955157745,,0.869565,0.914261,
openml.org/t/146818,Australian,TunedRandomForest,4,0.952462,aws.docker,0.19.2,stable,2019-03-22T06:06:15,173.1,2000,1955157743,,0.884058,0.952462,
openml.org/t/146818,Australian,TunedRandomForest,5,0.976231,aws.docker,0.19.2,stable,2019-03-22T06:06:24,177.9,2000,1955157744,,0.884058,0.976231,
openml.org/t/146818,Australian,TunedRandomForest,7,0.940598,aws.docker,0.19.2,stable,2019-03-22T06:06:35,178.0,2000,1955157746,,0.884058,0.940598,
openml.org/t/146818,Australian,TunedRandomForest,1,0.906621,aws.docker,0.19.2,stable,2019-03-22T06:06:42,174.3,2000,1955157740,,0.869565,0.906621,
openml.org/t/146818,Australian,TunedRandomForest,9,0.904701,aws.docker,0.19.2,stable,2019-03-22T06:06:54,177.3,2000,1955157748,,0.826087,0.904701,
openml.org/t/146818,Australian,TunedRandomForest,8,0.953846,aws.docker,0.19.2,stable,2019-03-22T06:06:59,178.0,2000,1955157747,,0.869565,0.953846,
openml.org/t/10101,blood-transfusion,TunedRandomForest,2,0.612086,aws.docker,0.19.2,stable,2019-03-22T06:10:24,57.3,2000,1955157741,,0.72,0.612086,
openml.org/t/10101,blood-transfusion,TunedRandomForest,0,0.753899,aws.docker,0.19.2,stable,2019-03-22T06:10:29,58.5,2000,1955157739,,0.76,0.753899,
openml.org/t/10101,blood-transfusion,TunedRandomForest,4,0.808967,aws.docker,0.19.2,stable,2019-03-22T06:10:39,57.5,2000,1955157743,,0.826667,0.808967,
openml.org/t/10101,blood-transfusion,TunedRandomForest,3,0.673977,aws.docker,0.19.2,stable,2019-03-22T06:10:44,57.5,2000,1955157742,,0.746667,0.673977,
openml.org/t/10101,blood-transfusion,TunedRandomForest,5,0.652534,aws.docker,0.19.2,stable,2019-03-22T06:10:49,57.9,2000,1955157744,,0.72,0.652534,
openml.org/t/10101,blood-transfusion,TunedRandomForest,6,0.67885,aws.docker,0.19.2,stable,2019-03-22T06:10:53,57.7,2000,1955157745,,0.72,0.67885,
openml.org/t/10101,blood-transfusion,TunedRandomForest,7,0.626218,aws.docker,0.19.2,stable,2019-03-22T06:11:01,58.1,2000,1955157746,,0.76,0.626218,
openml.org/t/10101,blood-transfusion,TunedRandomForest,9,0.626935,aws.docker,0.19.2,stable,2019-03-22T06:11:19,57.7,2000,1955157748,,0.702703,0.626935,
openml.org/t/10101,blood-transfusion,TunedRandomForest,8,0.73065,aws.docker,0.19.2,stable,2019-03-22T06:11:29,57.5,2000,1955157747,,0.824324,0.73065,
openml.org/t/10101,blood-transfusion,TunedRandomForest,1,0.701267,aws.docker,0.19.2,stable,2019-03-25T15:14:23,57.8,2000,594274335,,0.733333,0.701267,
openml.org/t/146821,car,TunedRandomForest,0,0.0556968,aws.docker,0.19.2,stable,2019-03-22T06:11:57,91.8,2000,1955157739,,0.982659,,0.0556968
openml.org/t/146821,car,TunedRandomForest,1,0.0427507,aws.docker,0.19.2,stable,2019-03-22T06:15:19,90.0,2000,1955157740,,0.982659,,0.0427507
openml.org/t/146821,car,TunedRandomForest,5,0.0651343,aws.docker,0.19.2,stable,2019-03-22T06:15:39,89.3,2000,1955157744,,0.965318,,0.0651343
openml.org/t/146821,car,TunedRandomForest,2,0.0413653,aws.docker,0.19.2,stable,2019-03-22T06:15:35,91.6,2000,1955157741,,0.982659,,0.0413653
openml.org/t/146821,car,TunedRandomForest,3,0.0407515,aws.docker,0.19.2,stable,2019-03-22T06:15:40,91.4,2000,1955157742,,0.982659,,0.0407515
openml.org/t/146821,car,TunedRandomForest,4,0.0376832,aws.docker,0.19.2,stable,2019-03-22T06:15:40,89.8,2000,1955157743,,1.0,,0.0376832
openml.org/t/146821,car,TunedRandomForest,7,0.0711097,aws.docker,0.19.2,stable,2019-03-22T06:16:02,91.1,2000,1955157746,,0.953757,,0.0711097
openml.org/t/146821,car,TunedRandomForest,6,0.0401221,aws.docker,0.19.2,stable,2019-03-22T06:15:56,91.3,2000,1955157745,,0.988439,,0.0401221
openml.org/t/146821,car,TunedRandomForest,8,0.0403888,aws.docker,0.19.2,stable,2019-03-22T06:16:11,92.1,2000,1955157747,,0.988372,,0.0403888
openml.org/t/146821,car,TunedRandomForest,9,0.0383882,aws.docker,0.19.2,stable,2019-03-22T06:16:25,91.1,2000,1955157748,,0.982558,,0.0383882
openml.org/t/31,credit-g,TunedRandomForest,0,0.864524,aws.docker,0.19.2,stable,2019-03-22T06:19:02,217.8,2000,1955157739,,0.76,0.864524,0.454314
openml.org/t/31,credit-g,TunedRandomForest,1,0.787143,aws.docker,0.19.2,stable,2019-03-22T06:22:26,216.5,2000,1955157740,,0.75,0.787143,0.499081
openml.org/t/31,credit-g,TunedRandomForest,2,0.758571,aws.docker,0.19.2,stable,2019-03-22T06:22:30,215.6,2000,1955157741,,0.77,0.758571,0.519848
openml.org/t/31,credit-g,TunedRandomForest,4,0.77,aws.docker,0.19.2,stable,2019-03-22T06:22:38,216.6,2000,1955157743,,0.69,0.77,0.517952
openml.org/t/31,credit-g,TunedRandomForest,5,0.830476,aws.docker,0.19.2,stable,2019-03-22T06:22:36,211.1,2000,1955157744,,0.76,0.830476,0.47699
openml.org/t/31,credit-g,TunedRandomForest,3,0.771667,aws.docker,0.19.2,stable,2019-03-22T06:22:41,214.4,2000,1955157742,,0.79,0.771667,0.510337
openml.org/t/31,credit-g,TunedRandomForest,6,0.809762,aws.docker,0.19.2,stable,2019-03-22T06:22:56,214.6,2000,1955157745,,0.74,0.809762,0.483117
openml.org/t/31,credit-g,TunedRandomForest,7,0.819286,aws.docker,0.19.2,stable,2019-03-22T06:22:54,210.2,2000,1955157746,,0.77,0.819286,0.488922
openml.org/t/31,credit-g,TunedRandomForest,8,0.761429,aws.docker,0.19.2,stable,2019-03-22T06:23:08,216.8,2000,1955157747,,0.74,0.761429,0.520406
openml.org/t/31,credit-g,TunedRandomForest,9,0.799524,aws.docker,0.19.2,stable,2019-03-22T06:23:42,217.5,2000,1955157748,,0.72,0.799524,0.497476
openml.org/t/3917,kc1,TunedRandomForest,0,0.858851,aws.docker,0.19.2,stable,2019-03-22T06:29:24,381.2,2000,1955157739,,0.876777,0.858851,
openml.org/t/3917,kc1,TunedRandomForest,1,0.819745,aws.docker,0.19.2,stable,2019-03-22T06:32:11,378.3,2000,1955157740,,0.881517,0.819745,
openml.org/t/3917,kc1,TunedRandomForest,3,0.847038,aws.docker,0.19.2,stable,2019-03-22T06:32:18,378.3,2000,1955157742,,0.85782,0.847038,
openml.org/t/3917,kc1,TunedRandomForest,4,0.779877,aws.docker,0.19.2,stable,2019-03-22T06:32:25,377.4,2000,1955157743,,0.838863,0.779877,
openml.org/t/3917,kc1,TunedRandomForest,2,0.882071,aws.docker,0.19.2,stable,2019-03-22T06:32:18,371.4,2000,1955157741,,0.853081,0.882071,
openml.org/t/3917,kc1,TunedRandomForest,6,0.859465,aws.docker,0.19.2,stable,2019-03-22T06:32:44,377.6,2000,1955157745,,0.886256,0.859465,
openml.org/t/3917,kc1,TunedRandomForest,8,0.890705,aws.docker,0.19.2,stable,2019-03-22T06:32:44,371.6,2000,1955157747,,0.886256,0.890705,
openml.org/t/3917,kc1,TunedRandomForest,7,0.862445,aws.docker,0.19.2,stable,2019-03-22T06:32:53,380.6,2000,1955157746,,0.85782,0.862445,
openml.org/t/3917,kc1,TunedRandomForest,5,0.814947,aws.docker,0.19.2,stable,2019-03-22T06:33:12,373.9,2000,1955157744,,0.853081,0.814947,
openml.org/t/3917,kc1,TunedRandomForest,9,0.791871,aws.docker,0.19.2,stable,2019-03-22T06:33:32,377.1,2000,1955157748,,0.866667,0.791871,
openml.org/t/3,kr-vs-kp,TunedRandomForest,0,0.999843,aws.docker,0.19.2,stable,2019-03-22T06:36:51,230.4,2000,1955157739,,0.99375,0.999843,0.0192614
openml.org/t/3,kr-vs-kp,TunedRandomForest,1,0.999961,aws.docker,0.19.2,stable,2019-03-22T06:39:15,221.7,2000,1955157740,,0.99375,0.999961,0.0198183
openml.org/t/3,kr-vs-kp,TunedRandomForest,5,1.0,aws.docker,0.19.2,stable,2019-03-22T06:39:40,225.5,2000,1955157744,,1.0,1.0,0.00288455
openml.org/t/3,kr-vs-kp,TunedRandomForest,2,0.999569,aws.docker,0.19.2,stable,2019-03-22T06:39:42,229.7,2000,1955157741,,0.99375,0.999569,0.0249319
openml.org/t/3,kr-vs-kp,TunedRandomForest,3,1.0,aws.docker,0.19.2,stable,2019-03-22T06:39:40,231.0,2000,1955157742,,1.0,1.0,0.0116314
openml.org/t/3,kr-vs-kp,TunedRandomForest,4,1.0,aws.docker,0.19.2,stable,2019-03-22T06:39:50,230.8,2000,1955157743,,1.0,1.0,0.00479394
openml.org/t/3,kr-vs-kp,TunedRandomForest,6,0.999961,aws.docker,0.19.2,stable,2019-03-22T06:39:55,230.1,2000,1955157745,,0.99373,0.999961,0.0156891
openml.org/t/3,kr-vs-kp,TunedRandomForest,8,1.0,aws.docker,0.19.2,stable,2019-03-22T06:40:27,223.9,2000,1955157747,,0.996865,1.0,0.0153332
openml.org/t/3,kr-vs-kp,TunedRandomForest,7,0.99541,aws.docker,0.19.2,stable,2019-03-22T06:40:25,230.8,2000,1955157746,,0.981191,0.99541,0.132624
openml.org/t/3,kr-vs-kp,TunedRandomForest,9,1.0,aws.docker,0.19.2,stable,2019-03-22T06:40:44,225.3,2000,1955157748,,0.996865,1.0,0.00832813
openml.org/t/9952,phoneme,TunedRandomForest,0,0.964413,aws.docker,0.19.2,stable,2019-03-22T06:45:14,292.0,2000,1955157739,,0.90573,0.964413,
openml.org/t/9952,phoneme,TunedRandomForest,1,0.97481,aws.docker,0.19.2,stable,2019-03-22T06:47:31,294.5,2000,1955157740,,0.927911,0.97481,
openml.org/t/9952,phoneme,TunedRandomForest,2,0.959762,aws.docker,0.19.2,stable,2019-03-22T06:47:51,292.1,2000,1955157741,,0.889094,0.959762,
openml.org/t/9952,phoneme,TunedRandomForest,3,0.960033,aws.docker,0.19.2,stable,2019-03-22T06:48:00,292.5,2000,1955157742,,0.898336,0.960033,
openml.org/t/9952,phoneme,TunedRandomForest,4,0.949798,aws.docker,0.19.2,stable,2019-03-22T06:47:55,289.4,2000,1955157743,,0.901852,0.949798,
openml.org/t/9952,phoneme,TunedRandomForest,5,0.974708,aws.docker,0.19.2,stable,2019-03-22T06:48:06,297.3,2000,1955157744,,0.931481,0.974708,
openml.org/t/9952,phoneme,TunedRandomForest,6,0.979977,aws.docker,0.19.2,stable,2019-03-22T06:48:05,285.5,2000,1955157745,,0.935185,0.979977,
openml.org/t/9952,phoneme,TunedRandomForest,7,0.966689,aws.docker,0.19.2,stable,2019-03-22T06:48:28,289.7,2000,1955157746,,0.916667,0.966689,
openml.org/t/9952,phoneme,TunedRandomForest,8,0.956371,aws.docker,0.19.2,stable,2019-03-22T06:48:52,291.0,2000,1955157747,,0.9,0.956371,
openml.org/t/9952,phoneme,TunedRandomForest,9,0.965566,aws.docker,0.19.2,stable,2019-03-22T06:49:12,291.9,2000,1955157748,,0.92037,0.965566,
openml.org/t/146822,segment,TunedRandomForest,0,0.0738129,aws.docker,0.19.2,stable,2019-03-22T06:56:35,451.6,2000,1955157739,,0.987013,,0.0738129
openml.org/t/146822,segment,TunedRandomForest,2,0.0516903,aws.docker,0.19.2,stable,2019-03-22T06:58:33,447.1,2000,1955157741,,0.995671,,0.0516903
openml.org/t/146822,segment,TunedRandomForest,1,0.0885777,aws.docker,0.19.2,stable,2019-03-22T06:58:42,449.3,2000,1955157740,,0.982684,,0.0885777
openml.org/t/146822,segment,TunedRandomForest,3,0.0609423,aws.docker,0.19.2,stable,2019-03-22T06:58:57,455.9,2000,1955157742,,0.978355,,0.0609423
openml.org/t/146822,segment,TunedRandomForest,5,0.0620067,aws.docker,0.19.2,stable,2019-03-22T06:58:58,454.6,2000,1955157744,,0.969697,,0.0620067
openml.org/t/146822,segment,TunedRandomForest,4,0.0353027,aws.docker,0.19.2,stable,2019-03-22T06:59:01,453.6,2000,1955157743,,0.995671,,0.0353027
openml.org/t/146822,segment,TunedRandomForest,7,0.121684,aws.docker,0.19.2,stable,2019-03-22T06:59:18,451.0,2000,1955157746,,0.95671,,0.121684
openml.org/t/146822,segment,TunedRandomForest,8,0.0711465,aws.docker,0.19.2,stable,2019-03-22T06:59:58,451.2,2000,1955157747,,0.978355,,0.0711465
openml.org/t/146822,segment,TunedRandomForest,9,0.0642802,aws.docker,0.19.2,stable,2019-03-22T07:00:21,451.0,2000,1955157748,,0.987013,,0.0642802
openml.org/t/146822,segment,TunedRandomForest,6,0.061792,aws.docker,0.19.2,stable,2019-03-22T07:00:24,454.4,2000,1955157745,,0.982684,,0.061792
openml.org/t/53,vehicle,TunedRandomForest,0,0.473579,aws.docker,0.19.2,stable,2019-03-22T07:04:25,249.3,2000,1955157739,,0.788235,,0.473579
openml.org/t/53,vehicle,TunedRandomForest,1,0.496022,aws.docker,0.19.2,stable,2019-03-22T07:06:05,246.5,2000,1955157740,,0.717647,,0.496022
openml.org/t/53,vehicle,TunedRandomForest,2,0.525359,aws.docker,0.19.2,stable,2019-03-22T07:06:18,246.8,2000,1955157741,,0.694118,,0.525359
openml.org/t/53,vehicle,TunedRandomForest,3,0.428592,aws.docker,0.19.2,stable,2019-03-22T07:06:21,248.4,2000,1955157742,,0.776471,,0.428592
openml.org/t/53,vehicle,TunedRandomForest,4,0.45713,aws.docker,0.19.2,stable,2019-03-22T07:06:32,242.0,2000,1955157743,,0.764706,,0.45713
openml.org/t/53,vehicle,TunedRandomForest,6,0.470336,aws.docker,0.19.2,stable,2019-03-22T07:06:49,242.5,2000,1955157745,,0.72619,,0.470336
openml.org/t/53,vehicle,TunedRandomForest,5,0.486718,aws.docker,0.19.2,stable,2019-03-22T07:06:41,241.0,2000,1955157744,,0.741176,,0.486718
openml.org/t/53,vehicle,TunedRandomForest,8,0.468624,aws.docker,0.19.2,stable,2019-03-22T07:07:38,241.4,2000,1955157747,,0.75,,0.468624
openml.org/t/53,vehicle,TunedRandomForest,7,0.461876,aws.docker,0.19.2,stable,2019-03-22T07:07:37,246.6,2000,1955157746,,0.797619,,0.461876
openml.org/t/53,vehicle,TunedRandomForest,9,0.567767,aws.docker,0.19.2,stable,2019-03-22T07:08:07,246.9,2000,1955157748,,0.690476,,0.567767
openml.org/t/7592,adult,TunedRandomForest,0,0.911258,aws.docker,0.19.2,stable,2019-03-22T07:55:43,2647.0,2000,1731837047,,0.864483,0.911258,
openml.org/t/7592,adult,TunedRandomForest,1,0.904741,aws.docker,0.19.2,stable,2019-03-22T07:55:54,2647.4,2000,1731837048,,0.855271,0.904741,
openml.org/t/7592,adult,TunedRandomForest,2,0.908686,aws.docker,0.19.2,stable,2019-03-22T07:55:59,2643.2,2000,1731837049,,0.860156,0.908686,
openml.org/t/7592,adult,TunedRandomForest,3,0.90775,aws.docker,0.19.2,stable,2019-03-22T07:56:15,2655.5,2000,1731837050,,0.851351,0.90775,
openml.org/t/7592,adult,TunedRandomForest,5,0.907088,aws.docker,0.19.2,stable,2019-03-22T07:56:21,2660.3,2000,1731837052,,0.857699,0.907088,
openml.org/t/7592,adult,TunedRandomForest,6,0.905251,aws.docker,0.19.2,stable,2019-03-22T07:56:23,2655.9,2000,1731837053,,0.853399,0.905251,
openml.org/t/7592,adult,TunedRandomForest,4,0.90748,aws.docker,0.19.2,stable,2019-03-22T07:56:42,2689.9,2000,1731837051,,0.86077,0.90748,
openml.org/t/7592,adult,TunedRandomForest,7,0.912082,aws.docker,0.19.2,stable,2019-03-22T07:56:31,2652.3,2000,1731837054,,0.859746,0.912082,
openml.org/t/7592,adult,TunedRandomForest,8,0.917338,aws.docker,0.19.2,stable,2019-03-22T07:56:52,2660.2,2000,1731837055,,0.862408,0.917338,
openml.org/t/7592,adult,TunedRandomForest,9,0.911975,aws.docker,0.19.2,stable,2019-03-22T07:56:50,2650.8,2000,1731837056,,0.860156,0.911975,
openml.org/t/9981,cnae-9,TunedRandomForest,1,0.433142,aws.docker,0.19.2,stable,2019-03-22T08:08:46,555.2,2000,1731837048,,0.851852,,0.433142
openml.org/t/9981,cnae-9,TunedRandomForest,0,0.266233,aws.docker,0.19.2,stable,2019-03-22T08:08:37,559.0,2000,1731837047,,0.916667,,0.266233
openml.org/t/9981,cnae-9,TunedRandomForest,2,0.222593,aws.docker,0.19.2,stable,2019-03-22T08:08:57,559.4,2000,1731837049,,0.916667,,0.222593
openml.org/t/9981,cnae-9,TunedRandomForest,3,0.386851,aws.docker,0.19.2,stable,2019-03-22T08:09:01,551.9,2000,1731837050,,0.851852,,0.386851
openml.org/t/9981,cnae-9,TunedRandomForest,6,0.254687,aws.docker,0.19.2,stable,2019-03-22T08:09:11,541.8,2000,1731837053,,0.907407,,0.254687
openml.org/t/9981,cnae-9,TunedRandomForest,4,0.290411,aws.docker,0.19.2,stable,2019-03-22T08:09:21,559.1,2000,1731837051,,0.925926,,0.290411
openml.org/t/9981,cnae-9,TunedRandomForest,5,0.2605,aws.docker,0.19.2,stable,2019-03-22T08:09:06,540.6,2000,1731837052,,0.916667,,0.2605
openml.org/t/9981,cnae-9,TunedRandomForest,7,0.30726,aws.docker,0.19.2,stable,2019-03-22T08:09:18,545.0,2000,1731837054,,0.851852,,0.30726
openml.org/t/9981,cnae-9,TunedRandomForest,8,0.278037,aws.docker,0.19.2,stable,2019-03-22T08:09:36,540.2,2000,1731837055,,0.916667,,0.278037
openml.org/t/9981,cnae-9,TunedRandomForest,9,0.236274,aws.docker,0.19.2,stable,2019-03-22T08:09:57,539.2,2000,1731837056,,0.916667,,0.236274
openml.org/t/146195,connect-4,TunedRandomForest,1,0.483956,aws.docker,0.19.2,stable,2019-03-22T09:04:22,3039.6,2000,1731837048,,0.817792,,0.483956
openml.org/t/146195,connect-4,TunedRandomForest,2,0.468371,aws.docker,0.19.2,stable,2019-03-22T09:04:20,3062.9,2000,1731837049,,0.824304,,0.468371
openml.org/t/146195,connect-4,TunedRandomForest,0,0.480311,aws.docker,0.19.2,stable,2019-03-22T09:04:24,2979.3,2000,1731837047,,0.817052,,0.480311
openml.org/t/146195,connect-4,TunedRandomForest,3,0.481284,aws.docker,0.19.2,stable,2019-03-22T09:04:40,2674.3,2000,1731837050,,0.821936,,0.481284
openml.org/t/146195,connect-4,TunedRandomForest,4,0.473478,aws.docker,0.19.2,stable,2019-03-22T09:04:41,2940.9,2000,1731837051,,0.825636,,0.473478
openml.org/t/146195,connect-4,TunedRandomForest,5,0.478334,aws.docker,0.19.2,stable,2019-03-22T09:04:48,3103.6,2000,1731837052,,0.816015,,0.478334
openml.org/t/146195,connect-4,TunedRandomForest,7,0.476525,aws.docker,0.19.2,stable,2019-03-22T09:04:55,3000.0,2000,1731837054,,0.822502,,0.476525
openml.org/t/146195,connect-4,TunedRandomForest,6,0.48492,aws.docker,0.19.2,stable,2019-03-22T09:04:49,3068.2,2000,1731837053,,0.81868,,0.48492
openml.org/t/146195,connect-4,TunedRandomForest,8,0.477135,aws.docker,0.19.2,stable,2019-03-22T09:05:10,2665.1,2000,1731837055,,0.821318,,0.477135
openml.org/t/146195,connect-4,TunedRandomForest,9,0.479573,aws.docker,0.19.2,stable,2019-03-22T09:05:38,2958.6,2000,1731837056,,0.823538,,0.479573
openml.org/t/168330,Jannis,TunedRandomForest,0,0.730579,aws.docker,0.19.2,stable,2019-03-22T10:15:06,2703.2,2000,1731837047,,0.706472,,0.730579
openml.org/t/168330,Jannis,TunedRandomForest,1,0.726401,aws.docker,0.19.2,stable,2019-03-22T10:15:10,2686.8,2000,1731837048,,0.718175,,0.726401
openml.org/t/168330,Jannis,TunedRandomForest,2,0.72362,aws.docker,0.19.2,stable,2019-03-22T10:15:21,2639.8,2000,1731837049,,0.71519,,0.72362
openml.org/t/168330,Jannis,TunedRandomForest,3,0.721155,aws.docker,0.19.2,stable,2019-03-22T10:18:27,2676.8,2000,1731837050,,0.708826,,0.721155
openml.org/t/168330,Jannis,TunedRandomForest,4,0.727958,aws.docker,0.19.2,stable,2019-03-22T10:18:46,2728.1,2000,1731837051,,0.715036,,0.727958
openml.org/t/168330,Jannis,TunedRandomForest,5,0.729919,aws.docker,0.19.2,stable,2019-03-22T10:20:24,2695.7,2000,1731837052,,0.713842,,0.729919
openml.org/t/12,mfeat-factors,TunedRandomForest,0,0.198218,aws.docker,0.19.2,stable,2019-03-22T11:03:38,2486.0,2000,1731837047,,0.97,,0.198218
openml.org/t/12,mfeat-factors,TunedRandomForest,1,0.215354,aws.docker,0.19.2,stable,2019-03-22T11:06:25,2562.9,2000,1731837048,,0.95,,0.215354
openml.org/t/168330,Jannis,TunedRandomForest,8,0.726046,aws.docker,0.19.2,stable,2019-03-22T11:18:07,2654.3,2000,1731837055,,0.718858,,0.726046
openml.org/t/168330,Jannis,TunedRandomForest,7,0.731501,aws.docker,0.19.2,stable,2019-03-22T11:18:12,2639.4,2000,1731837054,,0.710856,,0.731501
openml.org/t/168330,Jannis,TunedRandomForest,6,0.732448,aws.docker,0.19.2,stable,2019-03-22T11:19:01,2650.4,2000,1731837053,,0.709304,,0.732448
openml.org/t/168330,Jannis,TunedRandomForest,9,0.738247,aws.docker,0.19.2,stable,2019-03-22T11:22:24,2653.8,2000,1731837056,,0.703929,,0.738247
openml.org/t/12,mfeat-factors,TunedRandomForest,4,0.405271,aws.docker,0.19.2,stable,2019-03-22T11:47:36,2594.5,2000,1731837051,,0.93,,0.405271
openml.org/t/12,mfeat-factors,TunedRandomForest,2,0.184096,aws.docker,0.19.2,stable,2019-03-22T11:48:08,2626.8,2000,1731837049,,0.965,,0.184096
openml.org/t/12,mfeat-factors,TunedRandomForest,3,0.206173,aws.docker,0.19.2,stable,2019-03-22T11:48:04,2619.0,2000,1731837050,,0.965,,0.206173
openml.org/t/12,mfeat-factors,TunedRandomForest,5,0.189375,aws.docker,0.19.2,stable,2019-03-22T11:49:38,2624.4,2000,1731837052,,0.965,,0.189375
openml.org/t/12,mfeat-factors,TunedRandomForest,6,0.208628,aws.docker,0.19.2,stable,2019-03-22T11:50:24,2602.6,2000,1731837053,,0.965,,0.208628
openml.org/t/12,mfeat-factors,TunedRandomForest,7,0.164254,aws.docker,0.19.2,stable,2019-03-22T11:51:57,2523.3,2000,1731837054,,0.98,,0.164254
openml.org/t/12,mfeat-factors,TunedRandomForest,8,0.18453,aws.docker,0.19.2,stable,2019-03-22T12:03:43,2535.8,2000,1731837055,,0.96,,0.18453
openml.org/t/12,mfeat-factors,TunedRandomForest,9,0.210003,aws.docker,0.19.2,stable,2019-03-22T12:03:47,2533.2,2000,1731837056,,0.975,,0.210003
openml.org/t/9977,nomao,TunedRandomForest,0,0.994006,aws.docker,0.19.2,stable,2019-03-22T12:14:44,2525.7,2000,1731837047,,0.971279,0.994006,
openml.org/t/9977,nomao,TunedRandomForest,1,0.99513,aws.docker,0.19.2,stable,2019-03-22T12:17:25,2948.2,2000,1731837048,,0.970119,0.99513,
openml.org/t/9977,nomao,TunedRandomForest,2,0.993965,aws.docker,0.19.2,stable,2019-03-22T12:42:52,2766.1,2000,1731837049,,0.966928,0.993965,
openml.org/t/9977,nomao,TunedRandomForest,3,0.99588,aws.docker,0.19.2,stable,2019-03-22T12:43:18,1844.1,2000,1731837050,,0.9736,0.99588,
openml.org/t/9977,nomao,TunedRandomForest,4,0.99553,aws.docker,0.19.2,stable,2019-03-22T12:43:31,2779.0,2000,1731837051,,0.970989,0.99553,
openml.org/t/9977,nomao,TunedRandomForest,5,0.99531,aws.docker,0.19.2,stable,2019-03-22T12:45:05,2989.1,2000,1731837052,,0.968079,0.99531,
openml.org/t/9977,nomao,TunedRandomForest,6,0.994849,aws.docker,0.19.2,stable,2019-03-22T12:45:30,1933.5,2000,1731837053,,0.965757,0.994849,
openml.org/t/9977,nomao,TunedRandomForest,7,0.995969,aws.docker,0.19.2,stable,2019-03-22T12:47:16,1678.6,2000,1731837054,,0.973012,0.995969,
openml.org/t/9977,nomao,TunedRandomForest,9,0.995156,aws.docker,0.19.2,stable,2019-03-22T12:58:48,2700.3,2000,1731837056,,0.97011,0.995156,
openml.org/t/9977,nomao,TunedRandomForest,8,0.99472,aws.docker,0.19.2,stable,2019-03-22T12:59:07,1887.9,2000,1731837055,,0.96953,0.99472,
openml.org/t/34539,Amazon_employee_access,TunedRandomForest,0,0.889001,aws.docker,0.19.2,stable,2019-03-22T15:16:53,1521.9,2000,4219952066,,0.948734,0.889001,
openml.org/t/34539,Amazon_employee_access,TunedRandomForest,1,0.855888,aws.docker,0.19.2,stable,2019-03-22T15:16:57,1526.6,2000,4219952067,,0.95209,0.855888,
openml.org/t/34539,Amazon_employee_access,TunedRandomForest,2,0.855098,aws.docker,0.19.2,stable,2019-03-22T15:17:18,1552.9,2000,4219952068,,0.949039,0.855098,
openml.org/t/34539,Amazon_employee_access,TunedRandomForest,3,0.867561,aws.docker,0.19.2,stable,2019-03-22T15:17:27,1546.8,2000,4219952069,,0.948123,0.867561,
openml.org/t/34539,Amazon_employee_access,TunedRandomForest,5,0.87259,aws.docker,0.19.2,stable,2019-03-22T15:17:28,1524.2,2000,4219952071,,0.943851,0.87259,
openml.org/t/34539,Amazon_employee_access,TunedRandomForest,4,0.859584,aws.docker,0.19.2,stable,2019-03-22T15:17:39,1558.4,2000,4219952070,,0.951785,0.859584,
openml.org/t/34539,Amazon_employee_access,TunedRandomForest,7,0.837365,aws.docker,0.19.2,stable,2019-03-22T15:17:46,1551.4,2000,4219952073,,0.947513,0.837365,
openml.org/t/34539,Amazon_employee_access,TunedRandomForest,8,0.869477,aws.docker,0.19.2,stable,2019-03-22T15:17:42,1534.2,2000,4219952074,,0.949649,0.869477,
openml.org/t/34539,Amazon_employee_access,TunedRandomForest,9,0.871205,aws.docker,0.19.2,stable,2019-03-22T15:18:02,1543.3,2000,4219952075,,0.950244,0.871205,
openml.org/t/34539,Amazon_employee_access,TunedRandomForest,6,0.864063,aws.docker,0.19.2,stable,2019-03-22T15:19:02,1535.1,2000,4219952072,,0.949344,0.864063,
openml.org/t/168868,APSFailure,TunedRandomForest,1,0.989721,aws.docker,0.19.2,stable,2019-03-22T18:46:17,2489.5,2000,4219952067,,0.990921,0.989721,
openml.org/t/168868,APSFailure,TunedRandomForest,2,0.990587,aws.docker,0.19.2,stable,2019-03-22T18:46:26,2534.4,2000,4219952068,,0.992368,0.990587,
openml.org/t/168868,APSFailure,TunedRandomForest,4,0.991382,aws.docker,0.19.2,stable,2019-03-22T18:46:56,2345.6,2000,4219952070,,0.992763,0.991382,
openml.org/t/168868,APSFailure,TunedRandomForest,8,0.993903,aws.docker,0.19.2,stable,2019-03-22T18:47:10,2453.9,2000,4219952074,,0.993553,0.993903,
openml.org/t/168868,APSFailure,TunedRandomForest,6,0.99261,aws.docker,0.19.2,stable,2019-03-22T18:47:01,2467.8,2000,4219952072,,0.994211,0.99261,
openml.org/t/168868,APSFailure,TunedRandomForest,9,0.991877,aws.docker,0.19.2,stable,2019-03-22T18:48:15,2454.6,2000,4219952075,,0.992895,0.991877,
openml.org/t/168868,APSFailure,TunedRandomForest,0,0.988817,aws.docker,0.19.2,stable,2019-03-22T18:54:23,3012.4,2000,4219952066,,0.995395,0.988817,
openml.org/t/168868,APSFailure,TunedRandomForest,3,0.987268,aws.docker,0.19.2,stable,2019-03-22T18:55:15,3019.7,2000,4219952069,,0.995,0.987268,
openml.org/t/168868,APSFailure,TunedRandomForest,7,0.992568,aws.docker,0.19.2,stable,2019-03-22T18:55:31,3008.7,2000,4219952073,,0.994868,0.992568,
openml.org/t/168868,APSFailure,TunedRandomForest,5,0.99258,aws.docker,0.19.2,stable,2019-03-22T18:55:37,3000.4,2000,4219952071,,0.993421,0.99258,
openml.org/t/14965,bank-marketing,TunedRandomForest,1,0.926537,aws.docker,0.19.2,stable,2019-03-22T19:34:15,2665.1,2000,4219952067,,0.903119,0.926537,
openml.org/t/14965,bank-marketing,TunedRandomForest,0,0.932193,aws.docker,0.19.2,stable,2019-03-22T19:34:15,2679.4,2000,4219952066,,0.904688,0.932193,
openml.org/t/14965,bank-marketing,TunedRandomForest,3,0.929833,aws.docker,0.19.2,stable,2019-03-22T19:34:59,2668.3,2000,4219952069,,0.906658,0.929833,
openml.org/t/14965,bank-marketing,TunedRandomForest,2,0.939486,aws.docker,0.19.2,stable,2019-03-22T19:34:58,2680.7,2000,4219952068,,0.913072,0.939486,
openml.org/t/14965,bank-marketing,TunedRandomForest,4,0.933436,aws.docker,0.19.2,stable,2019-03-22T19:35:23,2682.1,2000,4219952070,,0.905331,0.933436,
openml.org/t/14965,bank-marketing,TunedRandomForest,5,0.923561,aws.docker,0.19.2,stable,2019-03-22T19:36:17,2678.2,2000,4219952071,,0.904004,0.923561,
openml.org/t/14965,bank-marketing,TunedRandomForest,6,0.91739,aws.docker,0.19.2,stable,2019-03-22T19:42:25,2672.8,2000,4219952072,,0.89958,0.91739,
openml.org/t/14965,bank-marketing,TunedRandomForest,9,0.937187,aws.docker,0.19.2,stable,2019-03-22T19:43:12,2645.2,2000,4219952075,,0.909533,0.937187,
openml.org/t/14965,bank-marketing,TunedRandomForest,8,0.93187,aws.docker,0.19.2,stable,2019-03-22T19:43:52,2695.8,2000,4219952074,,0.909533,0.93187,
openml.org/t/14965,bank-marketing,TunedRandomForest,7,0.936329,aws.docker,0.19.2,stable,2019-03-22T19:44:15,2673.6,2000,4219952073,,0.902234,0.936329,
openml.org/t/146825,Fashion-MNIST,TunedRandomForest,1,0.358099,aws.docker,0.19.2,stable,2019-03-22T23:14:35,3226.0,2000,4219952067,,0.884,,0.358099
openml.org/t/146825,Fashion-MNIST,TunedRandomForest,0,0.36285,aws.docker,0.19.2,stable,2019-03-22T23:14:38,3246.7,2000,4219952066,,0.885429,,0.36285
openml.org/t/146825,Fashion-MNIST,TunedRandomForest,3,0.360483,aws.docker,0.19.2,stable,2019-03-22T23:15:12,3223.4,2000,4219952069,,0.890857,,0.360483
openml.org/t/146825,Fashion-MNIST,TunedRandomForest,2,0.362795,aws.docker,0.19.2,stable,2019-03-22T23:15:21,3253.7,2000,4219952068,,0.885429,,0.362795
openml.org/t/146825,Fashion-MNIST,TunedRandomForest,4,0.359578,aws.docker,0.19.2,stable,2019-03-22T23:15:24,3236.9,2000,4219952070,,0.888429,,0.359578
openml.org/t/146825,Fashion-MNIST,TunedRandomForest,5,0.362497,aws.docker,0.19.2,stable,2019-03-22T23:16:15,3203.0,2000,4219952071,,0.883429,,0.362497
openml.org/t/146825,Fashion-MNIST,TunedRandomForest,6,0.34899,aws.docker,0.19.2,stable,2019-03-22T23:22:09,3201.1,2000,4219952072,,0.892,,0.34899
openml.org/t/146825,Fashion-MNIST,TunedRandomForest,7,0.361819,aws.docker,0.19.2,stable,2019-03-22T23:23:28,3212.9,2000,4219952073,,0.887714,,0.361819
openml.org/t/146825,Fashion-MNIST,TunedRandomForest,9,0.364405,aws.docker,0.19.2,stable,2019-03-22T23:24:05,3231.2,2000,4219952075,,0.887143,,0.364405
openml.org/t/146825,Fashion-MNIST,TunedRandomForest,8,0.370093,aws.docker,0.19.2,stable,2019-03-22T23:24:09,3236.9,2000,4219952074,,0.885571,,0.370093
openml.org/t/168337,guiellermo,TunedRandomForest,0,0.900939,aws.docker,0.19.2,stable,2019-03-23T03:11:29,2524.1,2000,4219952066,,0.8225,0.900939,
openml.org/t/168337,guiellermo,TunedRandomForest,1,0.891998,aws.docker,0.19.2,stable,2019-03-23T03:11:31,2507.5,2000,4219952067,,0.812,0.891998,
openml.org/t/168337,guiellermo,TunedRandomForest,3,0.903436,aws.docker,0.19.2,stable,2019-03-23T03:12:02,2505.7,2000,4219952069,,0.8205,0.903436,
openml.org/t/168337,guiellermo,TunedRandomForest,4,0.906278,aws.docker,0.19.2,stable,2019-03-23T03:12:29,2520.8,2000,4219952070,,0.827,0.906278,
openml.org/t/168337,guiellermo,TunedRandomForest,2,0.919958,aws.docker,0.19.2,stable,2019-03-23T03:12:46,2536.7,2000,4219952068,,0.8265,0.919958,
openml.org/t/168337,guiellermo,TunedRandomForest,5,0.899351,aws.docker,0.19.2,stable,2019-03-23T03:13:28,2542.6,2000,4219952071,,0.824,0.899351,
openml.org/t/168337,guiellermo,TunedRandomForest,6,0.908665,aws.docker,0.19.2,stable,2019-03-23T03:19:25,2522.6,2000,4219952072,,0.826,0.908665,
openml.org/t/168337,guiellermo,TunedRandomForest,7,0.893277,aws.docker,0.19.2,stable,2019-03-23T03:20:03,2514.4,2000,4219952073,,0.8175,0.893277,
openml.org/t/168337,guiellermo,TunedRandomForest,9,0.910242,aws.docker,0.19.2,stable,2019-03-23T03:21:06,2521.1,2000,4219952075,,0.8255,0.910242,
openml.org/t/168337,guiellermo,TunedRandomForest,8,0.892821,aws.docker,0.19.2,stable,2019-03-23T03:21:05,2530.6,2000,4219952074,,0.8205,0.892821,
openml.org/t/146606,higgs,TunedRandomForest,0,0.806521,aws.docker,0.19.2,stable,2019-03-23T06:44:52,9719.4,2000,4219952066,,0.727078,0.806521,
openml.org/t/146606,higgs,TunedRandomForest,1,0.798393,aws.docker,0.19.2,stable,2019-03-23T06:45:00,8657.5,2000,4219952067,,0.720551,0.798393,
openml.org/t/146606,higgs,TunedRandomForest,3,0.805565,aws.docker,0.19.2,stable,2019-03-23T06:45:45,8729.9,2000,4219952069,,0.724732,0.805565,
openml.org/t/146606,higgs,TunedRandomForest,4,0.807131,aws.docker,0.19.2,stable,2019-03-23T06:46:05,11903.6,2000,4219952070,,0.727384,0.807131,
openml.org/t/146606,higgs,TunedRandomForest,5,0.804513,aws.docker,0.19.2,stable,2019-03-23T06:46:48,9528.6,2000,4219952071,,0.723508,0.804513,
openml.org/t/146606,higgs,TunedRandomForest,2,0.804196,aws.docker,0.19.2,stable,2019-03-23T06:48:09,11824.5,2000,4219952068,,0.727894,0.804196,
openml.org/t/146606,higgs,TunedRandomForest,6,0.80627,aws.docker,0.19.2,stable,2019-03-23T06:52:40,11919.8,2000,4219952072,,0.727486,0.80627,
openml.org/t/146606,higgs,TunedRandomForest,8,0.793033,aws.docker,0.19.2,stable,2019-03-23T06:54:16,8671.0,2000,4219952074,,0.718307,0.793033,
openml.org/t/146606,higgs,TunedRandomForest,9,0.812349,aws.docker,0.19.2,stable,2019-03-23T06:54:26,10527.5,2000,4219952075,,0.732891,0.812349,
openml.org/t/146606,higgs,TunedRandomForest,7,0.793026,aws.docker,0.19.2,stable,2019-03-23T06:56:30,10803.9,2000,4219952073,,0.715553,0.793026,
openml.org/t/167119,jungle_chess_2pcs_raw_endgame_complete,TunedRandomForest,0,0.399785,aws.docker,0.19.2,stable,2019-03-23T06:57:43,565.7,2000,4219952066,,0.799643,,0.399785
openml.org/t/167119,jungle_chess_2pcs_raw_endgame_complete,TunedRandomForest,1,0.415312,aws.docker,0.19.2,stable,2019-03-23T06:57:56,558.8,2000,4219952067,,0.794288,,0.415312
openml.org/t/167119,jungle_chess_2pcs_raw_endgame_complete,TunedRandomForest,2,0.393718,aws.docker,0.19.2,stable,2019-03-23T06:58:44,565.6,2000,4219952068,,0.80232,,0.393718
openml.org/t/167119,jungle_chess_2pcs_raw_endgame_complete,TunedRandomForest,3,0.393013,aws.docker,0.19.2,stable,2019-03-23T06:58:52,565.5,2000,4219952069,,0.801651,,0.393013
openml.org/t/167119,jungle_chess_2pcs_raw_endgame_complete,TunedRandomForest,4,0.395545,aws.docker,0.19.2,stable,2019-03-23T06:59:31,562.3,2000,4219952070,,0.799643,,0.395545
openml.org/t/167119,jungle_chess_2pcs_raw_endgame_complete,TunedRandomForest,5,0.398926,aws.docker,0.19.2,stable,2019-03-23T07:00:58,557.5,2000,4219952071,,0.798751,,0.398926
openml.org/t/167119,jungle_chess_2pcs_raw_endgame_complete,TunedRandomForest,6,0.412995,aws.docker,0.19.2,stable,2019-03-23T07:05:27,561.9,2000,4219952072,,0.793173,,0.412995
openml.org/t/167119,jungle_chess_2pcs_raw_endgame_complete,TunedRandomForest,7,0.408242,aws.docker,0.19.2,stable,2019-03-23T07:06:52,559.0,2000,4219952073,,0.798527,,0.408242
openml.org/t/167119,jungle_chess_2pcs_raw_endgame_complete,TunedRandomForest,8,0.390131,aws.docker,0.19.2,stable,2019-03-23T07:07:10,562.9,2000,4219952074,,0.803659,,0.390131
openml.org/t/167119,jungle_chess_2pcs_raw_endgame_complete,TunedRandomForest,9,0.406281,aws.docker,0.19.2,stable,2019-03-23T07:09:35,565.5,2000,4219952075,,0.797813,,0.406281
openml.org/t/3945,KDDCup09_appetency,TunedRandomForest,0,0.784598,aws.docker,0.19.2,stable,2019-03-23T10:27:12,10907.8,2000,4219952066,,0.9822,0.784598,
openml.org/t/3945,KDDCup09_appetency,TunedRandomForest,1,0.784967,aws.docker,0.19.2,stable,2019-03-23T10:27:29,11225.6,2000,4219952067,,0.9822,0.784967,
openml.org/t/3945,KDDCup09_appetency,TunedRandomForest,3,0.777937,aws.docker,0.19.2,stable,2019-03-23T10:28:22,11658.2,2000,4219952069,,0.9822,0.777937,
openml.org/t/3945,KDDCup09_appetency,TunedRandomForest,2,0.784458,aws.docker,0.19.2,stable,2019-03-23T10:28:12,11878.1,2000,4219952068,,0.9822,0.784458,
openml.org/t/3945,KDDCup09_appetency,TunedRandomForest,4,0.815914,aws.docker,0.19.2,stable,2019-03-23T10:28:58,11340.1,2000,4219952070,,0.9822,0.815914,
openml.org/t/3945,KDDCup09_appetency,TunedRandomForest,5,0.768218,aws.docker,0.19.2,stable,2019-03-23T10:30:27,10277.7,2000,4219952071,,0.9822,0.768218,
openml.org/t/3945,KDDCup09_appetency,TunedRandomForest,6,0.775681,aws.docker,0.19.2,stable,2019-03-23T10:34:40,10304.6,2000,4219952072,,0.9822,0.775681,
openml.org/t/3945,KDDCup09_appetency,TunedRandomForest,7,0.829699,aws.docker,0.19.2,stable,2019-03-23T10:36:29,7262.5,2000,4219952073,,0.9822,0.829699,
openml.org/t/3945,KDDCup09_appetency,TunedRandomForest,8,0.763837,aws.docker,0.19.2,stable,2019-03-23T10:36:35,10740.1,2000,4219952074,,0.9822,0.763837,
openml.org/t/3945,KDDCup09_appetency,TunedRandomForest,9,0.771502,aws.docker,0.19.2,stable,2019-03-23T10:39:05,10011.8,2000,4219952075,,0.9822,0.771502,
openml.org/t/168335,MiniBooNE,TunedRandomForest,0,0.980003,aws.docker,0.19.2,stable,2019-03-23T14:08:43,4259.3,2000,4219952066,,0.936726,0.980003,
openml.org/t/168335,MiniBooNE,TunedRandomForest,1,0.981185,aws.docker,0.19.2,stable,2019-03-23T14:08:37,4298.9,2000,4219952067,,0.93442,0.981185,
openml.org/t/168335,MiniBooNE,TunedRandomForest,3,0.98201,aws.docker,0.19.2,stable,2019-03-23T14:09:39,4229.7,2000,4219952069,,0.938418,0.98201,
openml.org/t/168335,MiniBooNE,TunedRandomForest,2,0.981128,aws.docker,0.19.2,stable,2019-03-23T14:09:49,4288.7,2000,4219952068,,0.934343,0.981128,
openml.org/t/168335,MiniBooNE,TunedRandomForest,4,0.982194,aws.docker,0.19.2,stable,2019-03-23T14:10:17,4290.3,2000,4219952070,,0.939951,0.982194,
openml.org/t/168335,MiniBooNE,TunedRandomForest,5,0.9802,aws.docker,0.19.2,stable,2019-03-23T14:11:39,4249.4,2000,4219952071,,0.936798,0.9802,
openml.org/t/168335,MiniBooNE,TunedRandomForest,6,0.983542,aws.docker,0.19.2,stable,2019-03-23T14:16:09,4287.7,2000,4219952072,,0.94318,0.983542,
openml.org/t/168335,MiniBooNE,TunedRandomForest,7,0.981594,aws.docker,0.19.2,stable,2019-03-23T14:17:32,4237.9,2000,4219952073,,0.937337,0.981594,
openml.org/t/168335,MiniBooNE,TunedRandomForest,8,0.981719,aws.docker,0.19.2,stable,2019-03-23T14:17:50,4256.4,2000,4219952074,,0.937798,0.981719,
openml.org/t/168335,MiniBooNE,TunedRandomForest,9,0.983022,aws.docker,0.19.2,stable,2019-03-23T14:20:32,4273.9,2000,4219952075,,0.941104,0.983022,
openml.org/t/167120,numerai28.6,TunedRandomForest,0,0.512777,aws.docker,0.19.2,stable,2019-03-23T17:38:14,11720.8,2000,4219952066,,0.507994,0.512777,
openml.org/t/167120,numerai28.6,TunedRandomForest,1,0.518876,aws.docker,0.19.2,stable,2019-03-23T17:38:15,10809.4,2000,4219952067,,0.509448,0.518876,
openml.org/t/167120,numerai28.6,TunedRandomForest,2,0.515291,aws.docker,0.19.2,stable,2019-03-23T17:38:50,12325.4,2000,4219952068,,0.508409,0.515291,
openml.org/t/167120,numerai28.6,TunedRandomForest,4,0.526526,aws.docker,0.19.2,stable,2019-03-23T17:39:59,12164.3,2000,4219952070,,0.52066,0.526526,
openml.org/t/167120,numerai28.6,TunedRandomForest,5,0.516621,aws.docker,0.19.2,stable,2019-03-23T17:41:04,8725.8,2000,4219952071,,0.508202,0.516621,
openml.org/t/167120,numerai28.6,TunedRandomForest,3,0.515204,aws.docker,0.19.2,stable,2019-03-23T17:42:32,12220.8,2000,4219952069,,0.512874,0.515204,
openml.org/t/167120,numerai28.6,TunedRandomForest,6,0.53071,aws.docker,0.19.2,stable,2019-03-23T17:45:43,9265.1,2000,4219952072,,0.522944,0.53071,
openml.org/t/167120,numerai28.6,TunedRandomForest,7,0.531273,aws.docker,0.19.2,stable,2019-03-23T17:47:09,10890.5,2000,4219952073,,0.520868,0.531273,
openml.org/t/167120,numerai28.6,TunedRandomForest,8,0.519298,aws.docker,0.19.2,stable,2019-03-23T17:48:19,9935.9,2000,4219952074,,0.513289,0.519298,
openml.org/t/167120,numerai28.6,TunedRandomForest,9,0.516678,aws.docker,0.19.2,stable,2019-03-23T17:53:07,11838.1,2000,4219952075,,0.508202,0.516678,
openml.org/t/168338,riccardo,TunedRandomForest,1,0.99949,aws.docker,0.19.2,stable,2019-03-23T21:39:35,3873.3,2000,4219952067,,0.9645,0.99949,
openml.org/t/168338,riccardo,TunedRandomForest,0,0.998686,aws.docker,0.19.2,stable,2019-03-23T21:39:53,3916.7,2000,4219952066,,0.957,0.998686,
openml.org/t/168338,riccardo,TunedRandomForest,2,0.999367,aws.docker,0.19.2,stable,2019-03-23T21:40:36,3895.2,2000,4219952068,,0.969,0.999367,
openml.org/t/168338,riccardo,TunedRandomForest,3,0.998866,aws.docker,0.19.2,stable,2019-03-23T21:42:02,3920.9,2000,4219952069,,0.966,0.998866,
openml.org/t/168338,riccardo,TunedRandomForest,4,0.998437,aws.docker,0.19.2,stable,2019-03-23T21:42:26,3885.3,2000,4219952070,,0.9605,0.998437,
openml.org/t/168338,riccardo,TunedRandomForest,5,0.998615,aws.docker,0.19.2,stable,2019-03-23T21:42:52,3865.2,2000,4219952071,,0.9645,0.998615,
openml.org/t/168338,riccardo,TunedRandomForest,6,0.999559,aws.docker,0.19.2,stable,2019-03-23T21:47:13,3887.7,2000,4219952072,,0.96,0.999559,
openml.org/t/168338,riccardo,TunedRandomForest,7,0.998552,aws.docker,0.19.2,stable,2019-03-23T21:48:59,3905.6,2000,4219952073,,0.959,0.998552,
openml.org/t/168338,riccardo,TunedRandomForest,8,0.999349,aws.docker,0.19.2,stable,2019-03-23T21:50:10,3917.7,2000,4219952074,,0.962,0.999349,
openml.org/t/168338,riccardo,TunedRandomForest,9,0.999017,aws.docker,0.19.2,stable,2019-03-23T21:55:18,3910.9,2000,4219952075,,0.9575,0.999017,
openml.org/t/168332,Robert,TunedRandomForest,1,1.70046,aws.docker,0.19.2,stable,2019-03-24T01:38:04,2034.7,2000,4219952067,,0.479,,1.70046
openml.org/t/168332,Robert,TunedRandomForest,0,1.68464,aws.docker,0.19.2,stable,2019-03-24T01:38:16,2058.7,2000,4219952066,,0.491,,1.68464
openml.org/t/168332,Robert,TunedRandomForest,2,1.68892,aws.docker,0.19.2,stable,2019-03-24T01:38:29,2023.3,2000,4219952068,,0.467,,1.68892
openml.org/t/168332,Robert,TunedRandomForest,3,1.68724,aws.docker,0.19.2,stable,2019-03-24T01:40:14,2033.8,2000,4219952069,,0.48,,1.68724
openml.org/t/168332,Robert,TunedRandomForest,5,1.69869,aws.docker,0.19.2,stable,2019-03-24T01:40:34,2027.8,2000,4219952071,,0.484,,1.69869
openml.org/t/168332,Robert,TunedRandomForest,4,1.6801,aws.docker,0.19.2,stable,2019-03-24T01:40:40,2029.9,2000,4219952070,,0.483,,1.6801
openml.org/t/168332,Robert,TunedRandomForest,6,1.64793,aws.docker,0.19.2,stable,2019-03-24T01:45:22,2053.1,2000,4219952072,,0.491,,1.64793
openml.org/t/168332,Robert,TunedRandomForest,7,1.69567,aws.docker,0.19.2,stable,2019-03-24T01:47:09,2031.4,2000,4219952073,,0.477,,1.69567
openml.org/t/168332,Robert,TunedRandomForest,8,1.69475,aws.docker,0.19.2,stable,2019-03-24T01:48:11,2037.0,2000,4219952074,,0.477,,1.69475
openml.org/t/168332,Robert,TunedRandomForest,9,1.69323,aws.docker,0.19.2,stable,2019-03-24T01:53:29,2042.8,2000,4219952075,,0.473,,1.69323
openml.org/t/146212,Shuttle,TunedRandomForest,0,0.000641129,aws.docker,0.19.2,stable,2019-03-24T01:58:29,1024.1,2000,4219952066,,0.999828,,0.000641129
openml.org/t/146212,Shuttle,TunedRandomForest,1,0.000521899,aws.docker,0.19.2,stable,2019-03-24T01:58:34,1005.1,2000,4219952067,,0.999828,,0.000521899
openml.org/t/146212,Shuttle,TunedRandomForest,2,0.000283533,aws.docker,0.19.2,stable,2019-03-24T01:59:20,1020.6,2000,4219952068,,1.0,,0.000283533
openml.org/t/146212,Shuttle,TunedRandomForest,3,0.000853488,aws.docker,0.19.2,stable,2019-03-24T02:00:35,1017.4,2000,4219952069,,0.999828,,0.000853488
openml.org/t/146212,Shuttle,TunedRandomForest,4,0.000654978,aws.docker,0.19.2,stable,2019-03-24T02:00:57,1021.7,2000,4219952070,,1.0,,0.000654978
openml.org/t/146212,Shuttle,TunedRandomForest,5,0.000443374,aws.docker,0.19.2,stable,2019-03-24T02:01:10,1021.7,2000,4219952071,,1.0,,0.000443374
openml.org/t/146212,Shuttle,TunedRandomForest,6,0.000576277,aws.docker,0.19.2,stable,2019-03-24T02:05:41,1002.3,2000,4219952072,,0.999828,,0.000576277
openml.org/t/146212,Shuttle,TunedRandomForest,7,0.000584486,aws.docker,0.19.2,stable,2019-03-24T02:07:13,1000.2,2000,4219952073,,0.999828,,0.000584486
openml.org/t/146212,Shuttle,TunedRandomForest,8,0.00115055,aws.docker,0.19.2,stable,2019-03-24T02:08:28,1006.6,2000,4219952074,,0.999828,,0.00115055
openml.org/t/146212,Shuttle,TunedRandomForest,9,0.000378395,aws.docker,0.19.2,stable,2019-03-24T02:13:45,1013.2,2000,4219952075,,1.0,,0.000378395
openml.org/t/168331,Volkert,TunedRandomForest,0,0.988255,aws.docker,0.19.2,stable,2019-03-24T05:32:06,1711.0,2000,4219952066,,0.662151,,0.988255
openml.org/t/168331,Volkert,TunedRandomForest,1,0.980622,aws.docker,0.19.2,stable,2019-03-24T05:32:15,1744.0,2000,4219952067,,0.672783,,0.980622
openml.org/t/168331,Volkert,TunedRandomForest,2,0.975838,aws.docker,0.19.2,stable,2019-03-24T05:33:14,1829.1,2000,4219952068,,0.67587,,0.975838
openml.org/t/168331,Volkert,TunedRandomForest,3,0.993636,aws.docker,0.19.2,stable,2019-03-24T05:34:00,1716.1,2000,4219952069,,0.686503,,0.993636
openml.org/t/168331,Volkert,TunedRandomForest,4,0.971822,aws.docker,0.19.2,stable,2019-03-24T05:34:28,1711.9,2000,4219952070,,0.68616,,0.971822
openml.org/t/168331,Volkert,TunedRandomForest,5,0.984007,aws.docker,0.19.2,stable,2019-03-24T05:34:46,1725.3,2000,4219952071,,0.676556,,0.984007
openml.org/t/168331,Volkert,TunedRandomForest,6,0.964545,aws.docker,0.19.2,stable,2019-03-24T05:39:16,1711.3,2000,4219952072,,0.687875,,0.964545
openml.org/t/168331,Volkert,TunedRandomForest,7,0.976356,aws.docker,0.19.2,stable,2019-03-24T05:40:39,1711.2,2000,4219952073,,0.674841,,0.976356
openml.org/t/168331,Volkert,TunedRandomForest,8,0.977752,aws.docker,0.19.2,stable,2019-03-24T05:42:01,1708.1,2000,4219952074,,0.676728,,0.977752
openml.org/t/168331,Volkert,TunedRandomForest,9,0.981247,aws.docker,0.19.2,stable,2019-03-24T05:47:31,1718.8,2000,4219952075,,0.678271,,0.981247
