id,task,framework,fold,result,mode,version,params,tag,utc,duration,models,seed,info,acc,auc,logloss
openml.org/t/7592,adult,constantpredictor_enc,0,0.5,aws.docker,0.19.2,{'encode': True},stable,2019-04-15T12:52:12,0.0,1,459552912,,0.760696,0.5,
openml.org/t/7592,adult,constantpredictor_enc,1,0.5,aws.docker,0.19.2,{'encode': True},stable,2019-04-15T12:52:16,0.0,1,459552913,,0.760696,0.5,
openml.org/t/7592,adult,constantpredictor_enc,2,0.5,aws.docker,0.19.2,{'encode': True},stable,2019-04-15T12:52:20,0.0,1,459552914,,0.760852,0.5,
openml.org/t/7592,adult,constantpredictor_enc,3,0.5,aws.docker,0.19.2,{'encode': True},stable,2019-04-15T12:52:24,0.0,1,459552915,,0.760852,0.5,
openml.org/t/7592,adult,constantpredictor_enc,4,0.5,aws.docker,0.19.2,{'encode': True},stable,2019-04-15T12:52:28,0.0,1,459552916,,0.760852,0.5,
openml.org/t/7592,adult,constantpredictor_enc,5,0.5,aws.docker,0.19.2,{'encode': True},stable,2019-04-15T12:52:32,0.0,1,459552917,,0.760647,0.5,
openml.org/t/7592,adult,constantpredictor_enc,6,0.5,aws.docker,0.19.2,{'encode': True},stable,2019-04-15T12:52:36,0.0,1,459552918,,0.760647,0.5,
openml.org/t/7592,adult,constantpredictor_enc,7,0.5,aws.docker,0.19.2,{'encode': True},stable,2019-04-15T12:52:40,0.0,1,459552919,,0.760647,0.5,
openml.org/t/7592,adult,constantpredictor_enc,8,0.5,aws.docker,0.19.2,{'encode': True},stable,2019-04-15T12:52:44,0.0,1,459552920,,0.760647,0.5,
openml.org/t/7592,adult,constantpredictor_enc,9,0.5,aws.docker,0.19.2,{'encode': True},stable,2019-04-15T12:52:48,0.0,1,459552921,,0.760647,0.5,
openml.org/t/34539,Amazon_employee_access,constantpredictor_enc,0,0.5,aws.docker,0.19.2,{'encode': True},stable,2019-04-15T12:52:53,0.0,1,459552912,,0.942325,0.5,
openml.org/t/34539,Amazon_employee_access,constantpredictor_enc,1,0.5,aws.docker,0.19.2,{'encode': True},stable,2019-04-15T12:52:55,0.0,1,459552913,,0.942325,0.5,
openml.org/t/34539,Amazon_employee_access,constantpredictor_enc,2,0.5,aws.docker,0.19.2,{'encode': True},stable,2019-04-15T12:52:57,0.0,1,459552914,,0.94202,0.5,
openml.org/t/34539,Amazon_employee_access,constantpredictor_enc,3,0.5,aws.docker,0.19.2,{'encode': True},stable,2019-04-15T12:52:59,0.0,1,459552915,,0.94202,0.5,
openml.org/t/34539,Amazon_employee_access,constantpredictor_enc,4,0.5,aws.docker,0.19.2,{'encode': True},stable,2019-04-15T12:53:01,0.0,1,459552916,,0.94202,0.5,
openml.org/t/34539,Amazon_employee_access,constantpredictor_enc,5,0.5,aws.docker,0.19.2,{'encode': True},stable,2019-04-15T12:53:03,0.0,1,459552917,,0.94202,0.5,
openml.org/t/34539,Amazon_employee_access,constantpredictor_enc,6,0.5,aws.docker,0.19.2,{'encode': True},stable,2019-04-15T12:53:06,0.0,1,459552918,,0.94202,0.5,
openml.org/t/34539,Amazon_employee_access,constantpredictor_enc,7,0.5,aws.docker,0.19.2,{'encode': True},stable,2019-04-15T12:53:08,0.0,1,459552919,,0.94202,0.5,
openml.org/t/34539,Amazon_employee_access,constantpredictor_enc,8,0.5,aws.docker,0.19.2,{'encode': True},stable,2019-04-15T12:53:10,0.0,1,459552920,,0.94202,0.5,
openml.org/t/34539,Amazon_employee_access,constantpredictor_enc,9,0.5,aws.docker,0.19.2,{'encode': True},stable,2019-04-15T12:53:12,0.0,1,459552921,,0.942308,0.5,
openml.org/t/168868,APSFailure,constantpredictor_enc,0,0.5,aws.docker,0.19.2,{'encode': True},stable,2019-04-15T12:54:08,0.0,1,459552912,,0.981974,0.5,
openml.org/t/168868,APSFailure,constantpredictor_enc,1,0.5,aws.docker,0.19.2,{'encode': True},stable,2019-04-15T12:54:45,0.0,1,459552913,,0.981974,0.5,
openml.org/t/168868,APSFailure,constantpredictor_enc,2,0.5,aws.docker,0.19.2,{'encode': True},stable,2019-04-15T12:55:21,0.0,1,459552914,,0.981974,0.5,
openml.org/t/168868,APSFailure,constantpredictor_enc,3,0.5,aws.docker,0.19.2,{'encode': True},stable,2019-04-15T12:55:58,0.0,1,459552915,,0.981974,0.5,
openml.org/t/168868,APSFailure,constantpredictor_enc,4,0.5,aws.docker,0.19.2,{'encode': True},stable,2019-04-15T12:56:34,0.0,1,459552916,,0.981974,0.5,
openml.org/t/168868,APSFailure,constantpredictor_enc,5,0.5,aws.docker,0.19.2,{'encode': True},stable,2019-04-15T12:57:11,0.0,1,459552917,,0.981842,0.5,
openml.org/t/168868,APSFailure,constantpredictor_enc,6,0.5,aws.docker,0.19.2,{'encode': True},stable,2019-04-15T12:57:47,0.0,1,459552918,,0.981842,0.5,
openml.org/t/168868,APSFailure,constantpredictor_enc,7,0.5,aws.docker,0.19.2,{'encode': True},stable,2019-04-15T12:58:24,0.0,1,459552919,,0.981842,0.5,
openml.org/t/168868,APSFailure,constantpredictor_enc,8,0.5,aws.docker,0.19.2,{'encode': True},stable,2019-04-15T12:59:00,0.0,1,459552920,,0.981842,0.5,
openml.org/t/168868,APSFailure,constantpredictor_enc,9,0.5,aws.docker,0.19.2,{'encode': True},stable,2019-04-15T12:59:37,0.0,1,459552921,,0.981842,0.5,
openml.org/t/14965,bank-marketing,constantpredictor_enc,0,0.5,aws.docker,0.19.2,{'encode': True},stable,2019-04-15T12:59:44,0.0,1,459552912,,0.883016,0.5,
openml.org/t/14965,bank-marketing,constantpredictor_enc,1,0.5,aws.docker,0.19.2,{'encode': True},stable,2019-04-15T12:59:47,0.0,1,459552913,,0.883212,0.5,
openml.org/t/14965,bank-marketing,constantpredictor_enc,2,0.5,aws.docker,0.19.2,{'encode': True},stable,2019-04-15T12:59:50,0.0,1,459552914,,0.88299,0.5,
openml.org/t/14965,bank-marketing,constantpredictor_enc,3,0.5,aws.docker,0.19.2,{'encode': True},stable,2019-04-15T12:59:53,0.0,1,459552915,,0.88299,0.5,
openml.org/t/14965,bank-marketing,constantpredictor_enc,4,0.5,aws.docker,0.19.2,{'encode': True},stable,2019-04-15T12:59:56,0.0,1,459552916,,0.88299,0.5,
openml.org/t/14965,bank-marketing,constantpredictor_enc,5,0.5,aws.docker,0.19.2,{'encode': True},stable,2019-04-15T12:59:59,0.0,1,459552917,,0.88299,0.5,
openml.org/t/14965,bank-marketing,constantpredictor_enc,6,0.5,aws.docker,0.19.2,{'encode': True},stable,2019-04-15T13:00:03,0.0,1,459552918,,0.88299,0.5,
openml.org/t/14965,bank-marketing,constantpredictor_enc,7,0.5,aws.docker,0.19.2,{'encode': True},stable,2019-04-15T13:00:06,0.0,1,459552919,,0.88299,0.5,
openml.org/t/14965,bank-marketing,constantpredictor_enc,8,0.5,aws.docker,0.19.2,{'encode': True},stable,2019-04-15T13:00:09,0.0,1,459552920,,0.88299,0.5,
openml.org/t/14965,bank-marketing,constantpredictor_enc,9,0.5,aws.docker,0.19.2,{'encode': True},stable,2019-04-15T13:00:12,0.0,1,459552921,,0.88299,0.5,
openml.org/t/146195,connect-4,constantpredictor_enc,0,0.844498,aws.docker,0.19.2,{'encode': True},stable,2019-04-15T13:00:26,0.0,1,459552912,,0.658378,,0.844498
openml.org/t/146195,connect-4,constantpredictor_enc,1,0.844498,aws.docker,0.19.2,{'encode': True},stable,2019-04-15T13:00:34,0.0,1,459552913,,0.658378,,0.844498
openml.org/t/146195,connect-4,constantpredictor_enc,2,0.844498,aws.docker,0.19.2,{'encode': True},stable,2019-04-15T13:00:42,0.0,1,459552914,,0.658378,,0.844498
openml.org/t/146195,connect-4,constantpredictor_enc,3,0.844644,aws.docker,0.19.2,{'encode': True},stable,2019-04-15T13:00:51,0.0,1,459552915,,0.65823,,0.844644
openml.org/t/146195,connect-4,constantpredictor_enc,4,0.844644,aws.docker,0.19.2,{'encode': True},stable,2019-04-15T13:00:59,0.0,1,459552916,,0.65823,,0.844644
openml.org/t/146195,connect-4,constantpredictor_enc,5,0.844644,aws.docker,0.19.2,{'encode': True},stable,2019-04-15T13:01:07,0.0,1,459552917,,0.65823,,0.844644
openml.org/t/146195,connect-4,constantpredictor_enc,6,0.844644,aws.docker,0.19.2,{'encode': True},stable,2019-04-15T13:01:15,0.0,1,459552918,,0.65823,,0.844644
openml.org/t/146195,connect-4,constantpredictor_enc,7,0.844421,aws.docker,0.19.2,{'encode': True},stable,2019-04-15T13:01:23,0.0,1,459552919,,0.658327,,0.844421
openml.org/t/146195,connect-4,constantpredictor_enc,8,0.844561,aws.docker,0.19.2,{'encode': True},stable,2019-04-15T13:01:32,0.0,1,459552920,,0.658327,,0.844561
openml.org/t/146195,connect-4,constantpredictor_enc,9,0.844561,aws.docker,0.19.2,{'encode': True},stable,2019-04-15T13:01:40,0.0,1,459552921,,0.658327,,0.844561
openml.org/t/146825,Fashion-MNIST,constantpredictor_enc,0,2.30259,aws.docker,0.19.2,{'encode': True},stable,2019-04-15T13:04:17,0.0,1,459552912,,0.1,,2.30259
openml.org/t/146825,Fashion-MNIST,constantpredictor_enc,1,2.30259,aws.docker,0.19.2,{'encode': True},stable,2019-04-15T13:06:14,0.0,1,459552913,,0.1,,2.30259
openml.org/t/146825,Fashion-MNIST,constantpredictor_enc,2,2.30259,aws.docker,0.19.2,{'encode': True},stable,2019-04-15T13:08:10,0.0,1,459552914,,0.1,,2.30259
openml.org/t/146825,Fashion-MNIST,constantpredictor_enc,3,2.30259,aws.docker,0.19.2,{'encode': True},stable,2019-04-15T13:10:07,0.0,1,459552915,,0.1,,2.30259
openml.org/t/146825,Fashion-MNIST,constantpredictor_enc,4,2.30259,aws.docker,0.19.2,{'encode': True},stable,2019-04-15T13:12:04,0.0,1,459552916,,0.1,,2.30259
openml.org/t/146825,Fashion-MNIST,constantpredictor_enc,5,2.30259,aws.docker,0.19.2,{'encode': True},stable,2019-04-15T13:14:00,0.0,1,459552917,,0.1,,2.30259
openml.org/t/146825,Fashion-MNIST,constantpredictor_enc,6,2.30259,aws.docker,0.19.2,{'encode': True},stable,2019-04-15T13:15:57,0.0,1,459552918,,0.1,,2.30259
openml.org/t/146825,Fashion-MNIST,constantpredictor_enc,7,2.30259,aws.docker,0.19.2,{'encode': True},stable,2019-04-15T13:17:53,0.0,1,459552919,,0.1,,2.30259
openml.org/t/146825,Fashion-MNIST,constantpredictor_enc,8,2.30259,aws.docker,0.19.2,{'encode': True},stable,2019-04-15T13:19:51,0.0,1,459552920,,0.1,,2.30259
openml.org/t/146825,Fashion-MNIST,constantpredictor_enc,9,2.30259,aws.docker,0.19.2,{'encode': True},stable,2019-04-15T13:21:48,0.0,1,459552921,,0.1,,2.30259
openml.org/t/168337,guiellermo,constantpredictor_enc,0,0.5,aws.docker,0.19.2,{'encode': True},stable,2019-04-15T13:41:47,0.0,1,459552912,,0.6,0.5,
openml.org/t/168337,guiellermo,constantpredictor_enc,1,0.5,aws.docker,0.19.2,{'encode': True},stable,2019-04-15T13:56:28,0.0,1,459552913,,0.6,0.5,
openml.org/t/168337,guiellermo,constantpredictor_enc,2,0.5,aws.docker,0.19.2,{'encode': True},stable,2019-04-15T14:10:52,0.0,1,459552914,,0.6,0.5,
openml.org/t/168337,guiellermo,constantpredictor_enc,3,0.5,aws.docker,0.19.2,{'encode': True},stable,2019-04-15T14:25:01,0.0,1,459552915,,0.6,0.5,
openml.org/t/168337,guiellermo,constantpredictor_enc,4,0.5,aws.docker,0.19.2,{'encode': True},stable,2019-04-15T14:39:02,0.0,1,459552916,,0.6,0.5,
openml.org/t/168337,guiellermo,constantpredictor_enc,5,0.5,aws.docker,0.19.2,{'encode': True},stable,2019-04-15T14:52:44,0.0,1,459552917,,0.6,0.5,
openml.org/t/168337,guiellermo,constantpredictor_enc,6,0.5,aws.docker,0.19.2,{'encode': True},stable,2019-04-15T15:06:14,0.0,1,459552918,,0.6,0.5,
openml.org/t/168337,guiellermo,constantpredictor_enc,7,0.5,aws.docker,0.19.2,{'encode': True},stable,2019-04-15T15:19:37,0.0,1,459552919,,0.5995,0.5,
openml.org/t/168337,guiellermo,constantpredictor_enc,8,0.5,aws.docker,0.19.2,{'encode': True},stable,2019-04-15T15:32:55,0.0,1,459552920,,0.5995,0.5,
openml.org/t/168337,guiellermo,constantpredictor_enc,9,0.5,aws.docker,0.19.2,{'encode': True},stable,2019-04-15T15:45:56,0.0,1,459552921,,0.5995,0.5,
openml.org/t/168329,Helena,constantpredictor_enc,0,4.14242,aws.docker,0.19.2,{'encode': True},stable,2019-04-15T15:46:14,0.0,1,459552912,,0.0615031,,4.14242
openml.org/t/168329,Helena,constantpredictor_enc,1,4.14412,aws.docker,0.19.2,{'encode': True},stable,2019-04-15T15:46:24,0.0,1,459552913,,0.0613497,,4.14412
openml.org/t/168329,Helena,constantpredictor_enc,2,4.14381,aws.docker,0.19.2,{'encode': True},stable,2019-04-15T15:46:34,0.0,1,459552914,,0.0613497,,4.14381
openml.org/t/168329,Helena,constantpredictor_enc,3,4.14411,aws.docker,0.19.2,{'encode': True},stable,2019-04-15T15:46:44,0.0,1,459552915,,0.0613497,,4.14411
openml.org/t/168329,Helena,constantpredictor_enc,4,4.14401,aws.docker,0.19.2,{'encode': True},stable,2019-04-15T15:46:54,0.0,1,459552916,,0.0613497,,4.14401
openml.org/t/168329,Helena,constantpredictor_enc,5,4.14407,aws.docker,0.19.2,{'encode': True},stable,2019-04-15T15:47:04,0.0,1,459552917,,0.0613497,,4.14407
openml.org/t/168329,Helena,constantpredictor_enc,6,4.14336,aws.docker,0.19.2,{'encode': True},stable,2019-04-15T15:47:14,0.0,1,459552918,,0.0615125,,4.14336
openml.org/t/168329,Helena,constantpredictor_enc,7,4.14266,aws.docker,0.19.2,{'encode': True},stable,2019-04-15T15:47:24,0.0,1,459552919,,0.0615125,,4.14266
openml.org/t/168329,Helena,constantpredictor_enc,8,4.14324,aws.docker,0.19.2,{'encode': True},stable,2019-04-15T15:47:34,0.0,1,459552920,,0.0615125,,4.14324
openml.org/t/168329,Helena,constantpredictor_enc,9,4.14231,aws.docker,0.19.2,{'encode': True},stable,2019-04-15T15:47:44,0.0,1,459552921,,0.0615125,,4.14231
openml.org/t/146606,higgs,constantpredictor_enc,0,0.5,aws.docker,0.19.2,{'encode': True},stable,2019-04-15T15:48:10,0.0,1,459552912,,0.528506,0.5,
openml.org/t/146606,higgs,constantpredictor_enc,1,0.5,aws.docker,0.19.2,{'encode': True},stable,2019-04-15T15:48:22,0.0,1,459552913,,0.528506,0.5,
openml.org/t/146606,higgs,constantpredictor_enc,2,0.5,aws.docker,0.19.2,{'encode': True},stable,2019-04-15T15:48:34,0.0,1,459552914,,0.528506,0.5,
openml.org/t/146606,higgs,constantpredictor_enc,3,0.5,aws.docker,0.19.2,{'encode': True},stable,2019-04-15T15:48:45,0.0,1,459552915,,0.528608,0.5,
openml.org/t/146606,higgs,constantpredictor_enc,4,0.5,aws.docker,0.19.2,{'encode': True},stable,2019-04-15T15:48:57,0.0,1,459552916,,0.528608,0.5,
openml.org/t/146606,higgs,constantpredictor_enc,5,0.5,aws.docker,0.19.2,{'encode': True},stable,2019-04-15T15:49:08,0.0,1,459552917,,0.528608,0.5,
openml.org/t/146606,higgs,constantpredictor_enc,6,0.5,aws.docker,0.19.2,{'encode': True},stable,2019-04-15T15:49:20,0.0,1,459552918,,0.528608,0.5,
openml.org/t/146606,higgs,constantpredictor_enc,7,0.5,aws.docker,0.19.2,{'encode': True},stable,2019-04-15T15:49:32,0.0,1,459552919,,0.528608,0.5,
openml.org/t/146606,higgs,constantpredictor_enc,8,0.5,aws.docker,0.19.2,{'encode': True},stable,2019-04-15T15:49:43,0.0,1,459552920,,0.528608,0.5,
openml.org/t/146606,higgs,constantpredictor_enc,9,0.5,aws.docker,0.19.2,{'encode': True},stable,2019-04-15T15:49:55,0.0,1,459552921,,0.528608,0.5,
openml.org/t/168330,Jannis,constantpredictor_enc,0,1.10882,aws.docker,0.19.2,{'encode': True},stable,2019-04-15T15:50:28,0.0,1,459552912,,0.459995,,1.10882
openml.org/t/168330,Jannis,constantpredictor_enc,1,1.10882,aws.docker,0.19.2,{'encode': True},stable,2019-04-15T15:50:47,0.0,1,459552913,,0.459995,,1.10882
openml.org/t/168330,Jannis,constantpredictor_enc,2,1.10882,aws.docker,0.19.2,{'encode': True},stable,2019-04-15T15:51:06,0.0,1,459552914,,0.459995,,1.10882
openml.org/t/168330,Jannis,constantpredictor_enc,3,1.10849,aws.docker,0.19.2,{'encode': True},stable,2019-04-15T15:51:24,0.0,1,459552915,,0.46005,,1.10849
openml.org/t/168330,Jannis,constantpredictor_enc,4,1.10837,aws.docker,0.19.2,{'encode': True},stable,2019-04-15T15:51:43,0.0,1,459552916,,0.46017,,1.10837
openml.org/t/168330,Jannis,constantpredictor_enc,5,1.10837,aws.docker,0.19.2,{'encode': True},stable,2019-04-15T15:52:01,0.0,1,459552917,,0.46017,,1.10837
openml.org/t/168330,Jannis,constantpredictor_enc,6,1.10875,aws.docker,0.19.2,{'encode': True},stable,2019-04-15T15:52:20,0.0,1,459552918,,0.46005,,1.10875
openml.org/t/168330,Jannis,constantpredictor_enc,7,1.10875,aws.docker,0.19.2,{'encode': True},stable,2019-04-15T15:52:39,0.0,1,459552919,,0.46005,,1.10875
openml.org/t/168330,Jannis,constantpredictor_enc,8,1.10875,aws.docker,0.19.2,{'encode': True},stable,2019-04-15T15:52:57,0.0,1,459552920,,0.46005,,1.10875
openml.org/t/168330,Jannis,constantpredictor_enc,9,1.10875,aws.docker,0.19.2,{'encode': True},stable,2019-04-15T15:53:16,0.0,1,459552921,,0.46005,,1.10875
openml.org/t/167119,jungle_chess_2pcs_raw_endgame_complete,constantpredictor_enc,0,0.934926,aws.docker,0.19.2,{'encode': True},stable,2019-04-15T15:53:21,0.0,1,459552912,,0.514726,,0.934926
openml.org/t/167119,jungle_chess_2pcs_raw_endgame_complete,constantpredictor_enc,1,0.934926,aws.docker,0.19.2,{'encode': True},stable,2019-04-15T15:53:22,0.0,1,459552913,,0.514726,,0.934926
openml.org/t/167119,jungle_chess_2pcs_raw_endgame_complete,constantpredictor_enc,2,0.935299,aws.docker,0.19.2,{'encode': True},stable,2019-04-15T15:53:24,0.0,1,459552914,,0.514502,,0.935299
openml.org/t/167119,jungle_chess_2pcs_raw_endgame_complete,constantpredictor_enc,3,0.935299,aws.docker,0.19.2,{'encode': True},stable,2019-04-15T15:53:25,0.0,1,459552915,,0.514502,,0.935299
openml.org/t/167119,jungle_chess_2pcs_raw_endgame_complete,constantpredictor_enc,4,0.935299,aws.docker,0.19.2,{'encode': True},stable,2019-04-15T15:53:27,0.0,1,459552916,,0.514502,,0.935299
openml.org/t/167119,jungle_chess_2pcs_raw_endgame_complete,constantpredictor_enc,5,0.935299,aws.docker,0.19.2,{'encode': True},stable,2019-04-15T15:53:28,0.0,1,459552917,,0.514502,,0.935299
openml.org/t/167119,jungle_chess_2pcs_raw_endgame_complete,constantpredictor_enc,6,0.935299,aws.docker,0.19.2,{'encode': True},stable,2019-04-15T15:53:29,0.0,1,459552918,,0.514502,,0.935299
openml.org/t/167119,jungle_chess_2pcs_raw_endgame_complete,constantpredictor_enc,7,0.934989,aws.docker,0.19.2,{'encode': True},stable,2019-04-15T15:53:31,0.0,1,459552919,,0.514502,,0.934989
openml.org/t/167119,jungle_chess_2pcs_raw_endgame_complete,constantpredictor_enc,8,0.934989,aws.docker,0.19.2,{'encode': True},stable,2019-04-15T15:53:32,0.0,1,459552920,,0.514502,,0.934989
openml.org/t/167119,jungle_chess_2pcs_raw_endgame_complete,constantpredictor_enc,9,0.934987,aws.docker,0.19.2,{'encode': True},stable,2019-04-15T15:53:34,0.0,1,459552921,,0.514617,,0.934987
openml.org/t/3945,KDDCup09_appetency,constantpredictor_enc,0,0.5,aws.docker,0.19.2,{'encode': True},stable,2019-04-15T15:54:04,0.0,1,459552912,,0.9822,0.5,
openml.org/t/3945,KDDCup09_appetency,constantpredictor_enc,1,0.5,aws.docker,0.19.2,{'encode': True},stable,2019-04-15T15:54:24,0.0,1,459552913,,0.9822,0.5,
openml.org/t/3945,KDDCup09_appetency,constantpredictor_enc,2,0.5,aws.docker,0.19.2,{'encode': True},stable,2019-04-15T15:54:44,0.0,1,459552914,,0.9822,0.5,
openml.org/t/3945,KDDCup09_appetency,constantpredictor_enc,3,0.5,aws.docker,0.19.2,{'encode': True},stable,2019-04-15T15:55:04,0.0,1,459552915,,0.9822,0.5,
openml.org/t/3945,KDDCup09_appetency,constantpredictor_enc,4,0.5,aws.docker,0.19.2,{'encode': True},stable,2019-04-15T15:55:24,0.0,1,459552916,,0.9822,0.5,
openml.org/t/3945,KDDCup09_appetency,constantpredictor_enc,5,0.5,aws.docker,0.19.2,{'encode': True},stable,2019-04-15T15:55:44,0.0,1,459552917,,0.9822,0.5,
openml.org/t/3945,KDDCup09_appetency,constantpredictor_enc,6,0.5,aws.docker,0.19.2,{'encode': True},stable,2019-04-15T15:56:04,0.0,1,459552918,,0.9822,0.5,
openml.org/t/3945,KDDCup09_appetency,constantpredictor_enc,7,0.5,aws.docker,0.19.2,{'encode': True},stable,2019-04-15T15:56:25,0.0,1,459552919,,0.9822,0.5,
openml.org/t/3945,KDDCup09_appetency,constantpredictor_enc,8,0.5,aws.docker,0.19.2,{'encode': True},stable,2019-04-15T15:56:45,0.0,1,459552920,,0.9822,0.5,
openml.org/t/3945,KDDCup09_appetency,constantpredictor_enc,9,0.5,aws.docker,0.19.2,{'encode': True},stable,2019-04-15T15:57:05,0.0,1,459552921,,0.9822,0.5,
openml.org/t/168335,MiniBooNE,constantpredictor_enc,0,0.5,aws.docker,0.19.2,{'encode': True},stable,2019-04-15T15:57:50,0.0,1,459552912,,0.719382,0.5,
openml.org/t/168335,MiniBooNE,constantpredictor_enc,1,0.5,aws.docker,0.19.2,{'encode': True},stable,2019-04-15T15:58:14,0.0,1,459552913,,0.719382,0.5,
openml.org/t/168335,MiniBooNE,constantpredictor_enc,2,0.5,aws.docker,0.19.2,{'encode': True},stable,2019-04-15T15:58:38,0.0,1,459552914,,0.719382,0.5,
openml.org/t/168335,MiniBooNE,constantpredictor_enc,3,0.5,aws.docker,0.19.2,{'encode': True},stable,2019-04-15T15:59:02,0.0,1,459552915,,0.719382,0.5,
openml.org/t/168335,MiniBooNE,constantpredictor_enc,4,0.5,aws.docker,0.19.2,{'encode': True},stable,2019-04-15T15:59:26,0.0,1,459552916,,0.719437,0.5,
openml.org/t/168335,MiniBooNE,constantpredictor_enc,5,0.5,aws.docker,0.19.2,{'encode': True},stable,2019-04-15T15:59:49,0.0,1,459552917,,0.71936,0.5,
openml.org/t/168335,MiniBooNE,constantpredictor_enc,6,0.5,aws.docker,0.19.2,{'encode': True},stable,2019-04-15T16:00:13,0.0,1,459552918,,0.71936,0.5,
openml.org/t/168335,MiniBooNE,constantpredictor_enc,7,0.5,aws.docker,0.19.2,{'encode': True},stable,2019-04-15T16:00:38,0.0,1,459552919,,0.71936,0.5,
openml.org/t/168335,MiniBooNE,constantpredictor_enc,8,0.5,aws.docker,0.19.2,{'encode': True},stable,2019-04-15T16:01:02,0.0,1,459552920,,0.71936,0.5,
openml.org/t/168335,MiniBooNE,constantpredictor_enc,9,0.5,aws.docker,0.19.2,{'encode': True},stable,2019-04-15T16:01:26,0.0,1,459552921,,0.71936,0.5,
openml.org/t/9977,nomao,constantpredictor_enc,0,0.5,aws.docker,0.19.2,{'encode': True},stable,2019-04-15T16:01:41,0.0,1,459552912,,0.714534,0.5,
openml.org/t/9977,nomao,constantpredictor_enc,1,0.5,aws.docker,0.19.2,{'encode': True},stable,2019-04-15T16:01:52,0.0,1,459552913,,0.714244,0.5,
openml.org/t/9977,nomao,constantpredictor_enc,2,0.5,aws.docker,0.19.2,{'encode': True},stable,2019-04-15T16:02:02,0.0,1,459552914,,0.714244,0.5,
openml.org/t/9977,nomao,constantpredictor_enc,3,0.5,aws.docker,0.19.2,{'encode': True},stable,2019-04-15T16:02:12,0.0,1,459552915,,0.714244,0.5,
openml.org/t/9977,nomao,constantpredictor_enc,4,0.5,aws.docker,0.19.2,{'encode': True},stable,2019-04-15T16:02:23,0.0,1,459552916,,0.714244,0.5,
openml.org/t/9977,nomao,constantpredictor_enc,5,0.5,aws.docker,0.19.2,{'encode': True},stable,2019-04-15T16:02:33,0.0,1,459552917,,0.714452,0.5,
openml.org/t/9977,nomao,constantpredictor_enc,6,0.5,aws.docker,0.19.2,{'encode': True},stable,2019-04-15T16:02:44,0.0,1,459552918,,0.714452,0.5,
openml.org/t/9977,nomao,constantpredictor_enc,7,0.5,aws.docker,0.19.2,{'encode': True},stable,2019-04-15T16:02:54,0.0,1,459552919,,0.714452,0.5,
openml.org/t/9977,nomao,constantpredictor_enc,8,0.5,aws.docker,0.19.2,{'encode': True},stable,2019-04-15T16:03:05,0.0,1,459552920,,0.714452,0.5,
openml.org/t/9977,nomao,constantpredictor_enc,9,0.5,aws.docker,0.19.2,{'encode': True},stable,2019-04-15T16:03:15,0.0,1,459552921,,0.714452,0.5,
openml.org/t/167120,numerai28.6,constantpredictor_enc,0,0.5,aws.docker,0.19.2,{'encode': True},stable,2019-04-15T16:03:38,0.0,1,459552912,,0.505087,0.5,
openml.org/t/167120,numerai28.6,constantpredictor_enc,1,0.5,aws.docker,0.19.2,{'encode': True},stable,2019-04-15T16:03:47,0.0,1,459552913,,0.505087,0.5,
openml.org/t/167120,numerai28.6,constantpredictor_enc,2,0.5,aws.docker,0.19.2,{'encode': True},stable,2019-04-15T16:03:56,0.0,1,459552914,,0.505191,0.5,
openml.org/t/167120,numerai28.6,constantpredictor_enc,3,0.5,aws.docker,0.19.2,{'encode': True},stable,2019-04-15T16:04:06,0.0,1,459552915,,0.505191,0.5,
openml.org/t/167120,numerai28.6,constantpredictor_enc,4,0.5,aws.docker,0.19.2,{'encode': True},stable,2019-04-15T16:04:15,0.0,1,459552916,,0.505191,0.5,
openml.org/t/167120,numerai28.6,constantpredictor_enc,5,0.5,aws.docker,0.19.2,{'encode': True},stable,2019-04-15T16:04:25,0.0,1,459552917,,0.505191,0.5,
openml.org/t/167120,numerai28.6,constantpredictor_enc,6,0.5,aws.docker,0.19.2,{'encode': True},stable,2019-04-15T16:04:34,0.0,1,459552918,,0.505191,0.5,
openml.org/t/167120,numerai28.6,constantpredictor_enc,7,0.5,aws.docker,0.19.2,{'encode': True},stable,2019-04-15T16:04:43,0.0,1,459552919,,0.505191,0.5,
openml.org/t/167120,numerai28.6,constantpredictor_enc,8,0.5,aws.docker,0.19.2,{'encode': True},stable,2019-04-15T16:04:53,0.0,1,459552920,,0.505191,0.5,
openml.org/t/167120,numerai28.6,constantpredictor_enc,9,0.5,aws.docker,0.19.2,{'encode': True},stable,2019-04-15T16:05:02,0.0,1,459552921,,0.505191,0.5,
openml.org/t/168338,riccardo,constantpredictor_enc,0,0.5,aws.docker,0.19.2,{'encode': True},stable,2019-04-15T16:22:40,0.0,1,459552912,,0.75,0.5,
openml.org/t/168338,riccardo,constantpredictor_enc,1,0.5,aws.docker,0.19.2,{'encode': True},stable,2019-04-15T16:35:37,0.0,1,459552913,,0.75,0.5,
openml.org/t/168338,riccardo,constantpredictor_enc,2,0.5,aws.docker,0.19.2,{'encode': True},stable,2019-04-15T16:48:31,0.0,1,459552914,,0.75,0.5,
openml.org/t/168338,riccardo,constantpredictor_enc,3,0.5,aws.docker,0.19.2,{'encode': True},stable,2019-04-15T17:01:06,0.0,1,459552915,,0.75,0.5,
openml.org/t/168338,riccardo,constantpredictor_enc,4,0.5,aws.docker,0.19.2,{'encode': True},stable,2019-04-15T17:13:39,0.0,1,459552916,,0.75,0.5,
openml.org/t/168338,riccardo,constantpredictor_enc,5,0.5,aws.docker,0.19.2,{'encode': True},stable,2019-04-15T17:26:06,0.0,1,459552917,,0.75,0.5,
openml.org/t/168338,riccardo,constantpredictor_enc,6,0.5,aws.docker,0.19.2,{'encode': True},stable,2019-04-15T17:38:24,0.0,1,459552918,,0.75,0.5,
openml.org/t/168338,riccardo,constantpredictor_enc,7,0.5,aws.docker,0.19.2,{'encode': True},stable,2019-04-15T17:50:33,0.0,1,459552919,,0.75,0.5,
openml.org/t/168338,riccardo,constantpredictor_enc,8,0.5,aws.docker,0.19.2,{'encode': True},stable,2019-04-15T18:02:35,0.0,1,459552920,,0.75,0.5,
openml.org/t/168338,riccardo,constantpredictor_enc,9,0.5,aws.docker,0.19.2,{'encode': True},stable,2019-04-15T18:14:30,0.0,1,459552921,,0.75,0.5,
openml.org/t/168332,Robert,constantpredictor_enc,0,2.30225,aws.docker,0.19.2,{'encode': True},stable,2019-04-15T18:32:03,0.0,1,459552912,,0.104,,2.30225
openml.org/t/168332,Robert,constantpredictor_enc,1,2.30225,aws.docker,0.19.2,{'encode': True},stable,2019-04-15T18:44:23,0.0,1,459552913,,0.104,,2.30225
openml.org/t/168332,Robert,constantpredictor_enc,2,2.3022,aws.docker,0.19.2,{'encode': True},stable,2019-04-15T18:56:23,0.0,1,459552914,,0.105,,2.3022
openml.org/t/168332,Robert,constantpredictor_enc,3,2.3022,aws.docker,0.19.2,{'encode': True},stable,2019-04-15T19:08:31,0.0,1,459552915,,0.105,,2.3022
openml.org/t/168332,Robert,constantpredictor_enc,4,2.30223,aws.docker,0.19.2,{'encode': True},stable,2019-04-15T19:20:36,0.0,1,459552916,,0.105,,2.30223
openml.org/t/168332,Robert,constantpredictor_enc,5,2.30224,aws.docker,0.19.2,{'encode': True},stable,2019-04-15T19:32:22,0.0,1,459552917,,0.104,,2.30224
openml.org/t/168332,Robert,constantpredictor_enc,6,2.30225,aws.docker,0.19.2,{'encode': True},stable,2019-04-15T19:43:50,0.0,1,459552918,,0.104,,2.30225
openml.org/t/168332,Robert,constantpredictor_enc,7,2.30229,aws.docker,0.19.2,{'encode': True},stable,2019-04-15T19:55:09,0.0,1,459552919,,0.104,,2.30229
openml.org/t/168332,Robert,constantpredictor_enc,8,2.30229,aws.docker,0.19.2,{'encode': True},stable,2019-04-15T20:06:23,0.0,1,459552920,,0.104,,2.30229
openml.org/t/168332,Robert,constantpredictor_enc,9,2.30224,aws.docker,0.19.2,{'encode': True},stable,2019-04-15T20:17:18,0.0,1,459552921,,0.104,,2.30224
openml.org/t/146212,Shuttle,constantpredictor_enc,0,0.665165,aws.docker,0.19.2,{'encode': True},stable,2019-04-15T20:17:26,0.0,1,459552912,,0.786034,,0.665165
openml.org/t/146212,Shuttle,constantpredictor_enc,1,0.665165,aws.docker,0.19.2,{'encode': True},stable,2019-04-15T20:17:28,0.0,1,459552913,,0.786034,,0.665165
openml.org/t/146212,Shuttle,constantpredictor_enc,2,0.665165,aws.docker,0.19.2,{'encode': True},stable,2019-04-15T20:17:31,0.0,1,459552914,,0.786034,,0.665165
openml.org/t/146212,Shuttle,constantpredictor_enc,3,0.665165,aws.docker,0.19.2,{'encode': True},stable,2019-04-15T20:17:33,0.0,1,459552915,,0.786034,,0.665165
openml.org/t/146212,Shuttle,constantpredictor_enc,4,0.665165,aws.docker,0.19.2,{'encode': True},stable,2019-04-15T20:17:36,0.0,1,459552916,,0.786034,,0.665165
openml.org/t/146212,Shuttle,constantpredictor_enc,5,0.665165,aws.docker,0.19.2,{'encode': True},stable,2019-04-15T20:17:38,0.0,1,459552917,,0.786034,,0.665165
openml.org/t/146212,Shuttle,constantpredictor_enc,6,0.665956,aws.docker,0.19.2,{'encode': True},stable,2019-04-15T20:17:41,0.0,1,459552918,,0.785862,,0.665956
openml.org/t/146212,Shuttle,constantpredictor_enc,7,0.666406,aws.docker,0.19.2,{'encode': True},stable,2019-04-15T20:17:43,0.0,1,459552919,,0.785862,,0.666406
openml.org/t/146212,Shuttle,constantpredictor_enc,8,0.666406,aws.docker,0.19.2,{'encode': True},stable,2019-04-15T20:17:46,0.0,1,459552920,,0.785862,,0.666406
openml.org/t/146212,Shuttle,constantpredictor_enc,9,0.666579,aws.docker,0.19.2,{'encode': True},stable,2019-04-15T20:17:48,0.0,1,459552921,,0.785862,,0.666579
openml.org/t/168331,Volkert,constantpredictor_enc,0,2.05248,aws.docker,0.19.2,{'encode': True},stable,2019-04-15T20:18:41,0.0,1,459552912,,0.219688,,2.05248
openml.org/t/168331,Volkert,constantpredictor_enc,1,2.05227,aws.docker,0.19.2,{'encode': True},stable,2019-04-15T20:19:18,0.0,1,459552913,,0.219688,,2.05227
openml.org/t/168331,Volkert,constantpredictor_enc,2,2.05237,aws.docker,0.19.2,{'encode': True},stable,2019-04-15T20:19:55,0.0,1,459552914,,0.219688,,2.05237
openml.org/t/168331,Volkert,constantpredictor_enc,3,2.05237,aws.docker,0.19.2,{'encode': True},stable,2019-04-15T20:20:32,0.0,1,459552915,,0.219688,,2.05237
openml.org/t/168331,Volkert,constantpredictor_enc,4,2.05283,aws.docker,0.19.2,{'encode': True},stable,2019-04-15T20:21:09,0.0,1,459552916,,0.219516,,2.05283
openml.org/t/168331,Volkert,constantpredictor_enc,5,2.05278,aws.docker,0.19.2,{'encode': True},stable,2019-04-15T20:21:46,0.0,1,459552917,,0.219516,,2.05278
openml.org/t/168331,Volkert,constantpredictor_enc,6,2.05278,aws.docker,0.19.2,{'encode': True},stable,2019-04-15T20:22:22,0.0,1,459552918,,0.219516,,2.05278
openml.org/t/168331,Volkert,constantpredictor_enc,7,2.05278,aws.docker,0.19.2,{'encode': True},stable,2019-04-15T20:22:59,0.0,1,459552919,,0.219516,,2.05278
openml.org/t/168331,Volkert,constantpredictor_enc,8,2.05269,aws.docker,0.19.2,{'encode': True},stable,2019-04-15T20:23:36,0.0,1,459552920,,0.219688,,2.05269
openml.org/t/168331,Volkert,constantpredictor_enc,9,2.05269,aws.docker,0.19.2,{'encode': True},stable,2019-04-15T20:24:13,0.0,1,459552921,,0.219688,,2.05269
openml.org/t/7592,adult,RandomForest,0,0.911628,aws.docker,0.19.2,{'n_estimators': 2000},stable,2019-04-14T20:15:38,15.2,2000,183006625,,0.863664,0.911628,
openml.org/t/7592,adult,RandomForest,1,0.90532,aws.docker,0.19.2,{'n_estimators': 2000},stable,2019-04-14T20:15:48,15.2,2000,183006626,,0.855681,0.90532,
openml.org/t/7592,adult,RandomForest,3,0.907703,aws.docker,0.19.2,{'n_estimators': 2000},stable,2019-04-14T20:15:56,15.2,2000,183006628,,0.85217,0.907703,
openml.org/t/7592,adult,RandomForest,4,0.90749,aws.docker,0.19.2,{'n_estimators': 2000},stable,2019-04-14T20:16:11,15.3,2000,183006629,,0.859746,0.90749,
openml.org/t/7592,adult,RandomForest,2,0.909011,aws.docker,0.19.2,{'n_estimators': 2000},stable,2019-04-14T20:15:59,15.2,2000,183006627,,0.858313,0.909011,
openml.org/t/7592,adult,RandomForest,5,0.907408,aws.docker,0.19.2,{'n_estimators': 2000},stable,2019-04-14T20:19:58,15.1,2000,183006630,,0.859746,0.907408,
openml.org/t/7592,adult,RandomForest,6,0.904782,aws.docker,0.19.2,{'n_estimators': 2000},stable,2019-04-14T20:19:49,15.3,2000,183006631,,0.853604,0.904782,
openml.org/t/7592,adult,RandomForest,7,0.911824,aws.docker,0.19.2,{'n_estimators': 2000},stable,2019-04-14T20:19:56,15.1,2000,183006632,,0.856265,0.911824,
openml.org/t/7592,adult,RandomForest,9,0.911819,aws.docker,0.19.2,{'n_estimators': 2000},stable,2019-04-14T20:20:54,15.2,2000,183006634,,0.858722,0.911819,
openml.org/t/7592,adult,RandomForest,8,0.916774,aws.docker,0.19.2,{'n_estimators': 2000},stable,2019-04-14T20:20:49,15.2,2000,183006633,,0.860975,0.916774,
openml.org/t/34539,Amazon_employee_access,RandomForest,1,0.855198,aws.docker,0.19.2,{'n_estimators': 2000},stable,2019-04-14T20:23:54,13.8,2000,183006626,,0.951175,0.855198,
openml.org/t/34539,Amazon_employee_access,RandomForest,2,0.854297,aws.docker,0.19.2,{'n_estimators': 2000},stable,2019-04-14T20:23:59,14.0,2000,183006627,,0.949039,0.854297,
openml.org/t/34539,Amazon_employee_access,RandomForest,0,0.886038,aws.docker,0.19.2,{'n_estimators': 2000},stable,2019-04-14T20:24:14,13.9,2000,183006625,,0.947818,0.886038,
openml.org/t/34539,Amazon_employee_access,RandomForest,3,0.866881,aws.docker,0.19.2,{'n_estimators': 2000},stable,2019-04-14T20:24:52,13.9,2000,183006628,,0.946903,0.866881,
openml.org/t/34539,Amazon_employee_access,RandomForest,4,0.863763,aws.docker,0.19.2,{'n_estimators': 2000},stable,2019-04-14T20:25:09,14.0,2000,183006629,,0.951785,0.863763,
openml.org/t/34539,Amazon_employee_access,RandomForest,5,0.873628,aws.docker,0.19.2,{'n_estimators': 2000},stable,2019-04-14T20:28:00,13.9,2000,183006630,,0.944156,0.873628,
openml.org/t/34539,Amazon_employee_access,RandomForest,6,0.859974,aws.docker,0.19.2,{'n_estimators': 2000},stable,2019-04-14T20:28:00,13.8,2000,183006631,,0.949344,0.859974,
openml.org/t/34539,Amazon_employee_access,RandomForest,7,0.840407,aws.docker,0.19.2,{'n_estimators': 2000},stable,2019-04-14T20:28:57,14.1,2000,183006632,,0.946292,0.840407,
openml.org/t/34539,Amazon_employee_access,RandomForest,8,0.874489,aws.docker,0.19.2,{'n_estimators': 2000},stable,2019-04-14T20:28:55,13.8,2000,183006633,,0.949039,0.874489,
openml.org/t/34539,Amazon_employee_access,RandomForest,9,0.869058,aws.docker,0.19.2,{'n_estimators': 2000},stable,2019-04-14T20:29:02,14.0,2000,183006634,,0.949634,0.869058,
openml.org/t/168868,APSFailure,RandomForest,1,0.990504,aws.docker,0.19.2,{'n_estimators': 2000},stable,2019-04-14T20:37:20,272.4,2000,183006626,,0.992368,0.990504,
openml.org/t/168868,APSFailure,RandomForest,0,0.988746,aws.docker,0.19.2,{'n_estimators': 2000},stable,2019-04-14T20:37:23,277.9,2000,183006625,,0.995132,0.988746,
openml.org/t/168868,APSFailure,RandomForest,3,0.990193,aws.docker,0.19.2,{'n_estimators': 2000},stable,2019-04-14T20:38:10,274.4,2000,183006628,,0.995132,0.990193,
openml.org/t/168868,APSFailure,RandomForest,4,0.991989,aws.docker,0.19.2,{'n_estimators': 2000},stable,2019-04-14T20:37:59,256.6,2000,183006629,,0.994868,0.991989,
openml.org/t/168868,APSFailure,RandomForest,2,0.994576,aws.docker,0.19.2,{'n_estimators': 2000},stable,2019-04-14T20:38:18,282.3,2000,183006627,,0.993421,0.994576,
openml.org/t/168868,APSFailure,RandomForest,5,0.992511,aws.docker,0.19.2,{'n_estimators': 2000},stable,2019-04-14T20:46:31,272.0,2000,183006630,,0.993553,0.992511,
openml.org/t/168868,APSFailure,RandomForest,6,0.993482,aws.docker,0.19.2,{'n_estimators': 2000},stable,2019-04-14T20:47:19,272.5,2000,183006631,,0.995395,0.993482,
openml.org/t/168868,APSFailure,RandomForest,7,0.992666,aws.docker,0.19.2,{'n_estimators': 2000},stable,2019-04-14T20:47:19,273.7,2000,183006632,,0.994868,0.992666,
openml.org/t/168868,APSFailure,RandomForest,8,0.990838,aws.docker,0.19.2,{'n_estimators': 2000},stable,2019-04-14T20:47:43,277.9,2000,183006633,,0.994079,0.990838,
openml.org/t/168868,APSFailure,RandomForest,9,0.992165,aws.docker,0.19.2,{'n_estimators': 2000},stable,2019-04-14T20:48:35,277.0,2000,183006634,,0.994868,0.992165,
openml.org/t/14965,bank-marketing,RandomForest,0,0.931735,aws.docker,0.19.2,{'n_estimators': 2000},stable,2019-04-14T20:50:31,16.6,2000,183006625,,0.906236,0.931735,
openml.org/t/14965,bank-marketing,RandomForest,1,0.926053,aws.docker,0.19.2,{'n_estimators': 2000},stable,2019-04-14T20:51:23,16.5,2000,183006626,,0.904888,0.926053,
openml.org/t/14965,bank-marketing,RandomForest,2,0.938896,aws.docker,0.19.2,{'n_estimators': 2000},stable,2019-04-14T20:51:27,16.5,2000,183006627,,0.913957,0.938896,
openml.org/t/14965,bank-marketing,RandomForest,3,0.930261,aws.docker,0.19.2,{'n_estimators': 2000},stable,2019-04-14T20:52:30,16.4,2000,183006628,,0.907985,0.930261,
openml.org/t/14965,bank-marketing,RandomForest,4,0.933919,aws.docker,0.19.2,{'n_estimators': 2000},stable,2019-04-14T20:53:23,16.4,2000,183006629,,0.906658,0.933919,
openml.org/t/14965,bank-marketing,RandomForest,5,0.923909,aws.docker,0.19.2,{'n_estimators': 2000},stable,2019-04-14T20:54:31,16.5,2000,183006630,,0.903782,0.923909,
openml.org/t/14965,bank-marketing,RandomForest,6,0.91705,aws.docker,0.19.2,{'n_estimators': 2000},stable,2019-04-14T20:55:23,16.5,2000,183006631,,0.897589,0.91705,
openml.org/t/14965,bank-marketing,RandomForest,7,0.93667,aws.docker,0.19.2,{'n_estimators': 2000},stable,2019-04-14T20:55:32,16.6,2000,183006632,,0.904225,0.93667,
openml.org/t/14965,bank-marketing,RandomForest,8,0.931113,aws.docker,0.19.2,{'n_estimators': 2000},stable,2019-04-14T20:56:42,16.5,2000,183006633,,0.906879,0.931113,
openml.org/t/14965,bank-marketing,RandomForest,9,0.936451,aws.docker,0.19.2,{'n_estimators': 2000},stable,2019-04-14T20:57:26,16.5,2000,183006634,,0.909533,0.936451,
openml.org/t/146195,connect-4,RandomForest,0,0.492818,aws.docker,0.19.2,{'n_estimators': 2000},stable,2019-04-14T20:58:45,22.5,2000,183006625,,0.819124,,0.492818
openml.org/t/146195,connect-4,RandomForest,1,0.499188,aws.docker,0.19.2,{'n_estimators': 2000},stable,2019-04-14T20:59:36,22.2,2000,183006626,,0.814683,,0.499188
openml.org/t/146195,connect-4,RandomForest,2,0.486403,aws.docker,0.19.2,{'n_estimators': 2000},stable,2019-04-14T20:59:47,22.3,2000,183006627,,0.821936,,0.486403
openml.org/t/146195,connect-4,RandomForest,4,0.489574,aws.docker,0.19.2,{'n_estimators': 2000},stable,2019-04-14T21:01:38,22.5,2000,183006629,,0.822824,,0.489574
openml.org/t/146195,connect-4,RandomForest,3,0.496941,aws.docker,0.19.2,{'n_estimators': 2000},stable,2019-04-14T21:01:51,23.3,2000,183006628,,0.819124,,0.496941
openml.org/t/146195,connect-4,RandomForest,5,0.492949,aws.docker,0.19.2,{'n_estimators': 2000},stable,2019-04-14T21:03:02,22.7,2000,183006630,,0.818976,,0.492949
openml.org/t/146195,connect-4,RandomForest,6,0.50091,aws.docker,0.19.2,{'n_estimators': 2000},stable,2019-04-14T21:03:45,22.7,2000,183006631,,0.816311,,0.50091
openml.org/t/146195,connect-4,RandomForest,7,0.491593,aws.docker,0.19.2,{'n_estimators': 2000},stable,2019-04-14T21:04:51,22.7,2000,183006632,,0.823686,,0.491593
openml.org/t/146195,connect-4,RandomForest,9,0.495776,aws.docker,0.19.2,{'n_estimators': 2000},stable,2019-04-14T21:05:54,23.6,2000,183006634,,0.819541,,0.495776
openml.org/t/146195,connect-4,RandomForest,8,0.494649,aws.docker,0.19.2,{'n_estimators': 2000},stable,2019-04-14T21:06:22,22.5,2000,183006633,,0.816432,,0.494649
openml.org/t/146825,Fashion-MNIST,RandomForest,1,0.357937,aws.docker,0.19.2,{'n_estimators': 2000},stable,2019-04-14T21:15:43,289.0,2000,183006626,,0.884429,,0.357937
openml.org/t/146825,Fashion-MNIST,RandomForest,2,0.362754,aws.docker,0.19.2,{'n_estimators': 2000},stable,2019-04-14T21:15:54,289.2,2000,183006627,,0.886286,,0.362754
openml.org/t/146825,Fashion-MNIST,RandomForest,0,0.362879,aws.docker,0.19.2,{'n_estimators': 2000},stable,2019-04-14T21:15:20,289.2,2000,183006625,,0.885429,,0.362879
openml.org/t/146825,Fashion-MNIST,RandomForest,3,0.360886,aws.docker,0.19.2,{'n_estimators': 2000},stable,2019-04-14T21:16:50,288.7,2000,183006628,,0.892714,,0.360886
openml.org/t/146825,Fashion-MNIST,RandomForest,4,0.359505,aws.docker,0.19.2,{'n_estimators': 2000},stable,2019-04-14T21:18:35,290.0,2000,183006629,,0.890143,,0.359505
openml.org/t/146825,Fashion-MNIST,RandomForest,5,0.362794,aws.docker,0.19.2,{'n_estimators': 2000},stable,2019-04-14T21:26:51,287.6,2000,183006630,,0.882286,,0.362794
openml.org/t/146825,Fashion-MNIST,RandomForest,6,0.349143,aws.docker,0.19.2,{'n_estimators': 2000},stable,2019-04-14T21:26:52,289.0,2000,183006631,,0.892286,,0.349143
openml.org/t/146825,Fashion-MNIST,RandomForest,7,0.362102,aws.docker,0.19.2,{'n_estimators': 2000},stable,2019-04-14T21:26:56,288.7,2000,183006632,,0.887,,0.362102
openml.org/t/146825,Fashion-MNIST,RandomForest,8,0.369853,aws.docker,0.19.2,{'n_estimators': 2000},stable,2019-04-14T21:28:11,289.3,2000,183006633,,0.885143,,0.369853
openml.org/t/146825,Fashion-MNIST,RandomForest,9,0.364355,aws.docker,0.19.2,{'n_estimators': 2000},stable,2019-04-14T21:29:48,288.7,2000,183006634,,0.885286,,0.364355
openml.org/t/168337,guiellermo,RandomForest,0,0.901733,aws.docker,0.19.2,{'n_estimators': 2000},stable,2019-04-14T21:55:32,224.9,2000,183006625,,0.822,0.901733,
openml.org/t/168337,guiellermo,RandomForest,1,0.890873,aws.docker,0.19.2,{'n_estimators': 2000},stable,2019-04-14T21:55:41,226.4,2000,183006626,,0.8115,0.890873,
openml.org/t/168337,guiellermo,RandomForest,3,0.903062,aws.docker,0.19.2,{'n_estimators': 2000},stable,2019-04-14T21:56:29,224.5,2000,183006628,,0.8165,0.903062,
openml.org/t/168337,guiellermo,RandomForest,2,0.918729,aws.docker,0.19.2,{'n_estimators': 2000},stable,2019-04-14T21:55:42,224.9,2000,183006627,,0.824,0.918729,
openml.org/t/168337,guiellermo,RandomForest,4,0.907145,aws.docker,0.19.2,{'n_estimators': 2000},stable,2019-04-14T21:58:45,224.8,2000,183006629,,0.8265,0.907145,
openml.org/t/168337,guiellermo,RandomForest,8,0.892508,aws.docker,0.19.2,{'n_estimators': 2000},stable,2019-04-14T22:24:35,220.1,2000,183006633,,0.818,0.892508,
openml.org/t/168337,guiellermo,RandomForest,5,0.899534,aws.docker,0.19.2,{'n_estimators': 2000},stable,2019-04-14T22:24:59,226.0,2000,183006630,,0.824,0.899534,
openml.org/t/168337,guiellermo,RandomForest,6,0.908735,aws.docker,0.19.2,{'n_estimators': 2000},stable,2019-04-14T22:24:46,224.4,2000,183006631,,0.827,0.908735,
openml.org/t/168337,guiellermo,RandomForest,7,0.893505,aws.docker,0.19.2,{'n_estimators': 2000},stable,2019-04-14T22:25:16,226.6,2000,183006632,,0.8165,0.893505,
openml.org/t/168337,guiellermo,RandomForest,9,0.911028,aws.docker,0.19.2,{'n_estimators': 2000},stable,2019-04-14T22:28:06,225.7,2000,183006634,,0.827,0.911028,
openml.org/t/168329,Helena,RandomForest,0,3.50484,aws.docker,0.19.2,"{'n_estimators': 500, '_n_jobs': 1}",stable,2019-04-19T11:40:41,482.9,500,2184650182,,0.377761,,3.50484
openml.org/t/168329,Helena,RandomForest,1,3.6222,aws.docker,0.19.2,"{'n_estimators': 500, '_n_jobs': 1}",stable,2019-04-19T11:40:43,482.6,500,2184650183,,0.377301,,3.6222
openml.org/t/168329,Helena,RandomForest,2,3.56749,aws.docker,0.19.2,"{'n_estimators': 500, '_n_jobs': 1}",stable,2019-04-19T11:40:44,483.6,500,2184650184,,0.371012,,3.56749
openml.org/t/168329,Helena,RandomForest,3,3.39889,aws.docker,0.19.2,"{'n_estimators': 500, '_n_jobs': 1}",stable,2019-04-19T11:40:54,487.2,500,2184650185,,0.374693,,3.39889
openml.org/t/168329,Helena,RandomForest,4,3.55928,aws.docker,0.19.2,"{'n_estimators': 500, '_n_jobs': 1}",stable,2019-04-19T11:40:57,481.0,500,2184650186,,0.383589,,3.55928
openml.org/t/168329,Helena,RandomForest,5,3.59412,aws.docker,0.19.2,"{'n_estimators': 500, '_n_jobs': 1}",stable,2019-04-19T11:41:05,483.8,500,2184650187,,0.372086,,3.59412
openml.org/t/168329,Helena,RandomForest,6,3.56928,aws.docker,0.19.2,"{'n_estimators': 500, '_n_jobs': 1}",stable,2019-04-19T11:41:07,484.0,500,2184650188,,0.368155,,3.56928
openml.org/t/168329,Helena,RandomForest,7,3.65345,aws.docker,0.19.2,"{'n_estimators': 500, '_n_jobs': 1}",stable,2019-04-19T11:41:12,484.2,500,2184650189,,0.366927,,3.65345
openml.org/t/168329,Helena,RandomForest,8,3.50661,aws.docker,0.19.2,"{'n_estimators': 500, '_n_jobs': 1}",stable,2019-04-19T11:41:11,482.3,500,2184650190,,0.373217,,3.50661
openml.org/t/168329,Helena,RandomForest,9,3.52317,aws.docker,0.19.2,"{'n_estimators': 500, '_n_jobs': 1}",stable,2019-04-19T11:41:18,483.0,500,2184650191,,0.375825,,3.52317
openml.org/t/146606,higgs,RandomForest,0,0.80606,aws.docker,0.19.2,{'n_estimators': 2000},stable,2019-04-15T01:36:20,161.4,2000,183006625,,0.72922,0.80606,
openml.org/t/146606,higgs,RandomForest,1,0.798253,aws.docker,0.19.2,{'n_estimators': 2000},stable,2019-04-15T01:42:52,162.8,2000,183006626,,0.719633,0.798253,
openml.org/t/146606,higgs,RandomForest,2,0.80363,aws.docker,0.19.2,{'n_estimators': 2000},stable,2019-04-15T01:50:01,162.4,2000,183006627,,0.726466,0.80363,
openml.org/t/146606,higgs,RandomForest,3,0.805073,aws.docker,0.19.2,{'n_estimators': 2000},stable,2019-04-15T01:57:07,163.4,2000,183006628,,0.724834,0.805073,
openml.org/t/146606,higgs,RandomForest,4,0.807115,aws.docker,0.19.2,{'n_estimators': 2000},stable,2019-04-15T02:04:19,164.3,2000,183006629,,0.724426,0.807115,
openml.org/t/146606,higgs,RandomForest,5,0.804423,aws.docker,0.19.2,{'n_estimators': 2000},stable,2019-04-15T02:11:19,162.1,2000,183006630,,0.723712,0.804423,
openml.org/t/146606,higgs,RandomForest,6,0.806239,aws.docker,0.19.2,{'n_estimators': 2000},stable,2019-04-15T02:18:31,163.9,2000,183006631,,0.725038,0.806239,
openml.org/t/146606,higgs,RandomForest,7,0.79288,aws.docker,0.19.2,{'n_estimators': 2000},stable,2019-04-15T02:25:58,162.7,2000,183006632,,0.716777,0.79288,
openml.org/t/146606,higgs,RandomForest,8,0.793087,aws.docker,0.19.2,{'n_estimators': 2000},stable,2019-04-15T02:33:30,163.6,2000,183006633,,0.716777,0.793087,
openml.org/t/146606,higgs,RandomForest,9,0.812014,aws.docker,0.19.2,{'n_estimators': 2000},stable,2019-04-15T02:40:35,162.3,2000,183006634,,0.730648,0.812014,
openml.org/t/168330,Jannis,RandomForest,0,0.727326,aws.docker,0.19.2,{'n_estimators': 2000},stable,2019-04-15T02:49:37,232.1,2000,183006625,,0.707547,,0.727326
openml.org/t/168330,Jannis,RandomForest,1,0.725781,aws.docker,0.19.2,{'n_estimators': 2000},stable,2019-04-15T02:58:12,232.4,2000,183006626,,0.717936,,0.725781
openml.org/t/168330,Jannis,RandomForest,2,0.724039,aws.docker,0.19.2,{'n_estimators': 2000},stable,2019-04-15T03:04:26,234.4,2000,183006627,,0.712802,,0.724039
openml.org/t/168330,Jannis,RandomForest,3,0.721589,aws.docker,0.19.2,{'n_estimators': 2000},stable,2019-04-15T03:06:09,233.1,2000,183006628,,0.708826,,0.721589
openml.org/t/168330,Jannis,RandomForest,4,0.728876,aws.docker,0.19.2,{'n_estimators': 2000},stable,2019-04-15T03:07:35,231.1,2000,183006629,,0.710498,,0.728876
openml.org/t/168330,Jannis,RandomForest,5,0.729747,aws.docker,0.19.2,{'n_estimators': 2000},stable,2019-04-15T03:12:52,233.9,2000,183006630,,0.713962,,0.729747
openml.org/t/168330,Jannis,RandomForest,6,0.731862,aws.docker,0.19.2,{'n_estimators': 2000},stable,2019-04-15T03:14:15,232.5,2000,183006631,,0.709065,,0.731862
openml.org/t/168330,Jannis,RandomForest,7,0.727437,aws.docker,0.19.2,{'n_estimators': 2000},stable,2019-04-15T03:15:35,231.1,2000,183006632,,0.709304,,0.727437
openml.org/t/168330,Jannis,RandomForest,8,0.726181,aws.docker,0.19.2,{'n_estimators': 2000},stable,2019-04-15T03:20:44,234.0,2000,183006633,,0.7185,,0.726181
openml.org/t/168330,Jannis,RandomForest,9,0.738846,aws.docker,0.19.2,{'n_estimators': 2000},stable,2019-04-15T03:22:31,234.9,2000,183006634,,0.704168,,0.738846
openml.org/t/167119,jungle_chess_2pcs_raw_endgame_complete,RandomForest,0,0.439746,aws.docker,0.19.2,{'n_estimators': 2000},stable,2019-04-15T03:19:51,10.1,2000,183006625,,0.781348,,0.439746
openml.org/t/167119,jungle_chess_2pcs_raw_endgame_complete,RandomForest,1,0.449207,aws.docker,0.19.2,{'n_estimators': 2000},stable,2019-04-15T03:23:37,10.0,2000,183006626,,0.777108,,0.449207
openml.org/t/167119,jungle_chess_2pcs_raw_endgame_complete,RandomForest,2,0.434766,aws.docker,0.19.2,{'n_estimators': 2000},stable,2019-04-15T03:24:28,10.1,2000,183006627,,0.78581,,0.434766
openml.org/t/167119,jungle_chess_2pcs_raw_endgame_complete,RandomForest,3,0.425231,aws.docker,0.19.2,{'n_estimators': 2000},stable,2019-04-15T03:26:11,10.2,2000,183006628,,0.790942,,0.425231
openml.org/t/167119,jungle_chess_2pcs_raw_endgame_complete,RandomForest,4,0.431281,aws.docker,0.19.2,{'n_estimators': 2000},stable,2019-04-15T03:27:35,10.0,2000,183006629,,0.78938,,0.431281
openml.org/t/167119,jungle_chess_2pcs_raw_endgame_complete,RandomForest,5,0.429001,aws.docker,0.19.2,{'n_estimators': 2000},stable,2019-04-15T03:29:11,9.9,2000,183006630,,0.788041,,0.429001
openml.org/t/167119,jungle_chess_2pcs_raw_endgame_complete,RandomForest,6,0.451456,aws.docker,0.19.2,{'n_estimators': 2000},stable,2019-04-15T03:30:14,10.1,2000,183006631,,0.774877,,0.451456
openml.org/t/167119,jungle_chess_2pcs_raw_endgame_complete,RandomForest,7,0.445387,aws.docker,0.19.2,{'n_estimators': 2000},stable,2019-04-15T03:31:46,10.1,2000,183006632,,0.782017,,0.445387
openml.org/t/167119,jungle_chess_2pcs_raw_endgame_complete,RandomForest,8,0.42999,aws.docker,0.19.2,{'n_estimators': 2000},stable,2019-04-15T03:33:39,10.1,2000,183006633,,0.78581,,0.42999
openml.org/t/167119,jungle_chess_2pcs_raw_endgame_complete,RandomForest,9,0.443749,aws.docker,0.19.2,{'n_estimators': 2000},stable,2019-04-15T03:34:33,10.0,2000,183006634,,0.783084,,0.443749
openml.org/t/3945,KDDCup09_appetency,RandomForest,0,0.78104,aws.docker,0.19.2,{'n_estimators': 2000},stable,2019-04-15T03:36:49,50.3,2000,183006625,,0.9822,0.78104,
openml.org/t/3945,KDDCup09_appetency,RandomForest,1,0.783307,aws.docker,0.19.2,{'n_estimators': 2000},stable,2019-04-15T03:38:57,51.4,2000,183006626,,0.9822,0.783307,
openml.org/t/3945,KDDCup09_appetency,RandomForest,2,0.788307,aws.docker,0.19.2,{'n_estimators': 2000},stable,2019-04-15T03:39:30,49.2,2000,183006627,,0.9822,0.788307,
openml.org/t/3945,KDDCup09_appetency,RandomForest,3,0.778408,aws.docker,0.19.2,{'n_estimators': 2000},stable,2019-04-15T03:41:58,49.7,2000,183006628,,0.9822,0.778408,
openml.org/t/3945,KDDCup09_appetency,RandomForest,4,0.818343,aws.docker,0.19.2,{'n_estimators': 2000},stable,2019-04-15T03:43:48,51.0,2000,183006629,,0.9822,0.818343,
openml.org/t/3945,KDDCup09_appetency,RandomForest,5,0.770504,aws.docker,0.19.2,{'n_estimators': 2000},stable,2019-04-15T03:44:35,49.4,2000,183006630,,0.9822,0.770504,
openml.org/t/3945,KDDCup09_appetency,RandomForest,7,0.826169,aws.docker,0.19.2,{'n_estimators': 2000},stable,2019-04-15T03:48:57,49.5,2000,183006632,,0.9822,0.826169,
openml.org/t/3945,KDDCup09_appetency,RandomForest,6,0.79208,aws.docker,0.19.2,{'n_estimators': 2000},stable,2019-04-15T03:50:06,51.2,2000,183006631,,0.9822,0.79208,
openml.org/t/3945,KDDCup09_appetency,RandomForest,8,0.772048,aws.docker,0.19.2,{'n_estimators': 2000},stable,2019-04-15T03:49:56,51.1,2000,183006633,,0.9822,0.772048,
openml.org/t/3945,KDDCup09_appetency,RandomForest,9,0.768807,aws.docker,0.19.2,{'n_estimators': 2000},stable,2019-04-15T03:54:04,49.9,2000,183006634,,0.9822,0.768807,
openml.org/t/168335,MiniBooNE,RandomForest,0,0.980175,aws.docker,0.19.2,{'n_estimators': 2000},stable,2019-04-15T04:00:53,381.1,2000,183006625,,0.936419,0.980175,
openml.org/t/168335,MiniBooNE,RandomForest,1,0.981211,aws.docker,0.19.2,{'n_estimators': 2000},stable,2019-04-15T04:01:40,392.3,2000,183006626,,0.93442,0.981211,
openml.org/t/168335,MiniBooNE,RandomForest,2,0.981085,aws.docker,0.19.2,{'n_estimators': 2000},stable,2019-04-15T04:05:01,393.9,2000,183006627,,0.935035,0.981085,
openml.org/t/168335,MiniBooNE,RandomForest,3,0.981978,aws.docker,0.19.2,{'n_estimators': 2000},stable,2019-04-15T04:12:19,388.7,2000,183006628,,0.938725,0.981978,
openml.org/t/168335,MiniBooNE,RandomForest,4,0.982197,aws.docker,0.19.2,{'n_estimators': 2000},stable,2019-04-15T04:13:06,388.3,2000,183006629,,0.939874,0.982197,
openml.org/t/168335,MiniBooNE,RandomForest,5,0.980206,aws.docker,0.19.2,{'n_estimators': 2000},stable,2019-04-15T04:16:22,390.6,2000,183006630,,0.937029,0.980206,
openml.org/t/168335,MiniBooNE,RandomForest,7,0.981541,aws.docker,0.19.2,{'n_estimators': 2000},stable,2019-04-15T04:24:09,387.0,2000,183006632,,0.93749,0.981541,
openml.org/t/168335,MiniBooNE,RandomForest,6,0.983702,aws.docker,0.19.2,{'n_estimators': 2000},stable,2019-04-15T04:24:31,392.5,2000,183006631,,0.942719,0.983702,
openml.org/t/168335,MiniBooNE,RandomForest,8,0.98171,aws.docker,0.19.2,{'n_estimators': 2000},stable,2019-04-15T04:27:15,386.1,2000,183006633,,0.937029,0.98171,
openml.org/t/168335,MiniBooNE,RandomForest,9,0.983025,aws.docker,0.19.2,{'n_estimators': 2000},stable,2019-04-15T04:34:58,387.7,2000,183006634,,0.939489,0.983025,
openml.org/t/9977,nomao,RandomForest,0,0.993815,aws.docker,0.19.2,{'n_estimators': 2000},stable,2019-04-15T04:28:41,16.3,2000,183006625,,0.969539,0.993815,
openml.org/t/9977,nomao,RandomForest,1,0.995109,aws.docker,0.19.2,{'n_estimators': 2000},stable,2019-04-15T04:31:34,16.2,2000,183006626,,0.970409,0.995109,
openml.org/t/9977,nomao,RandomForest,2,0.994014,aws.docker,0.19.2,{'n_estimators': 2000},stable,2019-04-15T04:33:40,16.5,2000,183006627,,0.966638,0.994014,
openml.org/t/9977,nomao,RandomForest,3,0.995877,aws.docker,0.19.2,{'n_estimators': 2000},stable,2019-04-15T04:35:43,16.3,2000,183006628,,0.97244,0.995877,
openml.org/t/9977,nomao,RandomForest,4,0.995485,aws.docker,0.19.2,{'n_estimators': 2000},stable,2019-04-15T04:37:54,16.2,2000,183006629,,0.970409,0.995485,
openml.org/t/9977,nomao,RandomForest,5,0.995331,aws.docker,0.19.2,{'n_estimators': 2000},stable,2019-04-15T04:39:24,16.3,2000,183006630,,0.96895,0.995331,
openml.org/t/9977,nomao,RandomForest,6,0.994332,aws.docker,0.19.2,{'n_estimators': 2000},stable,2019-04-15T04:39:52,16.0,2000,183006631,,0.966048,0.994332,
openml.org/t/9977,nomao,RandomForest,7,0.995979,aws.docker,0.19.2,{'n_estimators': 2000},stable,2019-04-15T04:43:35,16.2,2000,183006632,,0.973302,0.995979,
openml.org/t/9977,nomao,RandomForest,9,0.994659,aws.docker,0.19.2,{'n_estimators': 2000},stable,2019-04-15T04:43:57,16.2,2000,183006634,,0.96982,0.994659,
openml.org/t/9977,nomao,RandomForest,8,0.994258,aws.docker,0.19.2,{'n_estimators': 2000},stable,2019-04-15T04:43:45,16.2,2000,183006633,,0.96953,0.994258,
openml.org/t/167120,numerai28.6,RandomForest,0,0.51265,aws.docker,0.19.2,{'n_estimators': 2000},stable,2019-04-15T04:50:12,146.4,2000,183006625,,0.510486,0.51265,
openml.org/t/167120,numerai28.6,RandomForest,1,0.518334,aws.docker,0.19.2,{'n_estimators': 2000},stable,2019-04-15T04:50:15,144.8,2000,183006626,,0.508513,0.518334,
openml.org/t/167120,numerai28.6,RandomForest,2,0.51475,aws.docker,0.19.2,{'n_estimators': 2000},stable,2019-04-15T04:50:45,143.7,2000,183006627,,0.510278,0.51475,
openml.org/t/167120,numerai28.6,RandomForest,3,0.515539,aws.docker,0.19.2,{'n_estimators': 2000},stable,2019-04-15T04:57:12,143.2,2000,183006628,,0.512874,0.515539,
openml.org/t/167120,numerai28.6,RandomForest,4,0.52425,aws.docker,0.19.2,{'n_estimators': 2000},stable,2019-04-15T04:57:16,145.0,2000,183006629,,0.517234,0.52425,
openml.org/t/167120,numerai28.6,RandomForest,5,0.517167,aws.docker,0.19.2,{'n_estimators': 2000},stable,2019-04-15T04:58:04,144.3,2000,183006630,,0.512043,0.517167,
openml.org/t/167120,numerai28.6,RandomForest,6,0.529697,aws.docker,0.19.2,{'n_estimators': 2000},stable,2019-04-15T05:04:29,144.1,2000,183006631,,0.522529,0.529697,
openml.org/t/167120,numerai28.6,RandomForest,7,0.527479,aws.docker,0.19.2,{'n_estimators': 2000},stable,2019-04-15T05:04:29,143.4,2000,183006632,,0.514431,0.527479,
openml.org/t/167120,numerai28.6,RandomForest,8,0.519192,aws.docker,0.19.2,{'n_estimators': 2000},stable,2019-04-15T05:05:06,143.8,2000,183006633,,0.510486,0.519192,
openml.org/t/167120,numerai28.6,RandomForest,9,0.518279,aws.docker,0.19.2,{'n_estimators': 2000},stable,2019-04-15T05:11:17,142.7,2000,183006634,,0.513912,0.518279,
openml.org/t/168338,riccardo,RandomForest,0,0.998647,aws.docker,0.19.2,{'n_estimators': 2000},stable,2019-04-15T05:35:42,348.8,2000,183006625,,0.9575,0.998647,
openml.org/t/168338,riccardo,RandomForest,1,0.999566,aws.docker,0.19.2,{'n_estimators': 2000},stable,2019-04-15T05:36:16,348.0,2000,183006626,,0.9645,0.999566,
openml.org/t/168338,riccardo,RandomForest,2,0.999368,aws.docker,0.19.2,{'n_estimators': 2000},stable,2019-04-15T05:42:36,349.0,2000,183006627,,0.969,0.999368,
openml.org/t/168338,riccardo,RandomForest,3,0.998877,aws.docker,0.19.2,{'n_estimators': 2000},stable,2019-04-15T06:07:31,350.1,2000,183006628,,0.9665,0.998877,
openml.org/t/168338,riccardo,RandomForest,4,0.998483,aws.docker,0.19.2,{'n_estimators': 2000},stable,2019-04-15T06:07:40,348.8,2000,183006629,,0.961,0.998483,
openml.org/t/168338,riccardo,RandomForest,5,0.99881,aws.docker,0.19.2,{'n_estimators': 2000},stable,2019-04-15T06:14:13,347.0,2000,183006630,,0.965,0.99881,
openml.org/t/168338,riccardo,RandomForest,6,0.999589,aws.docker,0.19.2,{'n_estimators': 2000},stable,2019-04-15T06:38:51,351.5,2000,183006631,,0.959,0.999589,
openml.org/t/168338,riccardo,RandomForest,7,0.998565,aws.docker,0.19.2,{'n_estimators': 2000},stable,2019-04-15T06:38:43,347.5,2000,183006632,,0.9605,0.998565,
openml.org/t/168338,riccardo,RandomForest,8,0.999296,aws.docker,0.19.2,{'n_estimators': 2000},stable,2019-04-15T06:45:47,348.5,2000,183006633,,0.9615,0.999296,
openml.org/t/168338,riccardo,RandomForest,9,0.998928,aws.docker,0.19.2,{'n_estimators': 2000},stable,2019-04-15T06:47:35,339.6,2000,183006634,,0.953,0.998928,
openml.org/t/168332,Robert,RandomForest,0,1.68778,aws.docker,0.19.2,{'n_estimators': 2000},stable,2019-04-15T07:09:06,198.9,2000,183006625,,0.486,,1.68778
openml.org/t/168332,Robert,RandomForest,1,1.70242,aws.docker,0.19.2,{'n_estimators': 2000},stable,2019-04-15T07:10:12,197.2,2000,183006626,,0.489,,1.70242
openml.org/t/168332,Robert,RandomForest,2,1.68951,aws.docker,0.19.2,{'n_estimators': 2000},stable,2019-04-15T07:15:19,198.4,2000,183006627,,0.475,,1.68951
openml.org/t/168332,Robert,RandomForest,3,1.68576,aws.docker,0.19.2,{'n_estimators': 2000},stable,2019-04-15T07:15:33,198.1,2000,183006628,,0.477,,1.68576
openml.org/t/168332,Robert,RandomForest,4,1.68141,aws.docker,0.19.2,{'n_estimators': 2000},stable,2019-04-15T07:16:42,197.8,2000,183006629,,0.478,,1.68141
openml.org/t/168332,Robert,RandomForest,5,1.69348,aws.docker,0.19.2,{'n_estimators': 2000},stable,2019-04-15T07:39:35,196.4,2000,183006630,,0.48,,1.69348
openml.org/t/168332,Robert,RandomForest,6,1.64775,aws.docker,0.19.2,{'n_estimators': 2000},stable,2019-04-15T07:41:52,198.4,2000,183006631,,0.51,,1.64775
openml.org/t/168332,Robert,RandomForest,7,1.69576,aws.docker,0.19.2,{'n_estimators': 2000},stable,2019-04-15T07:45:36,195.3,2000,183006632,,0.469,,1.69576
openml.org/t/168332,Robert,RandomForest,8,1.69347,aws.docker,0.19.2,{'n_estimators': 2000},stable,2019-04-15T07:46:46,198.4,2000,183006633,,0.47,,1.69347
openml.org/t/168332,Robert,RandomForest,9,1.69594,aws.docker,0.19.2,{'n_estimators': 2000},stable,2019-04-15T07:47:54,198.3,2000,183006634,,0.467,,1.69594
openml.org/t/146212,Shuttle,RandomForest,0,0.000676569,aws.docker,0.19.2,{'n_estimators': 2000},stable,2019-04-15T07:44:11,9.3,2000,183006625,,0.999828,,0.000676569
openml.org/t/146212,Shuttle,RandomForest,1,0.00079923,aws.docker,0.19.2,{'n_estimators': 2000},stable,2019-04-15T07:45:55,9.3,2000,183006626,,0.999828,,0.00079923
openml.org/t/146212,Shuttle,RandomForest,2,0.000573497,aws.docker,0.19.2,{'n_estimators': 2000},stable,2019-04-15T07:48:17,9.3,2000,183006627,,1.0,,0.000573497
openml.org/t/146212,Shuttle,RandomForest,3,0.0006274,aws.docker,0.19.2,{'n_estimators': 2000},stable,2019-04-15T07:49:57,9.4,2000,183006628,,0.999828,,0.0006274
openml.org/t/146212,Shuttle,RandomForest,4,0.000777806,aws.docker,0.19.2,{'n_estimators': 2000},stable,2019-04-15T07:50:19,9.4,2000,183006629,,1.0,,0.000777806
openml.org/t/146212,Shuttle,RandomForest,5,0.000792314,aws.docker,0.19.2,{'n_estimators': 2000},stable,2019-04-15T07:51:20,9.3,2000,183006630,,0.999828,,0.000792314
openml.org/t/146212,Shuttle,RandomForest,6,0.000560402,aws.docker,0.19.2,{'n_estimators': 2000},stable,2019-04-15T07:51:51,9.4,2000,183006631,,1.0,,0.000560402
openml.org/t/146212,Shuttle,RandomForest,7,0.000823399,aws.docker,0.19.2,{'n_estimators': 2000},stable,2019-04-15T07:52:28,9.3,2000,183006632,,1.0,,0.000823399
openml.org/t/146212,Shuttle,RandomForest,8,0.00145956,aws.docker,0.19.2,{'n_estimators': 2000},stable,2019-04-15T07:53:59,9.4,2000,183006633,,0.999655,,0.00145956
openml.org/t/146212,Shuttle,RandomForest,9,0.000665462,aws.docker,0.19.2,{'n_estimators': 2000},stable,2019-04-15T07:56:24,9.4,2000,183006634,,1.0,,0.000665462
openml.org/t/168331,Volkert,RandomForest,0,0.987829,aws.docker,0.19.2,{'n_estimators': 2000},stable,2019-04-15T07:58:31,154.6,2000,183006625,,0.662837,,0.987829
openml.org/t/168331,Volkert,RandomForest,1,0.979503,aws.docker,0.19.2,{'n_estimators': 2000},stable,2019-04-15T07:59:14,154.1,2000,183006626,,0.67587,,0.979503
openml.org/t/168331,Volkert,RandomForest,2,0.975102,aws.docker,0.19.2,{'n_estimators': 2000},stable,2019-04-15T07:59:50,154.9,2000,183006627,,0.676385,,0.975102
openml.org/t/168331,Volkert,RandomForest,3,0.992835,aws.docker,0.19.2,{'n_estimators': 2000},stable,2019-04-15T08:01:12,153.1,2000,183006628,,0.684274,,0.992835
openml.org/t/168331,Volkert,RandomForest,4,0.972982,aws.docker,0.19.2,{'n_estimators': 2000},stable,2019-04-15T08:03:32,153.9,2000,183006629,,0.68616,,0.972982
openml.org/t/168331,Volkert,RandomForest,6,0.964485,aws.docker,0.19.2,{'n_estimators': 2000},stable,2019-04-15T08:06:18,152.2,2000,183006631,,0.689419,,0.964485
openml.org/t/168331,Volkert,RandomForest,5,0.98328,aws.docker,0.19.2,{'n_estimators': 2000},stable,2019-04-15T08:06:20,156.8,2000,183006630,,0.676385,,0.98328
openml.org/t/168331,Volkert,RandomForest,7,0.976477,aws.docker,0.19.2,{'n_estimators': 2000},stable,2019-04-15T08:06:38,154.1,2000,183006632,,0.674498,,0.976477
openml.org/t/168331,Volkert,RandomForest,8,0.976471,aws.docker,0.19.2,{'n_estimators': 2000},stable,2019-04-15T08:08:22,153.4,2000,183006633,,0.675013,,0.976471
openml.org/t/168331,Volkert,RandomForest,9,0.982502,aws.docker,0.19.2,{'n_estimators': 2000},stable,2019-04-15T08:10:36,153.3,2000,183006634,,0.6781,,0.982502
openml.org/t/7592,adult,TunedRandomForest,0,0.91127,aws.docker,0.19.2,{'n_estimators': 2000},stable,2019-04-15T08:35:21,1255.5,2000,1709764461,,0.863664,0.91127,
openml.org/t/7592,adult,TunedRandomForest,1,0.905111,aws.docker,0.19.2,{'n_estimators': 2000},stable,2019-04-15T08:35:35,1256.9,2000,1709764462,,0.856295,0.905111,
openml.org/t/7592,adult,TunedRandomForest,2,0.909063,aws.docker,0.19.2,{'n_estimators': 2000},stable,2019-04-15T08:35:40,1257.5,2000,1709764463,,0.859746,0.909063,
openml.org/t/7592,adult,TunedRandomForest,3,0.907452,aws.docker,0.19.2,{'n_estimators': 2000},stable,2019-04-15T08:35:57,1257.1,2000,1709764464,,0.849304,0.907452,
openml.org/t/7592,adult,TunedRandomForest,4,0.907142,aws.docker,0.19.2,{'n_estimators': 2000},stable,2019-04-15T08:35:59,1259.7,2000,1709764465,,0.86077,0.907142,
openml.org/t/7592,adult,TunedRandomForest,5,0.907471,aws.docker,0.19.2,{'n_estimators': 2000},stable,2019-04-15T09:00:23,1237.8,2000,1709764466,,0.858313,0.907471,
openml.org/t/7592,adult,TunedRandomForest,6,0.90489,aws.docker,0.19.2,{'n_estimators': 2000},stable,2019-04-15T09:00:41,1258.6,2000,1709764467,,0.854423,0.90489,
openml.org/t/7592,adult,TunedRandomForest,8,0.917403,aws.docker,0.19.2,{'n_estimators': 2000},stable,2019-04-15T09:00:59,1262.8,2000,1709764469,,0.862613,0.917403,
openml.org/t/7592,adult,TunedRandomForest,9,0.912035,aws.docker,0.19.2,{'n_estimators': 2000},stable,2019-04-15T09:01:23,1274.7,2000,1709764470,,0.860156,0.912035,
openml.org/t/7592,adult,TunedRandomForest,7,0.9119,aws.docker,0.19.2,{'n_estimators': 2000},stable,2019-04-15T09:01:57,1253.1,2000,1709764468,,0.858108,0.9119,
openml.org/t/34539,Amazon_employee_access,TunedRandomForest,0,0.886624,aws.docker,0.19.2,{'n_estimators': 2000},stable,2019-04-15T09:18:24,808.5,2000,1709764461,,0.947513,0.886624,
openml.org/t/34539,Amazon_employee_access,TunedRandomForest,1,0.85326,aws.docker,0.19.2,{'n_estimators': 2000},stable,2019-04-15T09:18:08,790.8,2000,1709764462,,0.95148,0.85326,
openml.org/t/34539,Amazon_employee_access,TunedRandomForest,3,0.867373,aws.docker,0.19.2,{'n_estimators': 2000},stable,2019-04-15T09:18:42,815.0,2000,1709764464,,0.949039,0.867373,
openml.org/t/34539,Amazon_employee_access,TunedRandomForest,4,0.863674,aws.docker,0.19.2,{'n_estimators': 2000},stable,2019-04-15T09:19:27,807.7,2000,1709764465,,0.951785,0.863674,
openml.org/t/34539,Amazon_employee_access,TunedRandomForest,2,0.85661,aws.docker,0.19.2,{'n_estimators': 2000},stable,2019-04-15T09:18:40,816.2,2000,1709764463,,0.948734,0.85661,
openml.org/t/34539,Amazon_employee_access,TunedRandomForest,5,0.867728,aws.docker,0.19.2,{'n_estimators': 2000},stable,2019-04-15T09:35:40,789.8,2000,1709764466,,0.943851,0.867728,
openml.org/t/34539,Amazon_employee_access,TunedRandomForest,6,0.863079,aws.docker,0.19.2,{'n_estimators': 2000},stable,2019-04-15T09:36:11,783.8,2000,1709764467,,0.949954,0.863079,
openml.org/t/34539,Amazon_employee_access,TunedRandomForest,7,0.834141,aws.docker,0.19.2,{'n_estimators': 2000},stable,2019-04-15T09:35:59,824.0,2000,1709764468,,0.947818,0.834141,
openml.org/t/34539,Amazon_employee_access,TunedRandomForest,8,0.871398,aws.docker,0.19.2,{'n_estimators': 2000},stable,2019-04-15T09:37:12,823.9,2000,1709764469,,0.949649,0.871398,
openml.org/t/34539,Amazon_employee_access,TunedRandomForest,9,0.869559,aws.docker,0.19.2,{'n_estimators': 2000},stable,2019-04-15T09:38:28,815.5,2000,1709764470,,0.949023,0.869559,
openml.org/t/168868,APSFailure,TunedRandomForest,0,0.988444,aws.docker,0.19.2,{'n_estimators': 2000},stable,2019-04-15T13:06:53,12302.2,2000,1709764461,,0.993816,0.988444,
openml.org/t/168868,APSFailure,TunedRandomForest,2,0.99495,aws.docker,0.19.2,{'n_estimators': 2000},stable,2019-04-15T13:06:17,12301.9,2000,1709764463,,0.992632,0.99495,
openml.org/t/168868,APSFailure,TunedRandomForest,1,0.990539,aws.docker,0.19.2,{'n_estimators': 2000},stable,2019-04-15T13:07:03,12339.9,2000,1709764462,,0.991974,0.990539,
openml.org/t/168868,APSFailure,TunedRandomForest,4,0.990989,aws.docker,0.19.2,{'n_estimators': 2000},stable,2019-04-15T13:07:50,12266.4,2000,1709764465,,0.9925,0.990989,
openml.org/t/168868,APSFailure,TunedRandomForest,3,0.990502,aws.docker,0.19.2,{'n_estimators': 2000},stable,2019-04-15T13:08:46,12403.0,2000,1709764464,,0.994737,0.990502,
openml.org/t/168868,APSFailure,TunedRandomForest,7,0.991611,aws.docker,0.19.2,{'n_estimators': 2000},stable,2019-04-15T16:36:08,12266.8,2000,1709764468,,0.992632,0.991611,
openml.org/t/168868,APSFailure,TunedRandomForest,9,0.991915,aws.docker,0.19.2,{'n_estimators': 2000},stable,2019-04-15T16:37:50,12263.4,2000,1709764470,,0.993289,0.991915,
openml.org/t/168868,APSFailure,TunedRandomForest,5,0.99197,aws.docker,0.19.2,{'n_estimators': 2000},stable,2019-04-15T16:37:32,12300.3,2000,1709764466,,0.992895,0.99197,
openml.org/t/168868,APSFailure,TunedRandomForest,6,0.993364,aws.docker,0.19.2,{'n_estimators': 2000},stable,2019-04-15T16:38:30,12340.7,2000,1709764467,,0.995,0.993364,
openml.org/t/168868,APSFailure,TunedRandomForest,8,0.991067,aws.docker,0.19.2,{'n_estimators': 2000},stable,2019-04-15T16:39:24,12404.6,2000,1709764469,,0.994211,0.991067,
openml.org/t/14965,bank-marketing,TunedRandomForest,0,0.93236,aws.docker,0.19.2,{'n_estimators': 2000},stable,2019-04-15T17:01:32,1249.2,2000,1709764461,,0.904909,0.93236,
openml.org/t/14965,bank-marketing,TunedRandomForest,1,0.926445,aws.docker,0.19.2,{'n_estimators': 2000},stable,2019-04-15T17:02:16,1231.0,2000,1709764462,,0.90334,0.926445,
openml.org/t/14965,bank-marketing,TunedRandomForest,2,0.93942,aws.docker,0.19.2,{'n_estimators': 2000},stable,2019-04-15T17:03:03,1252.8,2000,1709764463,,0.914399,0.93942,
openml.org/t/14965,bank-marketing,TunedRandomForest,3,0.929349,aws.docker,0.19.2,{'n_estimators': 2000},stable,2019-04-15T17:03:11,1210.5,2000,1709764464,,0.906658,0.929349,
openml.org/t/14965,bank-marketing,TunedRandomForest,4,0.934021,aws.docker,0.19.2,{'n_estimators': 2000},stable,2019-04-15T17:04:42,1247.9,2000,1709764465,,0.907321,0.934021,
openml.org/t/14965,bank-marketing,TunedRandomForest,5,0.923881,aws.docker,0.19.2,{'n_estimators': 2000},stable,2019-04-15T17:26:39,1241.4,2000,1709764466,,0.903561,0.923881,
openml.org/t/14965,bank-marketing,TunedRandomForest,6,0.917456,aws.docker,0.19.2,{'n_estimators': 2000},stable,2019-04-15T17:27:23,1233.3,2000,1709764467,,0.898916,0.917456,
openml.org/t/14965,bank-marketing,TunedRandomForest,7,0.936271,aws.docker,0.19.2,{'n_estimators': 2000},stable,2019-04-15T17:27:29,1238.7,2000,1709764468,,0.902234,0.936271,
openml.org/t/14965,bank-marketing,TunedRandomForest,8,0.931213,aws.docker,0.19.2,{'n_estimators': 2000},stable,2019-04-15T17:27:38,1242.6,2000,1709764469,,0.908206,0.931213,
openml.org/t/14965,bank-marketing,TunedRandomForest,9,0.937225,aws.docker,0.19.2,{'n_estimators': 2000},stable,2019-04-15T17:29:38,1244.0,2000,1709764470,,0.909976,0.937225,
openml.org/t/146195,connect-4,TunedRandomForest,0,0.477756,aws.docker,0.19.2,{'n_estimators': 2000},stable,2019-04-15T17:57:08,1557.3,2000,1709764461,,0.8209,,0.477756
openml.org/t/146195,connect-4,TunedRandomForest,1,0.483466,aws.docker,0.19.2,{'n_estimators': 2000},stable,2019-04-15T17:57:04,1551.1,2000,1709764462,,0.816311,,0.483466
openml.org/t/146195,connect-4,TunedRandomForest,2,0.466792,aws.docker,0.19.2,{'n_estimators': 2000},stable,2019-04-15T17:58:08,1558.2,2000,1709764463,,0.827709,,0.466792
openml.org/t/146195,connect-4,TunedRandomForest,3,0.480091,aws.docker,0.19.2,{'n_estimators': 2000},stable,2019-04-15T17:58:18,1559.0,2000,1709764464,,0.820604,,0.480091
openml.org/t/146195,connect-4,TunedRandomForest,4,0.472919,aws.docker,0.19.2,{'n_estimators': 2000},stable,2019-04-15T18:00:20,1553.7,2000,1709764465,,0.825636,,0.472919
openml.org/t/146195,connect-4,TunedRandomForest,5,0.477834,aws.docker,0.19.2,{'n_estimators': 2000},stable,2019-04-15T18:27:31,1565.7,2000,1709764466,,0.8172,,0.477834
openml.org/t/146195,connect-4,TunedRandomForest,6,0.483836,aws.docker,0.19.2,{'n_estimators': 2000},stable,2019-04-15T18:27:10,1547.5,2000,1709764467,,0.818384,,0.483836
openml.org/t/146195,connect-4,TunedRandomForest,8,0.475756,aws.docker,0.19.2,{'n_estimators': 2000},stable,2019-04-15T18:28:58,1557.6,2000,1709764469,,0.820577,,0.475756
openml.org/t/146195,connect-4,TunedRandomForest,7,0.475117,aws.docker,0.19.2,{'n_estimators': 2000},stable,2019-04-15T18:28:52,1584.8,2000,1709764468,,0.82191,,0.475117
openml.org/t/146195,connect-4,TunedRandomForest,9,0.478104,aws.docker,0.19.2,{'n_estimators': 2000},stable,2019-04-15T18:30:36,1563.2,2000,1709764470,,0.823094,,0.478104
openml.org/t/146825,Fashion-MNIST,TunedRandomForest,1,0.348016,aws.docker,0.19.2,{'n_estimators': 2000},stable,2019-04-15T22:30:33,14190.7,2000,1709764462,,0.886286,,0.348016
openml.org/t/146825,Fashion-MNIST,TunedRandomForest,2,0.347023,aws.docker,0.19.2,{'n_estimators': 2000},stable,2019-04-15T22:31:30,14184.3,2000,1709764463,,0.883143,,0.347023
openml.org/t/146825,Fashion-MNIST,TunedRandomForest,0,0.35462,aws.docker,0.19.2,{'n_estimators': 2000},stable,2019-04-15T22:31:12,14204.3,2000,1709764461,,0.886,,0.35462
openml.org/t/146825,Fashion-MNIST,TunedRandomForest,4,0.347382,aws.docker,0.19.2,{'n_estimators': 2000},stable,2019-04-15T22:33:38,14186.8,2000,1709764465,,0.888429,,0.347382
openml.org/t/146825,Fashion-MNIST,TunedRandomForest,3,0.345786,aws.docker,0.19.2,{'n_estimators': 2000},stable,2019-04-15T22:32:55,14184.7,2000,1709764464,,0.892286,,0.345786
openml.org/t/146825,Fashion-MNIST,TunedRandomForest,5,0.348921,aws.docker,0.19.2,{'n_estimators': 2000},stable,2019-04-16T02:33:36,14196.5,2000,1709764466,,0.884,,0.348921
openml.org/t/146825,Fashion-MNIST,TunedRandomForest,7,0.346392,aws.docker,0.19.2,{'n_estimators': 2000},stable,2019-04-16T02:34:36,14196.2,2000,1709764468,,0.892143,,0.346392
openml.org/t/146825,Fashion-MNIST,TunedRandomForest,6,0.333883,aws.docker,0.19.2,{'n_estimators': 2000},stable,2019-04-16T02:35:50,14249.0,2000,1709764467,,0.893714,,0.333883
openml.org/t/146825,Fashion-MNIST,TunedRandomForest,9,0.351962,aws.docker,0.19.2,{'n_estimators': 2000},stable,2019-04-16T02:36:29,14192.9,2000,1709764470,,0.886286,,0.351962
openml.org/t/146825,Fashion-MNIST,TunedRandomForest,8,0.358769,aws.docker,0.19.2,{'n_estimators': 2000},stable,2019-04-16T02:36:41,14206.6,2000,1709764469,,0.888714,,0.358769
openml.org/t/168337,guiellermo,TunedRandomForest,0,0.900922,aws.docker,0.19.2,{'n_estimators': 2000},stable,2019-04-16T06:27:34,12472.7,2000,1709764461,,0.8195,0.900922,
openml.org/t/168337,guiellermo,TunedRandomForest,2,0.91963,aws.docker,0.19.2,{'n_estimators': 2000},stable,2019-04-16T06:29:20,12473.2,2000,1709764463,,0.8255,0.91963,
openml.org/t/168337,guiellermo,TunedRandomForest,1,0.891725,aws.docker,0.19.2,{'n_estimators': 2000},stable,2019-04-16T06:29:03,12473.9,2000,1709764462,,0.8115,0.891725,
openml.org/t/168337,guiellermo,TunedRandomForest,4,0.907582,aws.docker,0.19.2,{'n_estimators': 2000},stable,2019-04-16T06:30:14,12472.3,2000,1709764465,,0.827,0.907582,
openml.org/t/168337,guiellermo,TunedRandomForest,3,0.902454,aws.docker,0.19.2,{'n_estimators': 2000},stable,2019-04-16T06:30:06,12473.7,2000,1709764464,,0.8155,0.902454,
openml.org/t/168337,guiellermo,TunedRandomForest,5,0.90111,aws.docker,0.19.2,{'n_estimators': 2000},stable,2019-04-16T10:21:10,12476.1,2000,1709764466,,0.823,0.90111,
openml.org/t/168337,guiellermo,TunedRandomForest,7,0.893617,aws.docker,0.19.2,{'n_estimators': 2000},stable,2019-04-16T10:23:48,12467.8,2000,1709764468,,0.8165,0.893617,
openml.org/t/168337,guiellermo,TunedRandomForest,8,0.892433,aws.docker,0.19.2,{'n_estimators': 2000},stable,2019-04-16T10:23:45,12471.6,2000,1709764469,,0.816,0.892433,
openml.org/t/168337,guiellermo,TunedRandomForest,6,0.910616,aws.docker,0.19.2,{'n_estimators': 2000},stable,2019-04-16T10:23:08,12472.2,2000,1709764467,,0.8285,0.910616,
openml.org/t/168337,guiellermo,TunedRandomForest,9,0.910097,aws.docker,0.19.2,{'n_estimators': 2000},stable,2019-04-16T10:24:30,12472.6,2000,1709764470,,0.825,0.910097,
openml.org/t/168329,Helena,TunedRandomForest,5,3.51429,aws.docker,0.19.2,"{'n_estimators': 500, '_n_jobs': 1}",stable,2019-04-19T15:15:15,12371.3,500,3550511187,,0.353067,,3.51429
openml.org/t/168329,Helena,TunedRandomForest,7,3.55421,aws.docker,0.19.2,"{'n_estimators': 500, '_n_jobs': 1}",stable,2019-04-19T15:15:32,12370.2,500,3550511189,,0.348673,,3.55421
openml.org/t/168329,Helena,TunedRandomForest,0,3.48471,aws.docker,0.19.2,"{'n_estimators': 500, '_n_jobs': 1}",stable,2019-04-19T15:16:15,12458.8,500,3550511182,,0.367485,,3.48471
openml.org/t/168329,Helena,TunedRandomForest,2,3.55312,aws.docker,0.19.2,"{'n_estimators': 500, '_n_jobs': 1}",stable,2019-04-19T15:16:30,12461.6,500,3550511184,,0.360276,,3.55312
openml.org/t/168329,Helena,TunedRandomForest,6,3.54607,aws.docker,0.19.2,"{'n_estimators': 500, '_n_jobs': 1}",stable,2019-04-19T15:16:50,12461.3,500,3550511188,,0.360331,,3.54607
openml.org/t/168329,Helena,TunedRandomForest,8,3.52711,aws.docker,0.19.2,"{'n_estimators': 500, '_n_jobs': 1}",stable,2019-04-19T15:16:50,12456.1,500,3550511190,,0.369075,,3.52711
openml.org/t/168329,Helena,TunedRandomForest,1,3.55988,aws.docker,0.19.2,"{'n_estimators': 500, '_n_jobs': 1}",stable,2019-04-19T15:17:45,12547.3,500,3550511183,,0.376534,,3.55988
openml.org/t/168329,Helena,TunedRandomForest,4,3.48566,aws.docker,0.19.2,"{'n_estimators': 500, '_n_jobs': 1}",stable,2019-04-19T15:18:11,12547.9,500,3550511186,,0.378374,,3.48566
openml.org/t/168329,Helena,TunedRandomForest,9,3.53885,aws.docker,0.19.2,"{'n_estimators': 500, '_n_jobs': 1}",stable,2019-04-19T15:18:40,12537.4,500,3550511191,,0.372296,,3.53885
openml.org/t/168329,Helena,TunedRandomForest,3,3.54672,aws.docker,0.19.2,"{'n_estimators': 500, '_n_jobs': 1}",stable,2019-04-19T15:21:28,12726.0,500,3550511185,,0.373006,,3.54672
openml.org/t/146606,higgs,TunedRandomForest,1,0.799583,aws.docker,0.19.2,{'n_estimators': 2000},stable,2019-04-16T16:46:20,12494.4,2000,1709764462,,0.722794,0.799583,
openml.org/t/146606,higgs,TunedRandomForest,0,0.806193,aws.docker,0.19.2,{'n_estimators': 2000},stable,2019-04-16T16:46:15,12491.9,2000,1709764461,,0.727792,0.806193,
openml.org/t/146606,higgs,TunedRandomForest,2,0.803978,aws.docker,0.19.2,{'n_estimators': 2000},stable,2019-04-16T16:46:07,12476.2,2000,1709764463,,0.724936,0.803978,
openml.org/t/146606,higgs,TunedRandomForest,3,0.806094,aws.docker,0.19.2,{'n_estimators': 2000},stable,2019-04-16T16:46:18,12484.8,2000,1709764464,,0.72616,0.806094,
openml.org/t/146606,higgs,TunedRandomForest,4,0.807607,aws.docker,0.19.2,{'n_estimators': 2000},stable,2019-04-16T16:46:43,12509.8,2000,1709764465,,0.729118,0.807607,
openml.org/t/146606,higgs,TunedRandomForest,7,0.792688,aws.docker,0.19.2,{'n_estimators': 2000},stable,2019-04-16T20:19:01,12490.7,2000,1709764468,,0.716063,0.792688,
openml.org/t/146606,higgs,TunedRandomForest,8,0.793159,aws.docker,0.19.2,{'n_estimators': 2000},stable,2019-04-16T20:19:04,12484.8,2000,1709764469,,0.718919,0.793159,
openml.org/t/146606,higgs,TunedRandomForest,5,0.806092,aws.docker,0.19.2,{'n_estimators': 2000},stable,2019-04-16T20:18:57,12490.7,2000,1709764466,,0.72973,0.806092,
openml.org/t/146606,higgs,TunedRandomForest,6,0.806362,aws.docker,0.19.2,{'n_estimators': 2000},stable,2019-04-16T20:18:54,12492.6,2000,1709764467,,0.727792,0.806362,
openml.org/t/146606,higgs,TunedRandomForest,9,0.811451,aws.docker,0.19.2,{'n_estimators': 2000},stable,2019-04-16T20:18:57,12487.7,2000,1709764470,,0.730444,0.811451,
openml.org/t/168330,Jannis,TunedRandomForest,4,0.719319,aws.docker,0.19.2,{'n_estimators': 2000},stable,2019-04-16T23:56:58,12788.9,2000,1709764465,,0.71432,,0.719319
openml.org/t/168330,Jannis,TunedRandomForest,1,0.715648,aws.docker,0.19.2,{'n_estimators': 2000},stable,2019-04-17T00:01:49,13110.6,2000,1709764462,,0.718414,,0.715648
openml.org/t/168330,Jannis,TunedRandomForest,0,0.721522,aws.docker,0.19.2,{'n_estimators': 2000},stable,2019-04-17T00:01:43,13106.6,2000,1709764461,,0.712682,,0.721522
openml.org/t/168330,Jannis,TunedRandomForest,2,0.715869,aws.docker,0.19.2,{'n_estimators': 2000},stable,2019-04-17T00:01:45,13106.9,2000,1709764463,,0.715309,,0.715869
openml.org/t/168330,Jannis,TunedRandomForest,3,0.709093,aws.docker,0.19.2,{'n_estimators': 2000},stable,2019-04-17T00:02:08,13120.8,2000,1709764464,,0.714678,,0.709093
openml.org/t/168330,Jannis,TunedRandomForest,5,0.719231,aws.docker,0.19.2,{'n_estimators': 2000},stable,2019-04-17T03:39:21,13099.7,2000,1709764466,,0.718858,,0.719231
openml.org/t/168330,Jannis,TunedRandomForest,6,0.720652,aws.docker,0.19.2,{'n_estimators': 2000},stable,2019-04-17T03:44:16,13097.1,2000,1709764467,,0.71229,,0.720652
openml.org/t/168330,Jannis,TunedRandomForest,7,0.716877,aws.docker,0.19.2,{'n_estimators': 2000},stable,2019-04-17T03:44:00,13081.7,2000,1709764468,,0.712648,,0.716877
openml.org/t/168330,Jannis,TunedRandomForest,9,0.724544,aws.docker,0.19.2,{'n_estimators': 2000},stable,2019-04-17T16:33:50,13105.4,2000,1119576291,,0.705004,,0.724544
openml.org/t/168330,Jannis,TunedRandomForest,8,0.714825,aws.docker,0.19.2,{'n_estimators': 2000},stable,2019-04-17T16:34:02,13118.2,2000,1119576290,,0.722322,,0.714825
openml.org/t/167119,jungle_chess_2pcs_raw_endgame_complete,TunedRandomForest,0,0.400643,aws.docker,0.19.2,{'n_estimators': 2000},stable,2019-04-17T13:01:36,316.0,2000,705776934,,0.800535,,0.400643
openml.org/t/167119,jungle_chess_2pcs_raw_endgame_complete,TunedRandomForest,1,0.415305,aws.docker,0.19.2,{'n_estimators': 2000},stable,2019-04-17T13:01:34,315.7,2000,705776935,,0.795404,,0.415305
openml.org/t/167119,jungle_chess_2pcs_raw_endgame_complete,TunedRandomForest,2,0.394203,aws.docker,0.19.2,{'n_estimators': 2000},stable,2019-04-17T13:01:38,308.4,2000,705776936,,0.801874,,0.394203
openml.org/t/167119,jungle_chess_2pcs_raw_endgame_complete,TunedRandomForest,3,0.392523,aws.docker,0.19.2,{'n_estimators': 2000},stable,2019-04-17T13:01:49,313.3,2000,705776937,,0.800759,,0.392523
openml.org/t/167119,jungle_chess_2pcs_raw_endgame_complete,TunedRandomForest,4,0.395383,aws.docker,0.19.2,{'n_estimators': 2000},stable,2019-04-17T13:02:06,318.4,2000,705776938,,0.800759,,0.395383
openml.org/t/167119,jungle_chess_2pcs_raw_endgame_complete,TunedRandomForest,5,0.398898,aws.docker,0.19.2,{'n_estimators': 2000},stable,2019-04-17T13:01:58,314.1,2000,705776939,,0.799643,,0.398898
openml.org/t/167119,jungle_chess_2pcs_raw_endgame_complete,TunedRandomForest,6,0.419488,aws.docker,0.19.2,{'n_estimators': 2000},stable,2019-04-17T13:02:05,317.5,2000,705776940,,0.792503,,0.419488
openml.org/t/167119,jungle_chess_2pcs_raw_endgame_complete,TunedRandomForest,7,0.408498,aws.docker,0.19.2,{'n_estimators': 2000},stable,2019-04-17T13:02:11,314.8,2000,705776941,,0.799197,,0.408498
openml.org/t/167119,jungle_chess_2pcs_raw_endgame_complete,TunedRandomForest,8,0.390998,aws.docker,0.19.2,{'n_estimators': 2000},stable,2019-04-17T13:02:10,316.1,2000,705776942,,0.803882,,0.390998
openml.org/t/167119,jungle_chess_2pcs_raw_endgame_complete,TunedRandomForest,9,0.407198,aws.docker,0.19.2,{'n_estimators': 2000},stable,2019-04-17T13:02:18,316.5,2000,705776943,,0.798482,,0.407198
openml.org/t/3945,KDDCup09_appetency,TunedRandomForest,7,0.825081,aws.docker,0.19.2,{'n_estimators': 2000},stable,2019-04-16T23:26:41,9500.9,2000,1424210195,,0.9822,0.825081,
openml.org/t/3945,KDDCup09_appetency,TunedRandomForest,5,0.761198,aws.docker,0.19.2,{'n_estimators': 2000},stable,2019-04-16T23:30:26,9732.6,2000,1424210193,,0.9822,0.761198,
openml.org/t/3945,KDDCup09_appetency,TunedRandomForest,9,0.769281,aws.docker,0.19.2,{'n_estimators': 2000},stable,2019-04-16T23:33:25,9893.7,2000,1424210197,,0.9822,0.769281,
openml.org/t/3945,KDDCup09_appetency,TunedRandomForest,3,0.77975,aws.docker,0.19.2,{'n_estimators': 2000},stable,2019-04-16T23:33:22,9914.7,2000,1424210191,,0.9822,0.77975,
openml.org/t/3945,KDDCup09_appetency,TunedRandomForest,2,0.793601,aws.docker,0.19.2,{'n_estimators': 2000},stable,2019-04-16T23:35:32,10044.0,2000,1424210190,,0.9822,0.793601,
openml.org/t/3945,KDDCup09_appetency,TunedRandomForest,4,0.81283,aws.docker,0.19.2,{'n_estimators': 2000},stable,2019-04-16T23:35:59,10062.0,2000,1424210192,,0.9822,0.81283,
openml.org/t/3945,KDDCup09_appetency,TunedRandomForest,0,0.774433,aws.docker,0.19.2,{'n_estimators': 2000},stable,2019-04-16T23:37:58,10155.7,2000,1424210188,,0.9822,0.774433,
openml.org/t/3945,KDDCup09_appetency,TunedRandomForest,8,0.759247,aws.docker,0.19.2,{'n_estimators': 2000},stable,2019-04-16T23:41:30,10366.5,2000,1424210196,,0.9822,0.759247,
openml.org/t/3945,KDDCup09_appetency,TunedRandomForest,1,0.78193,aws.docker,0.19.2,{'n_estimators': 2000},stable,2019-04-16T23:44:06,10565.9,2000,1424210189,,0.9822,0.78193,
openml.org/t/3945,KDDCup09_appetency,TunedRandomForest,6,0.777768,aws.docker,0.19.2,{'n_estimators': 2000},stable,2019-04-16T23:47:37,10750.0,2000,1424210194,,0.9822,0.777768,
openml.org/t/9977,nomao,TunedRandomForest,0,0.993974,aws.docker,0.19.2,{'n_estimators': 2000},stable,2019-04-17T00:16:09,2669.3,2000,1424210188,,0.970699,0.993974,
openml.org/t/9977,nomao,TunedRandomForest,1,0.995146,aws.docker,0.19.2,{'n_estimators': 2000},stable,2019-04-17T00:18:53,2619.2,2000,1424210189,,0.970119,0.995146,
openml.org/t/9977,nomao,TunedRandomForest,2,0.994244,aws.docker,0.19.2,{'n_estimators': 2000},stable,2019-04-17T00:21:35,2644.8,2000,1424210190,,0.966348,0.994244,
openml.org/t/9977,nomao,TunedRandomForest,3,0.99565,aws.docker,0.19.2,{'n_estimators': 2000},stable,2019-04-17T00:22:36,2680.8,2000,1424210191,,0.97331,0.99565,
openml.org/t/9977,nomao,TunedRandomForest,4,0.99555,aws.docker,0.19.2,{'n_estimators': 2000},stable,2019-04-17T00:23:18,2592.0,2000,1424210192,,0.970699,0.99555,
openml.org/t/9977,nomao,TunedRandomForest,5,0.995583,aws.docker,0.19.2,{'n_estimators': 2000},stable,2019-04-17T00:24:04,2633.9,2000,1424210193,,0.9704,0.995583,
openml.org/t/9977,nomao,TunedRandomForest,6,0.994928,aws.docker,0.19.2,{'n_estimators': 2000},stable,2019-04-17T00:26:53,2707.0,2000,1424210194,,0.966918,0.994928,
openml.org/t/9977,nomao,TunedRandomForest,7,0.996004,aws.docker,0.19.2,{'n_estimators': 2000},stable,2019-04-17T00:28:34,2583.3,2000,1424210195,,0.971561,0.996004,
openml.org/t/9977,nomao,TunedRandomForest,8,0.994706,aws.docker,0.19.2,{'n_estimators': 2000},stable,2019-04-17T00:32:03,2627.6,2000,1424210196,,0.96982,0.994706,
openml.org/t/9977,nomao,TunedRandomForest,9,0.995069,aws.docker,0.19.2,{'n_estimators': 2000},stable,2019-04-17T00:35:03,2556.7,2000,1424210197,,0.96982,0.995069,
openml.org/t/168335,MiniBooNE,TunedRandomForest,0,0.980239,aws.docker,0.19.2,{'n_estimators': 2000},stable,2019-04-17T00:28:19,13165.1,2000,1424210188,,0.938418,0.980239,
openml.org/t/168335,MiniBooNE,TunedRandomForest,2,0.98168,aws.docker,0.19.2,{'n_estimators': 2000},stable,2019-04-17T00:27:57,13130.2,2000,1424210190,,0.935573,0.98168,
openml.org/t/168335,MiniBooNE,TunedRandomForest,3,0.982353,aws.docker,0.19.2,{'n_estimators': 2000},stable,2019-04-17T00:27:58,13127.9,2000,1424210191,,0.939494,0.982353,
openml.org/t/168335,MiniBooNE,TunedRandomForest,5,0.980645,aws.docker,0.19.2,{'n_estimators': 2000},stable,2019-04-17T00:28:18,13130.8,2000,1424210193,,0.939336,0.980645,
openml.org/t/168335,MiniBooNE,TunedRandomForest,4,0.982691,aws.docker,0.19.2,{'n_estimators': 2000},stable,2019-04-17T00:28:35,13166.0,2000,1424210192,,0.941104,0.982691,
openml.org/t/168335,MiniBooNE,TunedRandomForest,8,0.982126,aws.docker,0.19.2,{'n_estimators': 2000},stable,2019-04-17T00:28:42,13147.3,2000,1424210196,,0.940181,0.982126,
openml.org/t/168335,MiniBooNE,TunedRandomForest,7,0.982181,aws.docker,0.19.2,{'n_estimators': 2000},stable,2019-04-17T00:27:54,13106.3,2000,1424210195,,0.940258,0.982181,
openml.org/t/168335,MiniBooNE,TunedRandomForest,1,0.981561,aws.docker,0.19.2,{'n_estimators': 2000},stable,2019-04-17T00:28:54,13183.0,2000,1424210189,,0.936957,0.981561,
openml.org/t/168335,MiniBooNE,TunedRandomForest,6,0.983831,aws.docker,0.19.2,{'n_estimators': 2000},stable,2019-04-17T00:29:10,13170.8,2000,1424210194,,0.944564,0.983831,
openml.org/t/168335,MiniBooNE,TunedRandomForest,9,0.983491,aws.docker,0.19.2,{'n_estimators': 2000},stable,2019-04-17T00:29:06,13163.0,2000,1424210197,,0.940873,0.983491,
openml.org/t/167120,numerai28.6,TunedRandomForest,0,0.51219,aws.docker,0.19.2,{'n_estimators': 2000},stable,2019-04-17T03:45:43,12290.5,2000,1424210188,,0.506229,0.51219,
openml.org/t/167120,numerai28.6,TunedRandomForest,1,0.522006,aws.docker,0.19.2,{'n_estimators': 2000},stable,2019-04-17T03:48:29,12294.1,2000,1424210189,,0.516611,0.522006,
openml.org/t/167120,numerai28.6,TunedRandomForest,2,0.512333,aws.docker,0.19.2,{'n_estimators': 2000},stable,2019-04-17T03:50:48,12291.0,2000,1424210190,,0.507475,0.512333,
openml.org/t/167120,numerai28.6,TunedRandomForest,3,0.511249,aws.docker,0.19.2,{'n_estimators': 2000},stable,2019-04-17T03:51:17,12290.8,2000,1424210191,,0.512251,0.511249,
openml.org/t/167120,numerai28.6,TunedRandomForest,4,0.521502,aws.docker,0.19.2,{'n_estimators': 2000},stable,2019-04-17T03:52:12,12293.1,2000,1424210192,,0.514639,0.521502,
openml.org/t/167120,numerai28.6,TunedRandomForest,5,0.518969,aws.docker,0.19.2,{'n_estimators': 2000},stable,2019-04-17T03:53:23,12290.6,2000,1424210193,,0.515262,0.518969,
openml.org/t/167120,numerai28.6,TunedRandomForest,7,0.530191,aws.docker,0.19.2,{'n_estimators': 2000},stable,2019-04-17T03:57:06,12289.9,2000,1424210195,,0.51848,0.530191,
openml.org/t/167120,numerai28.6,TunedRandomForest,6,0.530916,aws.docker,0.19.2,{'n_estimators': 2000},stable,2019-04-17T03:57:06,12354.2,2000,1424210194,,0.521283,0.530916,
openml.org/t/167120,numerai28.6,TunedRandomForest,8,0.516374,aws.docker,0.19.2,{'n_estimators': 2000},stable,2019-04-17T03:58:14,12357.0,2000,1424210196,,0.5136,0.516374,
openml.org/t/167120,numerai28.6,TunedRandomForest,9,0.520319,aws.docker,0.19.2,{'n_estimators': 2000},stable,2019-04-17T03:59:57,12321.7,2000,1424210197,,0.515158,0.520319,
openml.org/t/168338,riccardo,TunedRandomForest,3,0.999845,aws.docker,0.19.2,{'n_estimators': 2000},stable,2019-04-17T04:20:00,12452.9,2000,1424210191,,0.9845,0.999845,
openml.org/t/168338,riccardo,TunedRandomForest,0,0.999715,aws.docker,0.19.2,{'n_estimators': 2000},stable,2019-04-17T04:20:37,12450.7,2000,1424210188,,0.978,0.999715,
openml.org/t/168338,riccardo,TunedRandomForest,1,0.999641,aws.docker,0.19.2,{'n_estimators': 2000},stable,2019-04-17T04:20:31,12454.1,2000,1424210189,,0.9825,0.999641,
openml.org/t/168338,riccardo,TunedRandomForest,2,0.999873,aws.docker,0.19.2,{'n_estimators': 2000},stable,2019-04-17T04:21:35,12453.3,2000,1424210190,,0.9875,0.999873,
openml.org/t/168338,riccardo,TunedRandomForest,4,0.999871,aws.docker,0.19.2,{'n_estimators': 2000},stable,2019-04-17T04:21:35,12455.1,2000,1424210192,,0.981,0.999871,
openml.org/t/168338,riccardo,TunedRandomForest,5,0.999741,aws.docker,0.19.2,{'n_estimators': 2000},stable,2019-04-17T04:21:08,12452.8,2000,1424210193,,0.983,0.999741,
openml.org/t/168338,riccardo,TunedRandomForest,6,0.999844,aws.docker,0.19.2,{'n_estimators': 2000},stable,2019-04-17T04:23:24,12448.3,2000,1424210194,,0.984,0.999844,
openml.org/t/168338,riccardo,TunedRandomForest,7,0.999487,aws.docker,0.19.2,{'n_estimators': 2000},stable,2019-04-17T04:22:49,12457.4,2000,1424210195,,0.98,0.999487,
openml.org/t/168338,riccardo,TunedRandomForest,8,0.999964,aws.docker,0.19.2,{'n_estimators': 2000},stable,2019-04-17T04:25:13,12454.0,2000,1424210196,,0.9835,0.999964,
openml.org/t/168338,riccardo,TunedRandomForest,9,0.999641,aws.docker,0.19.2,{'n_estimators': 2000},stable,2019-04-17T04:27:25,12454.3,2000,1424210197,,0.977,0.999641,
openml.org/t/168332,Robert,TunedRandomForest,0,1.68779,aws.docker,0.19.2,{'n_estimators': 2000},stable,2019-04-17T07:40:27,12438.3,2000,1424210188,,0.486,,1.68779
openml.org/t/168332,Robert,TunedRandomForest,1,1.6999,aws.docker,0.19.2,{'n_estimators': 2000},stable,2019-04-17T07:44:34,12437.0,2000,1424210189,,0.484,,1.6999
openml.org/t/168332,Robert,TunedRandomForest,2,1.68919,aws.docker,0.19.2,{'n_estimators': 2000},stable,2019-04-17T07:45:39,12439.9,2000,1424210190,,0.472,,1.68919
openml.org/t/168332,Robert,TunedRandomForest,3,1.68905,aws.docker,0.19.2,{'n_estimators': 2000},stable,2019-04-17T07:46:31,12439.0,2000,1424210191,,0.456,,1.68905
openml.org/t/168332,Robert,TunedRandomForest,4,1.68231,aws.docker,0.19.2,{'n_estimators': 2000},stable,2019-04-17T07:48:01,12439.5,2000,1424210192,,0.49,,1.68231
openml.org/t/168332,Robert,TunedRandomForest,5,1.69367,aws.docker,0.19.2,{'n_estimators': 2000},stable,2019-04-17T07:48:26,12438.6,2000,1424210193,,0.476,,1.69367
openml.org/t/168332,Robert,TunedRandomForest,6,1.64932,aws.docker,0.19.2,{'n_estimators': 2000},stable,2019-04-17T07:52:22,12433.8,2000,1424210194,,0.497,,1.64932
openml.org/t/168332,Robert,TunedRandomForest,7,1.69433,aws.docker,0.19.2,{'n_estimators': 2000},stable,2019-04-17T07:52:11,12438.3,2000,1424210195,,0.473,,1.69433
openml.org/t/168332,Robert,TunedRandomForest,8,1.69262,aws.docker,0.19.2,{'n_estimators': 2000},stable,2019-04-17T07:53:27,12436.8,2000,1424210196,,0.471,,1.69262
openml.org/t/168332,Robert,TunedRandomForest,9,1.69568,aws.docker,0.19.2,{'n_estimators': 2000},stable,2019-04-17T07:55:36,12435.5,2000,1424210197,,0.473,,1.69568
openml.org/t/146212,Shuttle,TunedRandomForest,0,0.000613079,aws.docker,0.19.2,{'n_estimators': 2000},stable,2019-04-17T04:33:35,557.7,2000,1424210188,,0.999828,,0.000613079
openml.org/t/146212,Shuttle,TunedRandomForest,1,0.000528457,aws.docker,0.19.2,{'n_estimators': 2000},stable,2019-04-17T04:34:13,556.7,2000,1424210189,,0.999828,,0.000528457
openml.org/t/146212,Shuttle,TunedRandomForest,2,0.000275436,aws.docker,0.19.2,{'n_estimators': 2000},stable,2019-04-17T04:34:08,557.8,2000,1424210190,,1.0,,0.000275436
openml.org/t/146212,Shuttle,TunedRandomForest,4,0.000665505,aws.docker,0.19.2,{'n_estimators': 2000},stable,2019-04-17T04:34:51,554.6,2000,1424210192,,1.0,,0.000665505
openml.org/t/146212,Shuttle,TunedRandomForest,5,0.000430956,aws.docker,0.19.2,{'n_estimators': 2000},stable,2019-04-17T04:34:51,553.6,2000,1424210193,,1.0,,0.000430956
openml.org/t/146212,Shuttle,TunedRandomForest,3,0.000965688,aws.docker,0.19.2,{'n_estimators': 2000},stable,2019-04-17T04:34:54,557.3,2000,1424210191,,0.999828,,0.000965688
openml.org/t/146212,Shuttle,TunedRandomForest,6,0.000571778,aws.docker,0.19.2,{'n_estimators': 2000},stable,2019-04-17T04:36:20,548.0,2000,1424210194,,0.999828,,0.000571778
openml.org/t/146212,Shuttle,TunedRandomForest,7,0.000577139,aws.docker,0.19.2,{'n_estimators': 2000},stable,2019-04-17T04:36:12,534.3,2000,1424210195,,0.999828,,0.000577139
openml.org/t/146212,Shuttle,TunedRandomForest,8,0.00111107,aws.docker,0.19.2,{'n_estimators': 2000},stable,2019-04-17T04:37:59,548.2,2000,1424210196,,0.999828,,0.00111107
openml.org/t/146212,Shuttle,TunedRandomForest,9,0.000435033,aws.docker,0.19.2,{'n_estimators': 2000},stable,2019-04-17T04:40:27,553.6,2000,1424210197,,1.0,,0.000435033
openml.org/t/168331,Volkert,TunedRandomForest,0,0.934311,aws.docker,0.19.2,{'n_estimators': 2000},stable,2019-04-17T08:17:36,13168.8,2000,1424210188,,0.679129,,0.934311
openml.org/t/168331,Volkert,TunedRandomForest,1,0.927061,aws.docker,0.19.2,{'n_estimators': 2000},stable,2019-04-17T08:18:09,13165.8,2000,1424210189,,0.691991,,0.927061
openml.org/t/168331,Volkert,TunedRandomForest,4,0.921006,aws.docker,0.19.2,{'n_estimators': 2000},stable,2019-04-17T08:18:32,13143.2,2000,1424210192,,0.696793,,0.921006
openml.org/t/168331,Volkert,TunedRandomForest,2,0.923091,aws.docker,0.19.2,{'n_estimators': 2000},stable,2019-04-17T08:18:28,13165.3,2000,1424210190,,0.691648,,0.923091
openml.org/t/168331,Volkert,TunedRandomForest,3,0.939537,aws.docker,0.19.2,{'n_estimators': 2000},stable,2019-04-17T08:18:59,13170.4,2000,1424210191,,0.694564,,0.939537
openml.org/t/168331,Volkert,TunedRandomForest,5,0.931853,aws.docker,0.19.2,{'n_estimators': 2000},stable,2019-04-17T08:20:24,13162.9,2000,1424210193,,0.691305,,0.931853
openml.org/t/168331,Volkert,TunedRandomForest,6,0.912098,aws.docker,0.19.2,{'n_estimators': 2000},stable,2019-04-17T08:20:31,13163.1,2000,1424210194,,0.703996,,0.912098
openml.org/t/168331,Volkert,TunedRandomForest,7,0.925181,aws.docker,0.19.2,{'n_estimators': 2000},stable,2019-04-17T08:20:42,13166.1,2000,1424210195,,0.689419,,0.925181
openml.org/t/168331,Volkert,TunedRandomForest,8,0.926419,aws.docker,0.19.2,{'n_estimators': 2000},stable,2019-04-17T08:22:21,13169.1,2000,1424210196,,0.686675,,0.926419
openml.org/t/168331,Volkert,TunedRandomForest,9,0.928079,aws.docker,0.19.2,{'n_estimators': 2000},stable,2019-04-17T08:24:45,13171.1,2000,1424210197,,0.696965,,0.928079
