id,task,framework,fold,result,mode,version,params,tag,utc,duration,models,seed,info,acc,auc,logloss
openml.org/t/7592,adult,constantpredictor_enc,0,0.5,aws.docker,0.19.2,{'encode': True},stable,2019-04-15T12:52:12,0.0,1,459552912,,0.760696,0.5,
openml.org/t/7592,adult,constantpredictor_enc,1,0.5,aws.docker,0.19.2,{'encode': True},stable,2019-04-15T12:52:16,0.0,1,459552913,,0.760696,0.5,
openml.org/t/7592,adult,constantpredictor_enc,2,0.5,aws.docker,0.19.2,{'encode': True},stable,2019-04-15T12:52:20,0.0,1,459552914,,0.760852,0.5,
openml.org/t/7592,adult,constantpredictor_enc,3,0.5,aws.docker,0.19.2,{'encode': True},stable,2019-04-15T12:52:24,0.0,1,459552915,,0.760852,0.5,
openml.org/t/7592,adult,constantpredictor_enc,4,0.5,aws.docker,0.19.2,{'encode': True},stable,2019-04-15T12:52:28,0.0,1,459552916,,0.760852,0.5,
openml.org/t/7592,adult,constantpredictor_enc,5,0.5,aws.docker,0.19.2,{'encode': True},stable,2019-04-15T12:52:32,0.0,1,459552917,,0.760647,0.5,
openml.org/t/7592,adult,constantpredictor_enc,6,0.5,aws.docker,0.19.2,{'encode': True},stable,2019-04-15T12:52:36,0.0,1,459552918,,0.760647,0.5,
openml.org/t/7592,adult,constantpredictor_enc,7,0.5,aws.docker,0.19.2,{'encode': True},stable,2019-04-15T12:52:40,0.0,1,459552919,,0.760647,0.5,
openml.org/t/7592,adult,constantpredictor_enc,8,0.5,aws.docker,0.19.2,{'encode': True},stable,2019-04-15T12:52:44,0.0,1,459552920,,0.760647,0.5,
openml.org/t/7592,adult,constantpredictor_enc,9,0.5,aws.docker,0.19.2,{'encode': True},stable,2019-04-15T12:52:48,0.0,1,459552921,,0.760647,0.5,
openml.org/t/34539,Amazon_employee_access,constantpredictor_enc,0,0.5,aws.docker,0.19.2,{'encode': True},stable,2019-04-15T12:52:53,0.0,1,459552912,,0.942325,0.5,
openml.org/t/34539,Amazon_employee_access,constantpredictor_enc,1,0.5,aws.docker,0.19.2,{'encode': True},stable,2019-04-15T12:52:55,0.0,1,459552913,,0.942325,0.5,
openml.org/t/34539,Amazon_employee_access,constantpredictor_enc,2,0.5,aws.docker,0.19.2,{'encode': True},stable,2019-04-15T12:52:57,0.0,1,459552914,,0.94202,0.5,
openml.org/t/34539,Amazon_employee_access,constantpredictor_enc,3,0.5,aws.docker,0.19.2,{'encode': True},stable,2019-04-15T12:52:59,0.0,1,459552915,,0.94202,0.5,
openml.org/t/34539,Amazon_employee_access,constantpredictor_enc,4,0.5,aws.docker,0.19.2,{'encode': True},stable,2019-04-15T12:53:01,0.0,1,459552916,,0.94202,0.5,
openml.org/t/34539,Amazon_employee_access,constantpredictor_enc,5,0.5,aws.docker,0.19.2,{'encode': True},stable,2019-04-15T12:53:03,0.0,1,459552917,,0.94202,0.5,
openml.org/t/34539,Amazon_employee_access,constantpredictor_enc,6,0.5,aws.docker,0.19.2,{'encode': True},stable,2019-04-15T12:53:06,0.0,1,459552918,,0.94202,0.5,
openml.org/t/34539,Amazon_employee_access,constantpredictor_enc,7,0.5,aws.docker,0.19.2,{'encode': True},stable,2019-04-15T12:53:08,0.0,1,459552919,,0.94202,0.5,
openml.org/t/34539,Amazon_employee_access,constantpredictor_enc,8,0.5,aws.docker,0.19.2,{'encode': True},stable,2019-04-15T12:53:10,0.0,1,459552920,,0.94202,0.5,
openml.org/t/34539,Amazon_employee_access,constantpredictor_enc,9,0.5,aws.docker,0.19.2,{'encode': True},stable,2019-04-15T12:53:12,0.0,1,459552921,,0.942308,0.5,
openml.org/t/168868,APSFailure,constantpredictor_enc,0,0.5,aws.docker,0.19.2,{'encode': True},stable,2019-04-15T12:54:08,0.0,1,459552912,,0.981974,0.5,
openml.org/t/168868,APSFailure,constantpredictor_enc,1,0.5,aws.docker,0.19.2,{'encode': True},stable,2019-04-15T12:54:45,0.0,1,459552913,,0.981974,0.5,
openml.org/t/168868,APSFailure,constantpredictor_enc,2,0.5,aws.docker,0.19.2,{'encode': True},stable,2019-04-15T12:55:21,0.0,1,459552914,,0.981974,0.5,
openml.org/t/168868,APSFailure,constantpredictor_enc,3,0.5,aws.docker,0.19.2,{'encode': True},stable,2019-04-15T12:55:58,0.0,1,459552915,,0.981974,0.5,
openml.org/t/168868,APSFailure,constantpredictor_enc,4,0.5,aws.docker,0.19.2,{'encode': True},stable,2019-04-15T12:56:34,0.0,1,459552916,,0.981974,0.5,
openml.org/t/168868,APSFailure,constantpredictor_enc,5,0.5,aws.docker,0.19.2,{'encode': True},stable,2019-04-15T12:57:11,0.0,1,459552917,,0.981842,0.5,
openml.org/t/168868,APSFailure,constantpredictor_enc,6,0.5,aws.docker,0.19.2,{'encode': True},stable,2019-04-15T12:57:47,0.0,1,459552918,,0.981842,0.5,
openml.org/t/168868,APSFailure,constantpredictor_enc,7,0.5,aws.docker,0.19.2,{'encode': True},stable,2019-04-15T12:58:24,0.0,1,459552919,,0.981842,0.5,
openml.org/t/168868,APSFailure,constantpredictor_enc,8,0.5,aws.docker,0.19.2,{'encode': True},stable,2019-04-15T12:59:00,0.0,1,459552920,,0.981842,0.5,
openml.org/t/168868,APSFailure,constantpredictor_enc,9,0.5,aws.docker,0.19.2,{'encode': True},stable,2019-04-15T12:59:37,0.0,1,459552921,,0.981842,0.5,
openml.org/t/14965,bank-marketing,constantpredictor_enc,0,0.5,aws.docker,0.19.2,{'encode': True},stable,2019-04-15T12:59:44,0.0,1,459552912,,0.883016,0.5,
openml.org/t/14965,bank-marketing,constantpredictor_enc,1,0.5,aws.docker,0.19.2,{'encode': True},stable,2019-04-15T12:59:47,0.0,1,459552913,,0.883212,0.5,
openml.org/t/14965,bank-marketing,constantpredictor_enc,2,0.5,aws.docker,0.19.2,{'encode': True},stable,2019-04-15T12:59:50,0.0,1,459552914,,0.88299,0.5,
openml.org/t/14965,bank-marketing,constantpredictor_enc,3,0.5,aws.docker,0.19.2,{'encode': True},stable,2019-04-15T12:59:53,0.0,1,459552915,,0.88299,0.5,
openml.org/t/14965,bank-marketing,constantpredictor_enc,4,0.5,aws.docker,0.19.2,{'encode': True},stable,2019-04-15T12:59:56,0.0,1,459552916,,0.88299,0.5,
openml.org/t/14965,bank-marketing,constantpredictor_enc,5,0.5,aws.docker,0.19.2,{'encode': True},stable,2019-04-15T12:59:59,0.0,1,459552917,,0.88299,0.5,
openml.org/t/14965,bank-marketing,constantpredictor_enc,6,0.5,aws.docker,0.19.2,{'encode': True},stable,2019-04-15T13:00:03,0.0,1,459552918,,0.88299,0.5,
openml.org/t/14965,bank-marketing,constantpredictor_enc,7,0.5,aws.docker,0.19.2,{'encode': True},stable,2019-04-15T13:00:06,0.0,1,459552919,,0.88299,0.5,
openml.org/t/14965,bank-marketing,constantpredictor_enc,8,0.5,aws.docker,0.19.2,{'encode': True},stable,2019-04-15T13:00:09,0.0,1,459552920,,0.88299,0.5,
openml.org/t/14965,bank-marketing,constantpredictor_enc,9,0.5,aws.docker,0.19.2,{'encode': True},stable,2019-04-15T13:00:12,0.0,1,459552921,,0.88299,0.5,
openml.org/t/146195,connect-4,constantpredictor_enc,0,0.844498,aws.docker,0.19.2,{'encode': True},stable,2019-04-15T13:00:26,0.0,1,459552912,,0.658378,,0.844498
openml.org/t/146195,connect-4,constantpredictor_enc,1,0.844498,aws.docker,0.19.2,{'encode': True},stable,2019-04-15T13:00:34,0.0,1,459552913,,0.658378,,0.844498
openml.org/t/146195,connect-4,constantpredictor_enc,2,0.844498,aws.docker,0.19.2,{'encode': True},stable,2019-04-15T13:00:42,0.0,1,459552914,,0.658378,,0.844498
openml.org/t/146195,connect-4,constantpredictor_enc,3,0.844644,aws.docker,0.19.2,{'encode': True},stable,2019-04-15T13:00:51,0.0,1,459552915,,0.65823,,0.844644
openml.org/t/146195,connect-4,constantpredictor_enc,4,0.844644,aws.docker,0.19.2,{'encode': True},stable,2019-04-15T13:00:59,0.0,1,459552916,,0.65823,,0.844644
openml.org/t/146195,connect-4,constantpredictor_enc,5,0.844644,aws.docker,0.19.2,{'encode': True},stable,2019-04-15T13:01:07,0.0,1,459552917,,0.65823,,0.844644
openml.org/t/146195,connect-4,constantpredictor_enc,6,0.844644,aws.docker,0.19.2,{'encode': True},stable,2019-04-15T13:01:15,0.0,1,459552918,,0.65823,,0.844644
openml.org/t/146195,connect-4,constantpredictor_enc,7,0.844421,aws.docker,0.19.2,{'encode': True},stable,2019-04-15T13:01:23,0.0,1,459552919,,0.658327,,0.844421
openml.org/t/146195,connect-4,constantpredictor_enc,8,0.844561,aws.docker,0.19.2,{'encode': True},stable,2019-04-15T13:01:32,0.0,1,459552920,,0.658327,,0.844561
openml.org/t/146195,connect-4,constantpredictor_enc,9,0.844561,aws.docker,0.19.2,{'encode': True},stable,2019-04-15T13:01:40,0.0,1,459552921,,0.658327,,0.844561
openml.org/t/146825,Fashion-MNIST,constantpredictor_enc,0,2.30259,aws.docker,0.19.2,{'encode': True},stable,2019-04-15T13:04:17,0.0,1,459552912,,0.1,,2.30259
openml.org/t/146825,Fashion-MNIST,constantpredictor_enc,1,2.30259,aws.docker,0.19.2,{'encode': True},stable,2019-04-15T13:06:14,0.0,1,459552913,,0.1,,2.30259
openml.org/t/146825,Fashion-MNIST,constantpredictor_enc,2,2.30259,aws.docker,0.19.2,{'encode': True},stable,2019-04-15T13:08:10,0.0,1,459552914,,0.1,,2.30259
openml.org/t/146825,Fashion-MNIST,constantpredictor_enc,3,2.30259,aws.docker,0.19.2,{'encode': True},stable,2019-04-15T13:10:07,0.0,1,459552915,,0.1,,2.30259
openml.org/t/146825,Fashion-MNIST,constantpredictor_enc,4,2.30259,aws.docker,0.19.2,{'encode': True},stable,2019-04-15T13:12:04,0.0,1,459552916,,0.1,,2.30259
openml.org/t/146825,Fashion-MNIST,constantpredictor_enc,5,2.30259,aws.docker,0.19.2,{'encode': True},stable,2019-04-15T13:14:00,0.0,1,459552917,,0.1,,2.30259
openml.org/t/146825,Fashion-MNIST,constantpredictor_enc,6,2.30259,aws.docker,0.19.2,{'encode': True},stable,2019-04-15T13:15:57,0.0,1,459552918,,0.1,,2.30259
openml.org/t/146825,Fashion-MNIST,constantpredictor_enc,7,2.30259,aws.docker,0.19.2,{'encode': True},stable,2019-04-15T13:17:53,0.0,1,459552919,,0.1,,2.30259
openml.org/t/146825,Fashion-MNIST,constantpredictor_enc,8,2.30259,aws.docker,0.19.2,{'encode': True},stable,2019-04-15T13:19:51,0.0,1,459552920,,0.1,,2.30259
openml.org/t/146825,Fashion-MNIST,constantpredictor_enc,9,2.30259,aws.docker,0.19.2,{'encode': True},stable,2019-04-15T13:21:48,0.0,1,459552921,,0.1,,2.30259
openml.org/t/168337,guiellermo,constantpredictor_enc,0,0.5,aws.docker,0.19.2,{'encode': True},stable,2019-04-15T13:41:47,0.0,1,459552912,,0.6,0.5,
openml.org/t/168337,guiellermo,constantpredictor_enc,1,0.5,aws.docker,0.19.2,{'encode': True},stable,2019-04-15T13:56:28,0.0,1,459552913,,0.6,0.5,
openml.org/t/168337,guiellermo,constantpredictor_enc,2,0.5,aws.docker,0.19.2,{'encode': True},stable,2019-04-15T14:10:52,0.0,1,459552914,,0.6,0.5,
openml.org/t/168337,guiellermo,constantpredictor_enc,3,0.5,aws.docker,0.19.2,{'encode': True},stable,2019-04-15T14:25:01,0.0,1,459552915,,0.6,0.5,
openml.org/t/168337,guiellermo,constantpredictor_enc,4,0.5,aws.docker,0.19.2,{'encode': True},stable,2019-04-15T14:39:02,0.0,1,459552916,,0.6,0.5,
openml.org/t/168337,guiellermo,constantpredictor_enc,5,0.5,aws.docker,0.19.2,{'encode': True},stable,2019-04-15T14:52:44,0.0,1,459552917,,0.6,0.5,
openml.org/t/168337,guiellermo,constantpredictor_enc,6,0.5,aws.docker,0.19.2,{'encode': True},stable,2019-04-15T15:06:14,0.0,1,459552918,,0.6,0.5,
openml.org/t/168337,guiellermo,constantpredictor_enc,7,0.5,aws.docker,0.19.2,{'encode': True},stable,2019-04-15T15:19:37,0.0,1,459552919,,0.5995,0.5,
openml.org/t/168337,guiellermo,constantpredictor_enc,8,0.5,aws.docker,0.19.2,{'encode': True},stable,2019-04-15T15:32:55,0.0,1,459552920,,0.5995,0.5,
openml.org/t/168337,guiellermo,constantpredictor_enc,9,0.5,aws.docker,0.19.2,{'encode': True},stable,2019-04-15T15:45:56,0.0,1,459552921,,0.5995,0.5,
openml.org/t/168329,Helena,constantpredictor_enc,0,4.14242,aws.docker,0.19.2,{'encode': True},stable,2019-04-15T15:46:14,0.0,1,459552912,,0.0615031,,4.14242
openml.org/t/168329,Helena,constantpredictor_enc,1,4.14412,aws.docker,0.19.2,{'encode': True},stable,2019-04-15T15:46:24,0.0,1,459552913,,0.0613497,,4.14412
openml.org/t/168329,Helena,constantpredictor_enc,2,4.14381,aws.docker,0.19.2,{'encode': True},stable,2019-04-15T15:46:34,0.0,1,459552914,,0.0613497,,4.14381
openml.org/t/168329,Helena,constantpredictor_enc,3,4.14411,aws.docker,0.19.2,{'encode': True},stable,2019-04-15T15:46:44,0.0,1,459552915,,0.0613497,,4.14411
openml.org/t/168329,Helena,constantpredictor_enc,4,4.14401,aws.docker,0.19.2,{'encode': True},stable,2019-04-15T15:46:54,0.0,1,459552916,,0.0613497,,4.14401
openml.org/t/168329,Helena,constantpredictor_enc,5,4.14407,aws.docker,0.19.2,{'encode': True},stable,2019-04-15T15:47:04,0.0,1,459552917,,0.0613497,,4.14407
openml.org/t/168329,Helena,constantpredictor_enc,6,4.14336,aws.docker,0.19.2,{'encode': True},stable,2019-04-15T15:47:14,0.0,1,459552918,,0.0615125,,4.14336
openml.org/t/168329,Helena,constantpredictor_enc,7,4.14266,aws.docker,0.19.2,{'encode': True},stable,2019-04-15T15:47:24,0.0,1,459552919,,0.0615125,,4.14266
openml.org/t/168329,Helena,constantpredictor_enc,8,4.14324,aws.docker,0.19.2,{'encode': True},stable,2019-04-15T15:47:34,0.0,1,459552920,,0.0615125,,4.14324
openml.org/t/168329,Helena,constantpredictor_enc,9,4.14231,aws.docker,0.19.2,{'encode': True},stable,2019-04-15T15:47:44,0.0,1,459552921,,0.0615125,,4.14231
openml.org/t/146606,higgs,constantpredictor_enc,0,0.5,aws.docker,0.19.2,{'encode': True},stable,2019-04-15T15:48:10,0.0,1,459552912,,0.528506,0.5,
openml.org/t/146606,higgs,constantpredictor_enc,1,0.5,aws.docker,0.19.2,{'encode': True},stable,2019-04-15T15:48:22,0.0,1,459552913,,0.528506,0.5,
openml.org/t/146606,higgs,constantpredictor_enc,2,0.5,aws.docker,0.19.2,{'encode': True},stable,2019-04-15T15:48:34,0.0,1,459552914,,0.528506,0.5,
openml.org/t/146606,higgs,constantpredictor_enc,3,0.5,aws.docker,0.19.2,{'encode': True},stable,2019-04-15T15:48:45,0.0,1,459552915,,0.528608,0.5,
openml.org/t/146606,higgs,constantpredictor_enc,4,0.5,aws.docker,0.19.2,{'encode': True},stable,2019-04-15T15:48:57,0.0,1,459552916,,0.528608,0.5,
openml.org/t/146606,higgs,constantpredictor_enc,5,0.5,aws.docker,0.19.2,{'encode': True},stable,2019-04-15T15:49:08,0.0,1,459552917,,0.528608,0.5,
openml.org/t/146606,higgs,constantpredictor_enc,6,0.5,aws.docker,0.19.2,{'encode': True},stable,2019-04-15T15:49:20,0.0,1,459552918,,0.528608,0.5,
openml.org/t/146606,higgs,constantpredictor_enc,7,0.5,aws.docker,0.19.2,{'encode': True},stable,2019-04-15T15:49:32,0.0,1,459552919,,0.528608,0.5,
openml.org/t/146606,higgs,constantpredictor_enc,8,0.5,aws.docker,0.19.2,{'encode': True},stable,2019-04-15T15:49:43,0.0,1,459552920,,0.528608,0.5,
openml.org/t/146606,higgs,constantpredictor_enc,9,0.5,aws.docker,0.19.2,{'encode': True},stable,2019-04-15T15:49:55,0.0,1,459552921,,0.528608,0.5,
openml.org/t/168330,Jannis,constantpredictor_enc,0,1.10882,aws.docker,0.19.2,{'encode': True},stable,2019-04-15T15:50:28,0.0,1,459552912,,0.459995,,1.10882
openml.org/t/168330,Jannis,constantpredictor_enc,1,1.10882,aws.docker,0.19.2,{'encode': True},stable,2019-04-15T15:50:47,0.0,1,459552913,,0.459995,,1.10882
openml.org/t/168330,Jannis,constantpredictor_enc,2,1.10882,aws.docker,0.19.2,{'encode': True},stable,2019-04-15T15:51:06,0.0,1,459552914,,0.459995,,1.10882
openml.org/t/168330,Jannis,constantpredictor_enc,3,1.10849,aws.docker,0.19.2,{'encode': True},stable,2019-04-15T15:51:24,0.0,1,459552915,,0.46005,,1.10849
openml.org/t/168330,Jannis,constantpredictor_enc,4,1.10837,aws.docker,0.19.2,{'encode': True},stable,2019-04-15T15:51:43,0.0,1,459552916,,0.46017,,1.10837
openml.org/t/168330,Jannis,constantpredictor_enc,5,1.10837,aws.docker,0.19.2,{'encode': True},stable,2019-04-15T15:52:01,0.0,1,459552917,,0.46017,,1.10837
openml.org/t/168330,Jannis,constantpredictor_enc,6,1.10875,aws.docker,0.19.2,{'encode': True},stable,2019-04-15T15:52:20,0.0,1,459552918,,0.46005,,1.10875
openml.org/t/168330,Jannis,constantpredictor_enc,7,1.10875,aws.docker,0.19.2,{'encode': True},stable,2019-04-15T15:52:39,0.0,1,459552919,,0.46005,,1.10875
openml.org/t/168330,Jannis,constantpredictor_enc,8,1.10875,aws.docker,0.19.2,{'encode': True},stable,2019-04-15T15:52:57,0.0,1,459552920,,0.46005,,1.10875
openml.org/t/168330,Jannis,constantpredictor_enc,9,1.10875,aws.docker,0.19.2,{'encode': True},stable,2019-04-15T15:53:16,0.0,1,459552921,,0.46005,,1.10875
openml.org/t/167119,jungle_chess_2pcs_raw_endgame_complete,constantpredictor_enc,0,0.934926,aws.docker,0.19.2,{'encode': True},stable,2019-04-15T15:53:21,0.0,1,459552912,,0.514726,,0.934926
openml.org/t/167119,jungle_chess_2pcs_raw_endgame_complete,constantpredictor_enc,1,0.934926,aws.docker,0.19.2,{'encode': True},stable,2019-04-15T15:53:22,0.0,1,459552913,,0.514726,,0.934926
openml.org/t/167119,jungle_chess_2pcs_raw_endgame_complete,constantpredictor_enc,2,0.935299,aws.docker,0.19.2,{'encode': True},stable,2019-04-15T15:53:24,0.0,1,459552914,,0.514502,,0.935299
openml.org/t/167119,jungle_chess_2pcs_raw_endgame_complete,constantpredictor_enc,3,0.935299,aws.docker,0.19.2,{'encode': True},stable,2019-04-15T15:53:25,0.0,1,459552915,,0.514502,,0.935299
openml.org/t/167119,jungle_chess_2pcs_raw_endgame_complete,constantpredictor_enc,4,0.935299,aws.docker,0.19.2,{'encode': True},stable,2019-04-15T15:53:27,0.0,1,459552916,,0.514502,,0.935299
openml.org/t/167119,jungle_chess_2pcs_raw_endgame_complete,constantpredictor_enc,5,0.935299,aws.docker,0.19.2,{'encode': True},stable,2019-04-15T15:53:28,0.0,1,459552917,,0.514502,,0.935299
openml.org/t/167119,jungle_chess_2pcs_raw_endgame_complete,constantpredictor_enc,6,0.935299,aws.docker,0.19.2,{'encode': True},stable,2019-04-15T15:53:29,0.0,1,459552918,,0.514502,,0.935299
openml.org/t/167119,jungle_chess_2pcs_raw_endgame_complete,constantpredictor_enc,7,0.934989,aws.docker,0.19.2,{'encode': True},stable,2019-04-15T15:53:31,0.0,1,459552919,,0.514502,,0.934989
openml.org/t/167119,jungle_chess_2pcs_raw_endgame_complete,constantpredictor_enc,8,0.934989,aws.docker,0.19.2,{'encode': True},stable,2019-04-15T15:53:32,0.0,1,459552920,,0.514502,,0.934989
openml.org/t/167119,jungle_chess_2pcs_raw_endgame_complete,constantpredictor_enc,9,0.934987,aws.docker,0.19.2,{'encode': True},stable,2019-04-15T15:53:34,0.0,1,459552921,,0.514617,,0.934987
openml.org/t/3945,KDDCup09_appetency,constantpredictor_enc,0,0.5,aws.docker,0.19.2,{'encode': True},stable,2019-04-15T15:54:04,0.0,1,459552912,,0.9822,0.5,
openml.org/t/3945,KDDCup09_appetency,constantpredictor_enc,1,0.5,aws.docker,0.19.2,{'encode': True},stable,2019-04-15T15:54:24,0.0,1,459552913,,0.9822,0.5,
openml.org/t/3945,KDDCup09_appetency,constantpredictor_enc,2,0.5,aws.docker,0.19.2,{'encode': True},stable,2019-04-15T15:54:44,0.0,1,459552914,,0.9822,0.5,
openml.org/t/3945,KDDCup09_appetency,constantpredictor_enc,3,0.5,aws.docker,0.19.2,{'encode': True},stable,2019-04-15T15:55:04,0.0,1,459552915,,0.9822,0.5,
openml.org/t/3945,KDDCup09_appetency,constantpredictor_enc,4,0.5,aws.docker,0.19.2,{'encode': True},stable,2019-04-15T15:55:24,0.0,1,459552916,,0.9822,0.5,
openml.org/t/3945,KDDCup09_appetency,constantpredictor_enc,5,0.5,aws.docker,0.19.2,{'encode': True},stable,2019-04-15T15:55:44,0.0,1,459552917,,0.9822,0.5,
openml.org/t/3945,KDDCup09_appetency,constantpredictor_enc,6,0.5,aws.docker,0.19.2,{'encode': True},stable,2019-04-15T15:56:04,0.0,1,459552918,,0.9822,0.5,
openml.org/t/3945,KDDCup09_appetency,constantpredictor_enc,7,0.5,aws.docker,0.19.2,{'encode': True},stable,2019-04-15T15:56:25,0.0,1,459552919,,0.9822,0.5,
openml.org/t/3945,KDDCup09_appetency,constantpredictor_enc,8,0.5,aws.docker,0.19.2,{'encode': True},stable,2019-04-15T15:56:45,0.0,1,459552920,,0.9822,0.5,
openml.org/t/3945,KDDCup09_appetency,constantpredictor_enc,9,0.5,aws.docker,0.19.2,{'encode': True},stable,2019-04-15T15:57:05,0.0,1,459552921,,0.9822,0.5,
openml.org/t/168335,MiniBooNE,constantpredictor_enc,0,0.5,aws.docker,0.19.2,{'encode': True},stable,2019-04-15T15:57:50,0.0,1,459552912,,0.719382,0.5,
openml.org/t/168335,MiniBooNE,constantpredictor_enc,1,0.5,aws.docker,0.19.2,{'encode': True},stable,2019-04-15T15:58:14,0.0,1,459552913,,0.719382,0.5,
openml.org/t/168335,MiniBooNE,constantpredictor_enc,2,0.5,aws.docker,0.19.2,{'encode': True},stable,2019-04-15T15:58:38,0.0,1,459552914,,0.719382,0.5,
openml.org/t/168335,MiniBooNE,constantpredictor_enc,3,0.5,aws.docker,0.19.2,{'encode': True},stable,2019-04-15T15:59:02,0.0,1,459552915,,0.719382,0.5,
openml.org/t/168335,MiniBooNE,constantpredictor_enc,4,0.5,aws.docker,0.19.2,{'encode': True},stable,2019-04-15T15:59:26,0.0,1,459552916,,0.719437,0.5,
openml.org/t/168335,MiniBooNE,constantpredictor_enc,5,0.5,aws.docker,0.19.2,{'encode': True},stable,2019-04-15T15:59:49,0.0,1,459552917,,0.71936,0.5,
openml.org/t/168335,MiniBooNE,constantpredictor_enc,6,0.5,aws.docker,0.19.2,{'encode': True},stable,2019-04-15T16:00:13,0.0,1,459552918,,0.71936,0.5,
openml.org/t/168335,MiniBooNE,constantpredictor_enc,7,0.5,aws.docker,0.19.2,{'encode': True},stable,2019-04-15T16:00:38,0.0,1,459552919,,0.71936,0.5,
openml.org/t/168335,MiniBooNE,constantpredictor_enc,8,0.5,aws.docker,0.19.2,{'encode': True},stable,2019-04-15T16:01:02,0.0,1,459552920,,0.71936,0.5,
openml.org/t/168335,MiniBooNE,constantpredictor_enc,9,0.5,aws.docker,0.19.2,{'encode': True},stable,2019-04-15T16:01:26,0.0,1,459552921,,0.71936,0.5,
openml.org/t/9977,nomao,constantpredictor_enc,0,0.5,aws.docker,0.19.2,{'encode': True},stable,2019-04-15T16:01:41,0.0,1,459552912,,0.714534,0.5,
openml.org/t/9977,nomao,constantpredictor_enc,1,0.5,aws.docker,0.19.2,{'encode': True},stable,2019-04-15T16:01:52,0.0,1,459552913,,0.714244,0.5,
openml.org/t/9977,nomao,constantpredictor_enc,2,0.5,aws.docker,0.19.2,{'encode': True},stable,2019-04-15T16:02:02,0.0,1,459552914,,0.714244,0.5,
openml.org/t/9977,nomao,constantpredictor_enc,3,0.5,aws.docker,0.19.2,{'encode': True},stable,2019-04-15T16:02:12,0.0,1,459552915,,0.714244,0.5,
openml.org/t/9977,nomao,constantpredictor_enc,4,0.5,aws.docker,0.19.2,{'encode': True},stable,2019-04-15T16:02:23,0.0,1,459552916,,0.714244,0.5,
openml.org/t/9977,nomao,constantpredictor_enc,5,0.5,aws.docker,0.19.2,{'encode': True},stable,2019-04-15T16:02:33,0.0,1,459552917,,0.714452,0.5,
openml.org/t/9977,nomao,constantpredictor_enc,6,0.5,aws.docker,0.19.2,{'encode': True},stable,2019-04-15T16:02:44,0.0,1,459552918,,0.714452,0.5,
openml.org/t/9977,nomao,constantpredictor_enc,7,0.5,aws.docker,0.19.2,{'encode': True},stable,2019-04-15T16:02:54,0.0,1,459552919,,0.714452,0.5,
openml.org/t/9977,nomao,constantpredictor_enc,8,0.5,aws.docker,0.19.2,{'encode': True},stable,2019-04-15T16:03:05,0.0,1,459552920,,0.714452,0.5,
openml.org/t/9977,nomao,constantpredictor_enc,9,0.5,aws.docker,0.19.2,{'encode': True},stable,2019-04-15T16:03:15,0.0,1,459552921,,0.714452,0.5,
openml.org/t/167120,numerai28.6,constantpredictor_enc,0,0.5,aws.docker,0.19.2,{'encode': True},stable,2019-04-15T16:03:38,0.0,1,459552912,,0.505087,0.5,
openml.org/t/167120,numerai28.6,constantpredictor_enc,1,0.5,aws.docker,0.19.2,{'encode': True},stable,2019-04-15T16:03:47,0.0,1,459552913,,0.505087,0.5,
openml.org/t/167120,numerai28.6,constantpredictor_enc,2,0.5,aws.docker,0.19.2,{'encode': True},stable,2019-04-15T16:03:56,0.0,1,459552914,,0.505191,0.5,
openml.org/t/167120,numerai28.6,constantpredictor_enc,3,0.5,aws.docker,0.19.2,{'encode': True},stable,2019-04-15T16:04:06,0.0,1,459552915,,0.505191,0.5,
openml.org/t/167120,numerai28.6,constantpredictor_enc,4,0.5,aws.docker,0.19.2,{'encode': True},stable,2019-04-15T16:04:15,0.0,1,459552916,,0.505191,0.5,
openml.org/t/167120,numerai28.6,constantpredictor_enc,5,0.5,aws.docker,0.19.2,{'encode': True},stable,2019-04-15T16:04:25,0.0,1,459552917,,0.505191,0.5,
openml.org/t/167120,numerai28.6,constantpredictor_enc,6,0.5,aws.docker,0.19.2,{'encode': True},stable,2019-04-15T16:04:34,0.0,1,459552918,,0.505191,0.5,
openml.org/t/167120,numerai28.6,constantpredictor_enc,7,0.5,aws.docker,0.19.2,{'encode': True},stable,2019-04-15T16:04:43,0.0,1,459552919,,0.505191,0.5,
openml.org/t/167120,numerai28.6,constantpredictor_enc,8,0.5,aws.docker,0.19.2,{'encode': True},stable,2019-04-15T16:04:53,0.0,1,459552920,,0.505191,0.5,
openml.org/t/167120,numerai28.6,constantpredictor_enc,9,0.5,aws.docker,0.19.2,{'encode': True},stable,2019-04-15T16:05:02,0.0,1,459552921,,0.505191,0.5,
openml.org/t/168338,riccardo,constantpredictor_enc,0,0.5,aws.docker,0.19.2,{'encode': True},stable,2019-04-15T16:22:40,0.0,1,459552912,,0.75,0.5,
openml.org/t/168338,riccardo,constantpredictor_enc,1,0.5,aws.docker,0.19.2,{'encode': True},stable,2019-04-15T16:35:37,0.0,1,459552913,,0.75,0.5,
openml.org/t/168338,riccardo,constantpredictor_enc,2,0.5,aws.docker,0.19.2,{'encode': True},stable,2019-04-15T16:48:31,0.0,1,459552914,,0.75,0.5,
openml.org/t/168338,riccardo,constantpredictor_enc,3,0.5,aws.docker,0.19.2,{'encode': True},stable,2019-04-15T17:01:06,0.0,1,459552915,,0.75,0.5,
openml.org/t/168338,riccardo,constantpredictor_enc,4,0.5,aws.docker,0.19.2,{'encode': True},stable,2019-04-15T17:13:39,0.0,1,459552916,,0.75,0.5,
openml.org/t/168338,riccardo,constantpredictor_enc,5,0.5,aws.docker,0.19.2,{'encode': True},stable,2019-04-15T17:26:06,0.0,1,459552917,,0.75,0.5,
openml.org/t/168338,riccardo,constantpredictor_enc,6,0.5,aws.docker,0.19.2,{'encode': True},stable,2019-04-15T17:38:24,0.0,1,459552918,,0.75,0.5,
openml.org/t/168338,riccardo,constantpredictor_enc,7,0.5,aws.docker,0.19.2,{'encode': True},stable,2019-04-15T17:50:33,0.0,1,459552919,,0.75,0.5,
openml.org/t/168338,riccardo,constantpredictor_enc,8,0.5,aws.docker,0.19.2,{'encode': True},stable,2019-04-15T18:02:35,0.0,1,459552920,,0.75,0.5,
openml.org/t/168338,riccardo,constantpredictor_enc,9,0.5,aws.docker,0.19.2,{'encode': True},stable,2019-04-15T18:14:30,0.0,1,459552921,,0.75,0.5,
openml.org/t/168332,Robert,constantpredictor_enc,0,2.30225,aws.docker,0.19.2,{'encode': True},stable,2019-04-15T18:32:03,0.0,1,459552912,,0.104,,2.30225
openml.org/t/168332,Robert,constantpredictor_enc,1,2.30225,aws.docker,0.19.2,{'encode': True},stable,2019-04-15T18:44:23,0.0,1,459552913,,0.104,,2.30225
openml.org/t/168332,Robert,constantpredictor_enc,2,2.3022,aws.docker,0.19.2,{'encode': True},stable,2019-04-15T18:56:23,0.0,1,459552914,,0.105,,2.3022
openml.org/t/168332,Robert,constantpredictor_enc,3,2.3022,aws.docker,0.19.2,{'encode': True},stable,2019-04-15T19:08:31,0.0,1,459552915,,0.105,,2.3022
openml.org/t/168332,Robert,constantpredictor_enc,4,2.30223,aws.docker,0.19.2,{'encode': True},stable,2019-04-15T19:20:36,0.0,1,459552916,,0.105,,2.30223
openml.org/t/168332,Robert,constantpredictor_enc,5,2.30224,aws.docker,0.19.2,{'encode': True},stable,2019-04-15T19:32:22,0.0,1,459552917,,0.104,,2.30224
openml.org/t/168332,Robert,constantpredictor_enc,6,2.30225,aws.docker,0.19.2,{'encode': True},stable,2019-04-15T19:43:50,0.0,1,459552918,,0.104,,2.30225
openml.org/t/168332,Robert,constantpredictor_enc,7,2.30229,aws.docker,0.19.2,{'encode': True},stable,2019-04-15T19:55:09,0.0,1,459552919,,0.104,,2.30229
openml.org/t/168332,Robert,constantpredictor_enc,8,2.30229,aws.docker,0.19.2,{'encode': True},stable,2019-04-15T20:06:23,0.0,1,459552920,,0.104,,2.30229
openml.org/t/168332,Robert,constantpredictor_enc,9,2.30224,aws.docker,0.19.2,{'encode': True},stable,2019-04-15T20:17:18,0.0,1,459552921,,0.104,,2.30224
openml.org/t/146212,Shuttle,constantpredictor_enc,0,0.665165,aws.docker,0.19.2,{'encode': True},stable,2019-04-15T20:17:26,0.0,1,459552912,,0.786034,,0.665165
openml.org/t/146212,Shuttle,constantpredictor_enc,1,0.665165,aws.docker,0.19.2,{'encode': True},stable,2019-04-15T20:17:28,0.0,1,459552913,,0.786034,,0.665165
openml.org/t/146212,Shuttle,constantpredictor_enc,2,0.665165,aws.docker,0.19.2,{'encode': True},stable,2019-04-15T20:17:31,0.0,1,459552914,,0.786034,,0.665165
openml.org/t/146212,Shuttle,constantpredictor_enc,3,0.665165,aws.docker,0.19.2,{'encode': True},stable,2019-04-15T20:17:33,0.0,1,459552915,,0.786034,,0.665165
openml.org/t/146212,Shuttle,constantpredictor_enc,4,0.665165,aws.docker,0.19.2,{'encode': True},stable,2019-04-15T20:17:36,0.0,1,459552916,,0.786034,,0.665165
openml.org/t/146212,Shuttle,constantpredictor_enc,5,0.665165,aws.docker,0.19.2,{'encode': True},stable,2019-04-15T20:17:38,0.0,1,459552917,,0.786034,,0.665165
openml.org/t/146212,Shuttle,constantpredictor_enc,6,0.665956,aws.docker,0.19.2,{'encode': True},stable,2019-04-15T20:17:41,0.0,1,459552918,,0.785862,,0.665956
openml.org/t/146212,Shuttle,constantpredictor_enc,7,0.666406,aws.docker,0.19.2,{'encode': True},stable,2019-04-15T20:17:43,0.0,1,459552919,,0.785862,,0.666406
openml.org/t/146212,Shuttle,constantpredictor_enc,8,0.666406,aws.docker,0.19.2,{'encode': True},stable,2019-04-15T20:17:46,0.0,1,459552920,,0.785862,,0.666406
openml.org/t/146212,Shuttle,constantpredictor_enc,9,0.666579,aws.docker,0.19.2,{'encode': True},stable,2019-04-15T20:17:48,0.0,1,459552921,,0.785862,,0.666579
openml.org/t/168331,Volkert,constantpredictor_enc,0,2.05248,aws.docker,0.19.2,{'encode': True},stable,2019-04-15T20:18:41,0.0,1,459552912,,0.219688,,2.05248
openml.org/t/168331,Volkert,constantpredictor_enc,1,2.05227,aws.docker,0.19.2,{'encode': True},stable,2019-04-15T20:19:18,0.0,1,459552913,,0.219688,,2.05227
openml.org/t/168331,Volkert,constantpredictor_enc,2,2.05237,aws.docker,0.19.2,{'encode': True},stable,2019-04-15T20:19:55,0.0,1,459552914,,0.219688,,2.05237
openml.org/t/168331,Volkert,constantpredictor_enc,3,2.05237,aws.docker,0.19.2,{'encode': True},stable,2019-04-15T20:20:32,0.0,1,459552915,,0.219688,,2.05237
openml.org/t/168331,Volkert,constantpredictor_enc,4,2.05283,aws.docker,0.19.2,{'encode': True},stable,2019-04-15T20:21:09,0.0,1,459552916,,0.219516,,2.05283
openml.org/t/168331,Volkert,constantpredictor_enc,5,2.05278,aws.docker,0.19.2,{'encode': True},stable,2019-04-15T20:21:46,0.0,1,459552917,,0.219516,,2.05278
openml.org/t/168331,Volkert,constantpredictor_enc,6,2.05278,aws.docker,0.19.2,{'encode': True},stable,2019-04-15T20:22:22,0.0,1,459552918,,0.219516,,2.05278
openml.org/t/168331,Volkert,constantpredictor_enc,7,2.05278,aws.docker,0.19.2,{'encode': True},stable,2019-04-15T20:22:59,0.0,1,459552919,,0.219516,,2.05278
openml.org/t/168331,Volkert,constantpredictor_enc,8,2.05269,aws.docker,0.19.2,{'encode': True},stable,2019-04-15T20:23:36,0.0,1,459552920,,0.219688,,2.05269
openml.org/t/168331,Volkert,constantpredictor_enc,9,2.05269,aws.docker,0.19.2,{'encode': True},stable,2019-04-15T20:24:13,0.0,1,459552921,,0.219688,,2.05269
openml.org/t/7592,adult,RandomForest,0,0.911522,aws.docker,0.19.2,{'n_estimators': 2000},stable,2019-04-13T06:13:36,15.1,2000,3235246743,,0.864074,0.911522,
openml.org/t/7592,adult,RandomForest,1,0.904914,aws.docker,0.19.2,{'n_estimators': 2000},stable,2019-04-13T06:13:26,15.4,2000,3235246744,,0.853429,0.904914,
openml.org/t/7592,adult,RandomForest,2,0.908541,aws.docker,0.19.2,{'n_estimators': 2000},stable,2019-04-13T06:13:47,15.2,2000,3235246745,,0.859746,0.908541,
openml.org/t/7592,adult,RandomForest,3,0.907654,aws.docker,0.19.2,{'n_estimators': 2000},stable,2019-04-13T06:13:49,15.3,2000,3235246746,,0.851147,0.907654,
openml.org/t/7592,adult,RandomForest,4,0.907417,aws.docker,0.19.2,{'n_estimators': 2000},stable,2019-04-13T06:13:42,15.2,2000,3235246747,,0.861384,0.907417,
openml.org/t/7592,adult,RandomForest,5,0.907431,aws.docker,0.19.2,{'n_estimators': 2000},stable,2019-04-13T06:17:29,15.2,2000,3235246748,,0.858927,0.907431,
openml.org/t/7592,adult,RandomForest,6,0.905015,aws.docker,0.19.2,{'n_estimators': 2000},stable,2019-04-13T06:17:32,15.2,2000,3235246749,,0.853604,0.905015,
openml.org/t/7592,adult,RandomForest,7,0.912266,aws.docker,0.19.2,{'n_estimators': 2000},stable,2019-04-13T06:17:39,15.2,2000,3235246750,,0.859132,0.912266,
openml.org/t/7592,adult,RandomForest,8,0.917381,aws.docker,0.19.2,{'n_estimators': 2000},stable,2019-04-13T06:17:46,15.2,2000,3235246751,,0.861794,0.917381,
openml.org/t/7592,adult,RandomForest,9,0.911821,aws.docker,0.19.2,{'n_estimators': 2000},stable,2019-04-13T06:18:00,15.4,2000,3235246752,,0.858927,0.911821,
openml.org/t/34539,Amazon_employee_access,RandomForest,0,0.888174,aws.docker,0.19.2,{'n_estimators': 2000},stable,2019-04-13T06:21:27,13.6,2000,3235246743,,0.947513,0.888174,
openml.org/t/34539,Amazon_employee_access,RandomForest,1,0.854786,aws.docker,0.19.2,{'n_estimators': 2000},stable,2019-04-13T06:21:35,13.9,2000,3235246744,,0.95148,0.854786,
openml.org/t/34539,Amazon_employee_access,RandomForest,2,0.856488,aws.docker,0.19.2,{'n_estimators': 2000},stable,2019-04-13T06:21:38,14.0,2000,3235246745,,0.949039,0.856488,
openml.org/t/34539,Amazon_employee_access,RandomForest,3,0.86469,aws.docker,0.19.2,{'n_estimators': 2000},stable,2019-04-13T06:21:39,13.8,2000,3235246746,,0.948428,0.86469,
openml.org/t/34539,Amazon_employee_access,RandomForest,4,0.864044,aws.docker,0.19.2,{'n_estimators': 2000},stable,2019-04-13T06:21:47,13.8,2000,3235246747,,0.95148,0.864044,
openml.org/t/34539,Amazon_employee_access,RandomForest,5,0.872185,aws.docker,0.19.2,{'n_estimators': 2000},stable,2019-04-13T06:25:41,14.1,2000,3235246748,,0.944156,0.872185,
openml.org/t/34539,Amazon_employee_access,RandomForest,6,0.861387,aws.docker,0.19.2,{'n_estimators': 2000},stable,2019-04-13T06:25:34,13.9,2000,3235246749,,0.949344,0.861387,
openml.org/t/34539,Amazon_employee_access,RandomForest,7,0.836238,aws.docker,0.19.2,{'n_estimators': 2000},stable,2019-04-13T06:25:49,13.6,2000,3235246750,,0.946292,0.836238,
openml.org/t/34539,Amazon_employee_access,RandomForest,8,0.870262,aws.docker,0.19.2,{'n_estimators': 2000},stable,2019-04-13T06:25:54,13.8,2000,3235246751,,0.949039,0.870262,
openml.org/t/34539,Amazon_employee_access,RandomForest,9,0.873197,aws.docker,0.19.2,{'n_estimators': 2000},stable,2019-04-13T06:25:56,14.0,2000,3235246752,,0.949634,0.873197,
openml.org/t/168868,APSFailure,RandomForest,0,0.988803,aws.docker,0.19.2,{'n_estimators': 2000},stable,2019-04-13T06:34:46,276.4,2000,3235246743,,0.995263,0.988803,
openml.org/t/168868,APSFailure,RandomForest,1,0.990545,aws.docker,0.19.2,{'n_estimators': 2000},stable,2019-04-13T06:34:48,275.7,2000,3235246744,,0.992368,0.990545,
openml.org/t/168868,APSFailure,RandomForest,2,0.994573,aws.docker,0.19.2,{'n_estimators': 2000},stable,2019-04-13T06:35:03,279.8,2000,3235246745,,0.993289,0.994573,
openml.org/t/168868,APSFailure,RandomForest,3,0.983764,aws.docker,0.19.2,{'n_estimators': 2000},stable,2019-04-13T06:35:02,272.5,2000,3235246746,,0.994868,0.983764,
openml.org/t/168868,APSFailure,RandomForest,4,0.992434,aws.docker,0.19.2,{'n_estimators': 2000},stable,2019-04-13T06:34:53,263.5,2000,3235246747,,0.994737,0.992434,
openml.org/t/168868,APSFailure,RandomForest,5,0.992515,aws.docker,0.19.2,{'n_estimators': 2000},stable,2019-04-13T06:43:53,276.2,2000,3235246748,,0.993684,0.992515,
openml.org/t/168868,APSFailure,RandomForest,6,0.993708,aws.docker,0.19.2,{'n_estimators': 2000},stable,2019-04-13T06:44:01,271.9,2000,3235246749,,0.995395,0.993708,
openml.org/t/168868,APSFailure,RandomForest,7,0.992655,aws.docker,0.19.2,{'n_estimators': 2000},stable,2019-04-13T06:44:05,281.7,2000,3235246750,,0.995,0.992655,
openml.org/t/168868,APSFailure,RandomForest,8,0.990618,aws.docker,0.19.2,{'n_estimators': 2000},stable,2019-04-13T06:44:13,273.3,2000,3235246751,,0.993553,0.990618,
openml.org/t/168868,APSFailure,RandomForest,9,0.99251,aws.docker,0.19.2,{'n_estimators': 2000},stable,2019-04-13T06:44:33,282.0,2000,3235246752,,0.995,0.99251,
openml.org/t/14965,bank-marketing,RandomForest,0,0.932126,aws.docker,0.19.2,{'n_estimators': 2000},stable,2019-04-13T06:47:47,16.2,2000,3235246743,,0.905573,0.932126,
openml.org/t/14965,bank-marketing,RandomForest,1,0.926808,aws.docker,0.19.2,{'n_estimators': 2000},stable,2019-04-13T06:47:59,16.6,2000,3235246744,,0.904004,0.926808,
openml.org/t/14965,bank-marketing,RandomForest,2,0.939178,aws.docker,0.19.2,{'n_estimators': 2000},stable,2019-04-13T06:47:57,16.2,2000,3235246745,,0.913736,0.939178,
openml.org/t/14965,bank-marketing,RandomForest,3,0.929817,aws.docker,0.19.2,{'n_estimators': 2000},stable,2019-04-13T06:48:13,16.6,2000,3235246746,,0.905994,0.929817,
openml.org/t/14965,bank-marketing,RandomForest,4,0.934027,aws.docker,0.19.2,{'n_estimators': 2000},stable,2019-04-13T06:48:18,16.7,2000,3235246747,,0.906658,0.934027,
openml.org/t/14965,bank-marketing,RandomForest,5,0.923813,aws.docker,0.19.2,{'n_estimators': 2000},stable,2019-04-13T06:51:50,16.5,2000,3235246748,,0.903782,0.923813,
openml.org/t/14965,bank-marketing,RandomForest,6,0.917501,aws.docker,0.19.2,{'n_estimators': 2000},stable,2019-04-13T06:51:56,16.5,2000,3235246749,,0.897589,0.917501,
openml.org/t/14965,bank-marketing,RandomForest,7,0.936839,aws.docker,0.19.2,{'n_estimators': 2000},stable,2019-04-13T06:52:03,16.2,2000,3235246750,,0.903561,0.936839,
openml.org/t/14965,bank-marketing,RandomForest,8,0.931345,aws.docker,0.19.2,{'n_estimators': 2000},stable,2019-04-13T06:52:11,16.7,2000,3235246751,,0.908649,0.931345,
openml.org/t/14965,bank-marketing,RandomForest,9,0.93684,aws.docker,0.19.2,{'n_estimators': 2000},stable,2019-04-13T06:52:15,16.7,2000,3235246752,,0.908649,0.93684,
openml.org/t/146195,connect-4,RandomForest,0,0.494177,aws.docker,0.19.2,{'n_estimators': 2000},stable,2019-04-13T06:56:16,22.3,2000,3235246743,,0.818828,,0.494177
openml.org/t/146195,connect-4,RandomForest,1,0.498662,aws.docker,0.19.2,{'n_estimators': 2000},stable,2019-04-13T06:56:11,22.7,2000,3235246744,,0.816755,,0.498662
openml.org/t/146195,connect-4,RandomForest,2,0.491308,aws.docker,0.19.2,{'n_estimators': 2000},stable,2019-04-13T06:56:22,22.4,2000,3235246745,,0.820012,,0.491308
openml.org/t/146195,connect-4,RandomForest,3,0.496275,aws.docker,0.19.2,{'n_estimators': 2000},stable,2019-04-13T06:56:23,22.5,2000,3235246746,,0.818384,,0.496275
openml.org/t/146195,connect-4,RandomForest,4,0.489577,aws.docker,0.19.2,{'n_estimators': 2000},stable,2019-04-13T06:56:30,22.3,2000,3235246747,,0.822676,,0.489577
openml.org/t/146195,connect-4,RandomForest,5,0.493749,aws.docker,0.19.2,{'n_estimators': 2000},stable,2019-04-13T07:00:21,23.8,2000,3235246748,,0.816607,,0.493749
openml.org/t/146195,connect-4,RandomForest,6,0.500625,aws.docker,0.19.2,{'n_estimators': 2000},stable,2019-04-13T07:00:19,22.8,2000,3235246749,,0.815867,,0.500625
openml.org/t/146195,connect-4,RandomForest,7,0.491339,aws.docker,0.19.2,{'n_estimators': 2000},stable,2019-04-13T07:00:30,23.1,2000,3235246750,,0.824278,,0.491339
openml.org/t/146195,connect-4,RandomForest,8,0.494468,aws.docker,0.19.2,{'n_estimators': 2000},stable,2019-04-13T07:00:31,21.7,2000,3235246751,,0.816432,,0.494468
openml.org/t/146195,connect-4,RandomForest,9,0.494973,aws.docker,0.19.2,{'n_estimators': 2000},stable,2019-04-13T07:00:33,22.7,2000,3235246752,,0.821021,,0.494973
openml.org/t/146825,Fashion-MNIST,RandomForest,2,0.362447,aws.docker,0.19.2,{'n_estimators': 2000},stable,2019-04-13T07:11:31,288.7,2000,3235246745,,0.886,,0.362447
openml.org/t/146825,Fashion-MNIST,RandomForest,3,0.360983,aws.docker,0.19.2,{'n_estimators': 2000},stable,2019-04-13T07:11:31,288.7,2000,3235246746,,0.891,,0.360983
openml.org/t/146825,Fashion-MNIST,RandomForest,4,0.359748,aws.docker,0.19.2,{'n_estimators': 2000},stable,2019-04-13T07:11:30,289.4,2000,3235246747,,0.889286,,0.359748
openml.org/t/146825,Fashion-MNIST,RandomForest,0,0.362786,aws.docker,0.19.2,{'n_estimators': 2000},stable,2019-04-13T07:12:00,290.0,2000,3235246743,,0.886429,,0.362786
openml.org/t/146825,Fashion-MNIST,RandomForest,1,0.357564,aws.docker,0.19.2,{'n_estimators': 2000},stable,2019-04-13T07:11:30,291.3,2000,3235246744,,0.885429,,0.357564
openml.org/t/146825,Fashion-MNIST,RandomForest,5,0.362812,aws.docker,0.19.2,{'n_estimators': 2000},stable,2019-04-13T07:22:29,289.9,2000,3235246748,,0.883429,,0.362812
openml.org/t/146825,Fashion-MNIST,RandomForest,6,0.349176,aws.docker,0.19.2,{'n_estimators': 2000},stable,2019-04-13T07:22:38,291.9,2000,3235246749,,0.890429,,0.349176
openml.org/t/146825,Fashion-MNIST,RandomForest,7,0.362146,aws.docker,0.19.2,{'n_estimators': 2000},stable,2019-04-13T07:22:31,289.2,2000,3235246750,,0.889,,0.362146
openml.org/t/146825,Fashion-MNIST,RandomForest,8,0.369648,aws.docker,0.19.2,{'n_estimators': 2000},stable,2019-04-13T07:23:20,289.3,2000,3235246751,,0.885429,,0.369648
openml.org/t/146825,Fashion-MNIST,RandomForest,9,0.364034,aws.docker,0.19.2,{'n_estimators': 2000},stable,2019-04-13T07:23:19,287.9,2000,3235246752,,0.887,,0.364034
openml.org/t/168337,guiellermo,RandomForest,0,0.900553,aws.docker,0.19.2,{'n_estimators': 2000},stable,2019-04-13T07:51:18,224.9,2000,3235246743,,0.821,0.900553,
openml.org/t/168337,guiellermo,RandomForest,1,0.889066,aws.docker,0.19.2,{'n_estimators': 2000},stable,2019-04-13T07:51:56,227.6,2000,3235246744,,0.809,0.889066,
openml.org/t/168337,guiellermo,RandomForest,2,0.91914,aws.docker,0.19.2,{'n_estimators': 2000},stable,2019-04-13T07:51:36,225.9,2000,3235246745,,0.826,0.91914,
openml.org/t/168337,guiellermo,RandomForest,4,0.905393,aws.docker,0.19.2,{'n_estimators': 2000},stable,2019-04-13T07:52:12,225.3,2000,3235246747,,0.8265,0.905393,
openml.org/t/168337,guiellermo,RandomForest,3,0.90318,aws.docker,0.19.2,{'n_estimators': 2000},stable,2019-04-13T07:52:13,226.0,2000,3235246746,,0.82,0.90318,
openml.org/t/168337,guiellermo,RandomForest,6,0.910763,aws.docker,0.19.2,{'n_estimators': 2000},stable,2019-04-13T08:20:15,220.7,2000,3235246749,,0.8265,0.910763,
openml.org/t/168337,guiellermo,RandomForest,5,0.900989,aws.docker,0.19.2,{'n_estimators': 2000},stable,2019-04-13T08:20:52,225.8,2000,3235246748,,0.8265,0.900989,
openml.org/t/168337,guiellermo,RandomForest,7,0.894203,aws.docker,0.19.2,{'n_estimators': 2000},stable,2019-04-13T08:20:42,225.6,2000,3235246750,,0.8165,0.894203,
openml.org/t/168337,guiellermo,RandomForest,9,0.909212,aws.docker,0.19.2,{'n_estimators': 2000},stable,2019-04-13T08:21:48,227.2,2000,3235246752,,0.826,0.909212,
openml.org/t/168337,guiellermo,RandomForest,8,0.893968,aws.docker,0.19.2,{'n_estimators': 2000},stable,2019-04-13T08:21:22,225.7,2000,3235246751,,0.819,0.893968,
openml.org/t/168329,Helena,RandomForest,0,3.50484,aws.docker,0.19.2,"{'n_estimators': 500, '_n_jobs': 1}",stable,2019-04-19T11:40:41,482.9,500,2184650182,,0.377761,,3.50484
openml.org/t/168329,Helena,RandomForest,1,3.6222,aws.docker,0.19.2,"{'n_estimators': 500, '_n_jobs': 1}",stable,2019-04-19T11:40:43,482.6,500,2184650183,,0.377301,,3.6222
openml.org/t/168329,Helena,RandomForest,2,3.56749,aws.docker,0.19.2,"{'n_estimators': 500, '_n_jobs': 1}",stable,2019-04-19T11:40:44,483.6,500,2184650184,,0.371012,,3.56749
openml.org/t/168329,Helena,RandomForest,3,3.39889,aws.docker,0.19.2,"{'n_estimators': 500, '_n_jobs': 1}",stable,2019-04-19T11:40:54,487.2,500,2184650185,,0.374693,,3.39889
openml.org/t/168329,Helena,RandomForest,4,3.55928,aws.docker,0.19.2,"{'n_estimators': 500, '_n_jobs': 1}",stable,2019-04-19T11:40:57,481.0,500,2184650186,,0.383589,,3.55928
openml.org/t/168329,Helena,RandomForest,5,3.59412,aws.docker,0.19.2,"{'n_estimators': 500, '_n_jobs': 1}",stable,2019-04-19T11:41:05,483.8,500,2184650187,,0.372086,,3.59412
openml.org/t/168329,Helena,RandomForest,6,3.56928,aws.docker,0.19.2,"{'n_estimators': 500, '_n_jobs': 1}",stable,2019-04-19T11:41:07,484.0,500,2184650188,,0.368155,,3.56928
openml.org/t/168329,Helena,RandomForest,7,3.65345,aws.docker,0.19.2,"{'n_estimators': 500, '_n_jobs': 1}",stable,2019-04-19T11:41:12,484.2,500,2184650189,,0.366927,,3.65345
openml.org/t/168329,Helena,RandomForest,8,3.50661,aws.docker,0.19.2,"{'n_estimators': 500, '_n_jobs': 1}",stable,2019-04-19T11:41:11,482.3,500,2184650190,,0.373217,,3.50661
openml.org/t/168329,Helena,RandomForest,9,3.52317,aws.docker,0.19.2,"{'n_estimators': 500, '_n_jobs': 1}",stable,2019-04-19T11:41:18,483.0,500,2184650191,,0.375825,,3.52317
openml.org/t/146606,higgs,RandomForest,0,0.805739,aws.docker,0.19.2,{'n_estimators': 2000},stable,2019-04-13T10:57:12,165.6,2000,3235246743,,0.727384,0.805739,
openml.org/t/146606,higgs,RandomForest,1,0.798293,aws.docker,0.19.2,{'n_estimators': 2000},stable,2019-04-13T11:00:10,161.2,2000,3235246744,,0.720755,0.798293,
openml.org/t/146606,higgs,RandomForest,2,0.803028,aws.docker,0.19.2,{'n_estimators': 2000},stable,2019-04-13T11:04:10,163.5,2000,3235246745,,0.721979,0.803028,
openml.org/t/146606,higgs,RandomForest,3,0.804993,aws.docker,0.19.2,{'n_estimators': 2000},stable,2019-04-13T11:07:15,163.5,2000,3235246746,,0.726364,0.804993,
openml.org/t/146606,higgs,RandomForest,4,0.807705,aws.docker,0.19.2,{'n_estimators': 2000},stable,2019-04-13T11:08:09,163.4,2000,3235246747,,0.727996,0.807705,
openml.org/t/146606,higgs,RandomForest,5,0.804769,aws.docker,0.19.2,{'n_estimators': 2000},stable,2019-04-13T11:11:17,161.7,2000,3235246748,,0.72514,0.804769,
openml.org/t/146606,higgs,RandomForest,6,0.806253,aws.docker,0.19.2,{'n_estimators': 2000},stable,2019-04-13T11:12:00,165.9,2000,3235246749,,0.724936,0.806253,
openml.org/t/146606,higgs,RandomForest,7,0.793585,aws.docker,0.19.2,{'n_estimators': 2000},stable,2019-04-13T11:14:22,164.0,2000,3235246750,,0.715859,0.793585,
openml.org/t/146606,higgs,RandomForest,8,0.793413,aws.docker,0.19.2,{'n_estimators': 2000},stable,2019-04-13T11:15:14,161.7,2000,3235246751,,0.720347,0.793413,
openml.org/t/146606,higgs,RandomForest,9,0.811952,aws.docker,0.19.2,{'n_estimators': 2000},stable,2019-04-13T11:18:19,164.0,2000,3235246752,,0.730444,0.811952,
openml.org/t/168330,Jannis,RandomForest,0,0.727528,aws.docker,0.19.2,{'n_estimators': 2000},stable,2019-04-13T11:20:20,230.1,2000,3235246743,,0.708025,,0.727528
openml.org/t/168330,Jannis,RandomForest,1,0.726318,aws.docker,0.19.2,{'n_estimators': 2000},stable,2019-04-13T11:22:52,233.9,2000,3235246744,,0.717698,,0.726318
openml.org/t/168330,Jannis,RandomForest,2,0.724123,aws.docker,0.19.2,{'n_estimators': 2000},stable,2019-04-13T11:23:37,232.5,2000,3235246745,,0.714235,,0.724123
openml.org/t/168330,Jannis,RandomForest,3,0.721605,aws.docker,0.19.2,{'n_estimators': 2000},stable,2019-04-13T11:26:41,231.3,2000,3235246746,,0.709065,,0.721605
openml.org/t/168330,Jannis,RandomForest,4,0.728282,aws.docker,0.19.2,{'n_estimators': 2000},stable,2019-04-13T11:28:21,233.1,2000,3235246747,,0.712528,,0.728282
openml.org/t/168330,Jannis,RandomForest,5,0.730057,aws.docker,0.19.2,{'n_estimators': 2000},stable,2019-04-13T11:30:54,236.0,2000,3235246748,,0.712648,,0.730057
openml.org/t/168330,Jannis,RandomForest,6,0.728246,aws.docker,0.19.2,{'n_estimators': 2000},stable,2019-04-13T11:31:49,234.2,2000,3235246749,,0.709543,,0.728246
openml.org/t/168330,Jannis,RandomForest,7,0.728313,aws.docker,0.19.2,{'n_estimators': 2000},stable,2019-04-13T11:34:50,232.5,2000,3235246750,,0.709304,,0.728313
openml.org/t/168330,Jannis,RandomForest,8,0.728434,aws.docker,0.19.2,{'n_estimators': 2000},stable,2019-04-13T11:36:27,231.4,2000,3235246751,,0.718381,,0.728434
openml.org/t/168330,Jannis,RandomForest,9,0.738594,aws.docker,0.19.2,{'n_estimators': 2000},stable,2019-04-13T11:38:48,231.5,2000,3235246752,,0.701899,,0.738594
openml.org/t/167119,jungle_chess_2pcs_raw_endgame_complete,RandomForest,0,0.439756,aws.docker,0.19.2,{'n_estimators': 2000},stable,2019-04-13T11:35:52,10.2,2000,3235246743,,0.782017,,0.439756
openml.org/t/167119,jungle_chess_2pcs_raw_endgame_complete,RandomForest,1,0.449692,aws.docker,0.19.2,{'n_estimators': 2000},stable,2019-04-13T11:38:46,10.1,2000,3235246744,,0.776885,,0.449692
openml.org/t/167119,jungle_chess_2pcs_raw_endgame_complete,RandomForest,2,0.43486,aws.docker,0.19.2,{'n_estimators': 2000},stable,2019-04-13T11:39:59,10.1,2000,3235246745,,0.784917,,0.43486
openml.org/t/167119,jungle_chess_2pcs_raw_endgame_complete,RandomForest,3,0.425908,aws.docker,0.19.2,{'n_estimators': 2000},stable,2019-04-13T11:40:19,10.1,2000,3235246746,,0.789603,,0.425908
openml.org/t/167119,jungle_chess_2pcs_raw_endgame_complete,RandomForest,4,0.430253,aws.docker,0.19.2,{'n_estimators': 2000},stable,2019-04-13T11:42:46,10.0,2000,3235246747,,0.78938,,0.430253
openml.org/t/167119,jungle_chess_2pcs_raw_endgame_complete,RandomForest,5,0.427867,aws.docker,0.19.2,{'n_estimators': 2000},stable,2019-04-13T11:42:47,10.0,2000,3235246748,,0.789157,,0.427867
openml.org/t/167119,jungle_chess_2pcs_raw_endgame_complete,RandomForest,6,0.450957,aws.docker,0.19.2,{'n_estimators': 2000},stable,2019-04-13T11:43:52,10.2,2000,3235246749,,0.773985,,0.450957
openml.org/t/167119,jungle_chess_2pcs_raw_endgame_complete,RandomForest,7,0.446327,aws.docker,0.19.2,{'n_estimators': 2000},stable,2019-04-13T11:44:20,10.1,2000,3235246750,,0.781794,,0.446327
openml.org/t/167119,jungle_chess_2pcs_raw_endgame_complete,RandomForest,8,0.430542,aws.docker,0.19.2,{'n_estimators': 2000},stable,2019-04-13T11:46:53,10.1,2000,3235246751,,0.789157,,0.430542
openml.org/t/167119,jungle_chess_2pcs_raw_endgame_complete,RandomForest,9,0.444263,aws.docker,0.19.2,{'n_estimators': 2000},stable,2019-04-13T11:46:50,10.0,2000,3235246752,,0.784423,,0.444263
openml.org/t/3945,KDDCup09_appetency,RandomForest,0,0.790759,aws.docker,0.19.2,{'n_estimators': 2000},stable,2019-04-13T11:49:01,50.7,2000,3235246743,,0.9822,0.790759,
openml.org/t/3945,KDDCup09_appetency,RandomForest,1,0.777406,aws.docker,0.19.2,{'n_estimators': 2000},stable,2019-04-13T11:49:36,50.5,2000,3235246744,,0.9822,0.777406,
openml.org/t/3945,KDDCup09_appetency,RandomForest,2,0.783891,aws.docker,0.19.2,{'n_estimators': 2000},stable,2019-04-13T11:51:55,49.7,2000,3235246745,,0.9822,0.783891,
openml.org/t/3945,KDDCup09_appetency,RandomForest,3,0.781499,aws.docker,0.19.2,{'n_estimators': 2000},stable,2019-04-13T11:52:01,50.3,2000,3235246746,,0.9822,0.781499,
openml.org/t/3945,KDDCup09_appetency,RandomForest,4,0.806435,aws.docker,0.19.2,{'n_estimators': 2000},stable,2019-04-13T11:54:16,50.5,2000,3235246747,,0.9822,0.806435,
openml.org/t/3945,KDDCup09_appetency,RandomForest,5,0.771319,aws.docker,0.19.2,{'n_estimators': 2000},stable,2019-04-13T11:54:34,49.6,2000,3235246748,,0.9822,0.771319,
openml.org/t/3945,KDDCup09_appetency,RandomForest,6,0.777329,aws.docker,0.19.2,{'n_estimators': 2000},stable,2019-04-13T11:57:05,50.4,2000,3235246749,,0.9822,0.777329,
openml.org/t/3945,KDDCup09_appetency,RandomForest,7,0.826338,aws.docker,0.19.2,{'n_estimators': 2000},stable,2019-04-13T11:57:07,50.6,2000,3235246750,,0.9822,0.826338,
openml.org/t/3945,KDDCup09_appetency,RandomForest,8,0.776123,aws.docker,0.19.2,{'n_estimators': 2000},stable,2019-04-13T11:59:09,51.1,2000,3235246751,,0.9822,0.776123,
openml.org/t/3945,KDDCup09_appetency,RandomForest,9,0.766609,aws.docker,0.19.2,{'n_estimators': 2000},stable,2019-04-13T11:59:42,49.2,2000,3235246752,,0.9822,0.766609,
openml.org/t/168335,MiniBooNE,RandomForest,1,0.98127,aws.docker,0.19.2,{'n_estimators': 2000},stable,2019-04-13T12:08:00,383.7,2000,3235246744,,0.934266,0.98127,
openml.org/t/168335,MiniBooNE,RandomForest,0,0.979966,aws.docker,0.19.2,{'n_estimators': 2000},stable,2019-04-13T12:08:06,392.2,2000,3235246743,,0.936649,0.979966,
openml.org/t/168335,MiniBooNE,RandomForest,3,0.981991,aws.docker,0.19.2,{'n_estimators': 2000},stable,2019-04-13T12:10:44,378.9,2000,3235246746,,0.938572,0.981991,
openml.org/t/168335,MiniBooNE,RandomForest,2,0.981073,aws.docker,0.19.2,{'n_estimators': 2000},stable,2019-04-13T12:11:25,384.3,2000,3235246745,,0.935035,0.981073,
openml.org/t/168335,MiniBooNE,RandomForest,5,0.980152,aws.docker,0.19.2,{'n_estimators': 2000},stable,2019-04-13T12:19:11,380.9,2000,3235246748,,0.936491,0.980152,
openml.org/t/168335,MiniBooNE,RandomForest,4,0.982204,aws.docker,0.19.2,{'n_estimators': 2000},stable,2019-04-13T12:19:06,387.3,2000,3235246747,,0.939797,0.982204,
openml.org/t/168335,MiniBooNE,RandomForest,6,0.98363,aws.docker,0.19.2,{'n_estimators': 2000},stable,2019-04-13T12:21:58,393.4,2000,3235246749,,0.943026,0.98363,
openml.org/t/168335,MiniBooNE,RandomForest,7,0.981578,aws.docker,0.19.2,{'n_estimators': 2000},stable,2019-04-13T12:22:23,392.2,2000,3235246750,,0.938029,0.981578,
openml.org/t/168335,MiniBooNE,RandomForest,8,0.981664,aws.docker,0.19.2,{'n_estimators': 2000},stable,2019-04-13T12:30:39,389.7,2000,3235246751,,0.937106,0.981664,
openml.org/t/168335,MiniBooNE,RandomForest,9,0.98311,aws.docker,0.19.2,{'n_estimators': 2000},stable,2019-04-13T12:30:14,386.4,2000,3235246752,,0.939259,0.98311,
openml.org/t/9977,nomao,RandomForest,0,0.993776,aws.docker,0.19.2,{'n_estimators': 2000},stable,2019-04-13T12:26:14,16.3,2000,3235246743,,0.970409,0.993776,
openml.org/t/9977,nomao,RandomForest,1,0.995103,aws.docker,0.19.2,{'n_estimators': 2000},stable,2019-04-13T12:26:35,16.6,2000,3235246744,,0.967798,0.995103,
openml.org/t/9977,nomao,RandomForest,2,0.994107,aws.docker,0.19.2,{'n_estimators': 2000},stable,2019-04-13T12:30:18,16.0,2000,3235246745,,0.966638,0.994107,
openml.org/t/9977,nomao,RandomForest,3,0.995603,aws.docker,0.19.2,{'n_estimators': 2000},stable,2019-04-13T12:30:37,16.1,2000,3235246746,,0.971569,0.995603,
openml.org/t/9977,nomao,RandomForest,4,0.995504,aws.docker,0.19.2,{'n_estimators': 2000},stable,2019-04-13T12:34:18,15.9,2000,3235246747,,0.970989,0.995504,
openml.org/t/9977,nomao,RandomForest,5,0.99537,aws.docker,0.19.2,{'n_estimators': 2000},stable,2019-04-13T12:34:40,16.8,2000,3235246748,,0.96895,0.99537,
openml.org/t/9977,nomao,RandomForest,6,0.99477,aws.docker,0.19.2,{'n_estimators': 2000},stable,2019-04-13T12:34:37,15.9,2000,3235246749,,0.966338,0.99477,
openml.org/t/9977,nomao,RandomForest,7,0.996036,aws.docker,0.19.2,{'n_estimators': 2000},stable,2019-04-13T12:34:40,16.1,2000,3235246750,,0.972722,0.996036,
openml.org/t/9977,nomao,RandomForest,8,0.994494,aws.docker,0.19.2,{'n_estimators': 2000},stable,2019-04-13T12:38:35,16.2,2000,3235246751,,0.96982,0.994494,
openml.org/t/9977,nomao,RandomForest,9,0.994287,aws.docker,0.19.2,{'n_estimators': 2000},stable,2019-04-13T12:38:40,15.9,2000,3235246752,,0.9704,0.994287,
openml.org/t/167120,numerai28.6,RandomForest,0,0.512503,aws.docker,0.19.2,{'n_estimators': 2000},stable,2019-04-13T12:41:18,143.9,2000,3235246743,,0.50789,0.512503,
openml.org/t/167120,numerai28.6,RandomForest,1,0.520601,aws.docker,0.19.2,{'n_estimators': 2000},stable,2019-04-13T12:41:03,146.2,2000,3235246744,,0.515469,0.520601,
openml.org/t/167120,numerai28.6,RandomForest,3,0.51193,aws.docker,0.19.2,{'n_estimators': 2000},stable,2019-04-13T12:45:03,144.3,2000,3235246746,,0.511732,0.51193,
openml.org/t/167120,numerai28.6,RandomForest,2,0.51572,aws.docker,0.19.2,{'n_estimators': 2000},stable,2019-04-13T12:44:50,141.0,2000,3235246745,,0.510694,0.51572,
openml.org/t/167120,numerai28.6,RandomForest,5,0.516068,aws.docker,0.19.2,{'n_estimators': 2000},stable,2019-04-13T12:48:07,144.1,2000,3235246748,,0.510486,0.516068,
openml.org/t/167120,numerai28.6,RandomForest,4,0.524493,aws.docker,0.19.2,{'n_estimators': 2000},stable,2019-04-13T12:48:15,147.6,2000,3235246747,,0.51983,0.524493,
openml.org/t/167120,numerai28.6,RandomForest,6,0.529857,aws.docker,0.19.2,{'n_estimators': 2000},stable,2019-04-13T12:51:09,143.8,2000,3235246749,,0.521179,0.529857,
openml.org/t/167120,numerai28.6,RandomForest,7,0.527776,aws.docker,0.19.2,{'n_estimators': 2000},stable,2019-04-13T12:51:57,144.0,2000,3235246750,,0.521595,0.527776,
openml.org/t/167120,numerai28.6,RandomForest,9,0.517303,aws.docker,0.19.2,{'n_estimators': 2000},stable,2019-04-13T12:55:09,146.0,2000,3235246752,,0.513704,0.517303,
openml.org/t/167120,numerai28.6,RandomForest,8,0.520319,aws.docker,0.19.2,{'n_estimators': 2000},stable,2019-04-13T12:54:15,142.9,2000,3235246751,,0.516196,0.520319,
openml.org/t/168338,riccardo,RandomForest,1,0.999564,aws.docker,0.19.2,{'n_estimators': 2000},stable,2019-04-13T13:22:48,346.3,2000,3235246744,,0.965,0.999564,
openml.org/t/168338,riccardo,RandomForest,0,0.998703,aws.docker,0.19.2,{'n_estimators': 2000},stable,2019-04-13T13:22:33,348.5,2000,3235246743,,0.9555,0.998703,
openml.org/t/168338,riccardo,RandomForest,2,0.999412,aws.docker,0.19.2,{'n_estimators': 2000},stable,2019-04-13T13:24:57,346.9,2000,3235246745,,0.9695,0.999412,
openml.org/t/168338,riccardo,RandomForest,4,0.998515,aws.docker,0.19.2,{'n_estimators': 2000},stable,2019-04-13T13:25:23,348.5,2000,3235246747,,0.959,0.998515,
openml.org/t/168338,riccardo,RandomForest,3,0.998886,aws.docker,0.19.2,{'n_estimators': 2000},stable,2019-04-13T13:25:38,349.0,2000,3235246746,,0.9665,0.998886,
openml.org/t/168338,riccardo,RandomForest,5,0.998711,aws.docker,0.19.2,{'n_estimators': 2000},stable,2019-04-13T13:53:55,347.0,2000,3235246748,,0.965,0.998711,
openml.org/t/168338,riccardo,RandomForest,6,0.999514,aws.docker,0.19.2,{'n_estimators': 2000},stable,2019-04-13T13:53:58,349.1,2000,3235246749,,0.9595,0.999514,
openml.org/t/168338,riccardo,RandomForest,9,0.999032,aws.docker,0.19.2,{'n_estimators': 2000},stable,2019-04-13T13:56:32,346.7,2000,3235246752,,0.9555,0.999032,
openml.org/t/168338,riccardo,RandomForest,7,0.998582,aws.docker,0.19.2,{'n_estimators': 2000},stable,2019-04-13T13:55:43,347.3,2000,3235246750,,0.96,0.998582,
openml.org/t/168338,riccardo,RandomForest,8,0.999336,aws.docker,0.19.2,{'n_estimators': 2000},stable,2019-04-13T13:55:45,349.2,2000,3235246751,,0.961,0.999336,
openml.org/t/168332,Robert,RandomForest,0,1.69147,aws.docker,0.19.2,{'n_estimators': 2000},stable,2019-04-13T14:24:17,199.6,2000,3235246743,,0.498,,1.69147
openml.org/t/168332,Robert,RandomForest,1,1.70418,aws.docker,0.19.2,{'n_estimators': 2000},stable,2019-04-13T14:24:55,199.9,2000,3235246744,,0.476,,1.70418
openml.org/t/168332,Robert,RandomForest,4,1.68038,aws.docker,0.19.2,{'n_estimators': 2000},stable,2019-04-13T14:26:41,196.5,2000,3235246747,,0.486,,1.68038
openml.org/t/168332,Robert,RandomForest,2,1.68973,aws.docker,0.19.2,{'n_estimators': 2000},stable,2019-04-13T14:27:07,196.8,2000,3235246745,,0.474,,1.68973
openml.org/t/168332,Robert,RandomForest,3,1.68799,aws.docker,0.19.2,{'n_estimators': 2000},stable,2019-04-13T14:27:09,199.1,2000,3235246746,,0.469,,1.68799
openml.org/t/168332,Robert,RandomForest,6,1.64826,aws.docker,0.19.2,{'n_estimators': 2000},stable,2019-04-13T14:54:40,196.1,2000,3235246749,,0.498,,1.64826
openml.org/t/168332,Robert,RandomForest,5,1.69649,aws.docker,0.19.2,{'n_estimators': 2000},stable,2019-04-13T14:54:53,198.4,2000,3235246748,,0.476,,1.69649
openml.org/t/168332,Robert,RandomForest,7,1.69156,aws.docker,0.19.2,{'n_estimators': 2000},stable,2019-04-13T14:58:21,201.5,2000,3235246750,,0.481,,1.69156
openml.org/t/168332,Robert,RandomForest,8,1.6923,aws.docker,0.19.2,{'n_estimators': 2000},stable,2019-04-13T14:58:29,199.0,2000,3235246751,,0.479,,1.6923
openml.org/t/168332,Robert,RandomForest,9,1.69393,aws.docker,0.19.2,{'n_estimators': 2000},stable,2019-04-13T14:58:26,196.5,2000,3235246752,,0.48,,1.69393
openml.org/t/146212,Shuttle,RandomForest,0,0.000689117,aws.docker,0.19.2,{'n_estimators': 2000},stable,2019-04-13T14:58:48,9.3,2000,3235246743,,0.999828,,0.000689117
openml.org/t/146212,Shuttle,RandomForest,1,0.000767987,aws.docker,0.19.2,{'n_estimators': 2000},stable,2019-04-13T14:59:22,9.4,2000,3235246744,,0.999828,,0.000767987
openml.org/t/146212,Shuttle,RandomForest,3,0.000631255,aws.docker,0.19.2,{'n_estimators': 2000},stable,2019-04-13T15:02:59,9.4,2000,3235246746,,0.999828,,0.000631255
openml.org/t/146212,Shuttle,RandomForest,2,0.000562059,aws.docker,0.19.2,{'n_estimators': 2000},stable,2019-04-13T15:02:21,9.3,2000,3235246745,,1.0,,0.000562059
openml.org/t/146212,Shuttle,RandomForest,4,0.000788291,aws.docker,0.19.2,{'n_estimators': 2000},stable,2019-04-13T15:03:05,9.4,2000,3235246747,,1.0,,0.000788291
openml.org/t/146212,Shuttle,RandomForest,5,0.000777365,aws.docker,0.19.2,{'n_estimators': 2000},stable,2019-04-13T15:02:59,9.3,2000,3235246748,,0.999828,,0.000777365
openml.org/t/146212,Shuttle,RandomForest,6,0.000555191,aws.docker,0.19.2,{'n_estimators': 2000},stable,2019-04-13T15:03:33,9.3,2000,3235246749,,1.0,,0.000555191
openml.org/t/146212,Shuttle,RandomForest,7,0.000805008,aws.docker,0.19.2,{'n_estimators': 2000},stable,2019-04-13T15:06:54,9.3,2000,3235246750,,1.0,,0.000805008
openml.org/t/146212,Shuttle,RandomForest,8,0.00146091,aws.docker,0.19.2,{'n_estimators': 2000},stable,2019-04-13T15:07:27,9.3,2000,3235246751,,0.999655,,0.00146091
openml.org/t/146212,Shuttle,RandomForest,9,0.000675849,aws.docker,0.19.2,{'n_estimators': 2000},stable,2019-04-13T15:08:09,9.2,2000,3235246752,,1.0,,0.000675849
openml.org/t/168331,Volkert,RandomForest,0,0.988148,aws.docker,0.19.2,{'n_estimators': 2000},stable,2019-04-13T15:10:16,155.6,2000,3235246743,,0.661636,,0.988148
openml.org/t/168331,Volkert,RandomForest,1,0.979619,aws.docker,0.19.2,{'n_estimators': 2000},stable,2019-04-13T15:10:44,152.3,2000,3235246744,,0.677414,,0.979619
openml.org/t/168331,Volkert,RandomForest,2,0.980793,aws.docker,0.19.2,{'n_estimators': 2000},stable,2019-04-13T15:14:16,152.8,2000,3235246745,,0.674327,,0.980793
openml.org/t/168331,Volkert,RandomForest,3,0.993565,aws.docker,0.19.2,{'n_estimators': 2000},stable,2019-04-13T15:14:16,155.5,2000,3235246746,,0.682559,,0.993565
openml.org/t/168331,Volkert,RandomForest,4,0.970973,aws.docker,0.19.2,{'n_estimators': 2000},stable,2019-04-13T15:15:12,152.0,2000,3235246747,,0.687704,,0.970973
openml.org/t/168331,Volkert,RandomForest,5,0.98403,aws.docker,0.19.2,{'n_estimators': 2000},stable,2019-04-13T15:17:39,154.1,2000,3235246748,,0.674155,,0.98403
openml.org/t/168331,Volkert,RandomForest,6,0.964559,aws.docker,0.19.2,{'n_estimators': 2000},stable,2019-04-13T15:17:47,151.4,2000,3235246749,,0.688561,,0.964559
openml.org/t/168331,Volkert,RandomForest,8,0.976749,aws.docker,0.19.2,{'n_estimators': 2000},stable,2019-04-13T15:21:11,149.7,2000,3235246751,,0.67467,,0.976749
openml.org/t/168331,Volkert,RandomForest,7,0.976422,aws.docker,0.19.2,{'n_estimators': 2000},stable,2019-04-13T15:21:26,155.9,2000,3235246750,,0.673812,,0.976422
openml.org/t/168331,Volkert,RandomForest,9,0.981928,aws.docker,0.19.2,{'n_estimators': 2000},stable,2019-04-13T15:22:21,152.6,2000,3235246752,,0.677928,,0.981928
openml.org/t/7592,adult,TunedRandomForest,0,0.911097,aws.docker,0.19.2,{'n_estimators': 2000},stable,2019-04-13T15:47:13,1261.3,2000,1555012728,,0.862436,0.911097,
openml.org/t/7592,adult,TunedRandomForest,1,0.904438,aws.docker,0.19.2,{'n_estimators': 2000},stable,2019-04-13T15:47:20,1265.5,2000,1555012729,,0.854248,0.904438,
openml.org/t/7592,adult,TunedRandomForest,2,0.909079,aws.docker,0.19.2,{'n_estimators': 2000},stable,2019-04-13T15:47:22,1257.5,2000,1555012730,,0.860156,0.909079,
openml.org/t/7592,adult,TunedRandomForest,3,0.907214,aws.docker,0.19.2,{'n_estimators': 2000},stable,2019-04-13T15:47:30,1259.8,2000,1555012731,,0.851556,0.907214,
openml.org/t/7592,adult,TunedRandomForest,4,0.907451,aws.docker,0.19.2,{'n_estimators': 2000},stable,2019-04-13T15:47:29,1260.3,2000,1555012732,,0.861589,0.907451,
openml.org/t/7592,adult,TunedRandomForest,5,0.907226,aws.docker,0.19.2,{'n_estimators': 2000},stable,2019-04-13T16:12:22,1253.8,2000,1555012733,,0.858108,0.907226,
openml.org/t/7592,adult,TunedRandomForest,6,0.90498,aws.docker,0.19.2,{'n_estimators': 2000},stable,2019-04-13T16:12:33,1255.7,2000,1555012734,,0.852785,0.90498,
openml.org/t/7592,adult,TunedRandomForest,7,0.911922,aws.docker,0.19.2,{'n_estimators': 2000},stable,2019-04-13T16:12:50,1268.2,2000,1555012735,,0.85688,0.911922,
openml.org/t/7592,adult,TunedRandomForest,8,0.916978,aws.docker,0.19.2,{'n_estimators': 2000},stable,2019-04-13T16:12:41,1262.6,2000,1555012736,,0.863022,0.916978,
openml.org/t/7592,adult,TunedRandomForest,9,0.911929,aws.docker,0.19.2,{'n_estimators': 2000},stable,2019-04-13T16:12:50,1262.5,2000,1555012737,,0.859541,0.911929,
openml.org/t/34539,Amazon_employee_access,TunedRandomForest,2,0.853305,aws.docker,0.19.2,{'n_estimators': 2000},stable,2019-04-13T16:30:20,809.7,2000,1555012730,,0.948734,0.853305,
openml.org/t/34539,Amazon_employee_access,TunedRandomForest,1,0.854634,aws.docker,0.19.2,{'n_estimators': 2000},stable,2019-04-13T16:30:10,805.2,2000,1555012729,,0.951175,0.854634,
openml.org/t/34539,Amazon_employee_access,TunedRandomForest,3,0.865275,aws.docker,0.19.2,{'n_estimators': 2000},stable,2019-04-13T16:30:26,812.4,2000,1555012731,,0.948123,0.865275,
openml.org/t/34539,Amazon_employee_access,TunedRandomForest,4,0.85796,aws.docker,0.19.2,{'n_estimators': 2000},stable,2019-04-13T16:30:39,823.2,2000,1555012732,,0.950565,0.85796,
openml.org/t/34539,Amazon_employee_access,TunedRandomForest,0,0.886729,aws.docker,0.19.2,{'n_estimators': 2000},stable,2019-04-13T16:31:21,808.8,2000,1555012728,,0.948428,0.886729,
openml.org/t/34539,Amazon_employee_access,TunedRandomForest,5,0.868886,aws.docker,0.19.2,{'n_estimators': 2000},stable,2019-04-13T16:47:38,803.0,2000,1555012733,,0.942936,0.868886,
openml.org/t/34539,Amazon_employee_access,TunedRandomForest,6,0.862801,aws.docker,0.19.2,{'n_estimators': 2000},stable,2019-04-13T16:47:24,805.3,2000,1555012734,,0.949039,0.862801,
openml.org/t/34539,Amazon_employee_access,TunedRandomForest,8,0.871328,aws.docker,0.19.2,{'n_estimators': 2000},stable,2019-04-13T16:47:38,811.7,2000,1555012736,,0.950565,0.871328,
openml.org/t/34539,Amazon_employee_access,TunedRandomForest,7,0.836364,aws.docker,0.19.2,{'n_estimators': 2000},stable,2019-04-13T16:47:43,813.6,2000,1555012735,,0.948123,0.836364,
openml.org/t/34539,Amazon_employee_access,TunedRandomForest,9,0.871056,aws.docker,0.19.2,{'n_estimators': 2000},stable,2019-04-13T16:48:48,807.0,2000,1555012737,,0.948413,0.871056,
openml.org/t/168868,APSFailure,TunedRandomForest,1,0.99022,aws.docker,0.19.2,{'n_estimators': 2000},stable,2019-04-13T17:44:00,3117.5,2000,1555012729,,0.991447,0.99022,
openml.org/t/168868,APSFailure,TunedRandomForest,4,0.991169,aws.docker,0.19.2,{'n_estimators': 2000},stable,2019-04-13T17:45:14,3082.8,2000,1555012732,,0.992632,0.991169,
openml.org/t/168868,APSFailure,TunedRandomForest,2,0.991593,aws.docker,0.19.2,{'n_estimators': 2000},stable,2019-04-13T17:45:44,3223.9,2000,1555012730,,0.993289,0.991593,
openml.org/t/168868,APSFailure,TunedRandomForest,3,0.983518,aws.docker,0.19.2,{'n_estimators': 2000},stable,2019-04-13T17:46:46,3221.4,2000,1555012731,,0.994737,0.983518,
openml.org/t/168868,APSFailure,TunedRandomForest,0,0.988796,aws.docker,0.19.2,{'n_estimators': 2000},stable,2019-04-13T17:47:38,3337.8,2000,1555012728,,0.995263,0.988796,
openml.org/t/168868,APSFailure,TunedRandomForest,5,0.994822,aws.docker,0.19.2,{'n_estimators': 2000},stable,2019-04-13T18:40:27,3118.3,2000,1555012733,,0.992763,0.994822,
openml.org/t/168868,APSFailure,TunedRandomForest,6,0.992528,aws.docker,0.19.2,{'n_estimators': 2000},stable,2019-04-13T18:41:46,3082.6,2000,1555012734,,0.994342,0.992528,
openml.org/t/168868,APSFailure,TunedRandomForest,8,0.990218,aws.docker,0.19.2,{'n_estimators': 2000},stable,2019-04-13T18:43:37,3117.4,2000,1555012736,,0.994342,0.990218,
openml.org/t/168868,APSFailure,TunedRandomForest,9,0.992283,aws.docker,0.19.2,{'n_estimators': 2000},stable,2019-04-13T18:44:33,3116.6,2000,1555012737,,0.994474,0.992283,
openml.org/t/168868,APSFailure,TunedRandomForest,7,0.992577,aws.docker,0.19.2,{'n_estimators': 2000},stable,2019-04-13T18:44:22,3221.1,2000,1555012735,,0.994737,0.992577,
openml.org/t/14965,bank-marketing,TunedRandomForest,0,0.931936,aws.docker,0.19.2,{'n_estimators': 2000},stable,2019-04-13T19:04:59,1246.9,2000,1555012728,,0.904688,0.931936,
openml.org/t/14965,bank-marketing,TunedRandomForest,1,0.926194,aws.docker,0.19.2,{'n_estimators': 2000},stable,2019-04-13T19:06:49,1237.4,2000,1555012729,,0.902676,0.926194,
openml.org/t/14965,bank-marketing,TunedRandomForest,2,0.939086,aws.docker,0.19.2,{'n_estimators': 2000},stable,2019-04-13T19:08:06,1244.0,2000,1555012730,,0.913957,0.939086,
openml.org/t/14965,bank-marketing,TunedRandomForest,3,0.930068,aws.docker,0.19.2,{'n_estimators': 2000},stable,2019-04-13T19:09:05,1246.9,2000,1555012731,,0.905994,0.930068,
openml.org/t/14965,bank-marketing,TunedRandomForest,4,0.933666,aws.docker,0.19.2,{'n_estimators': 2000},stable,2019-04-13T19:09:14,1254.0,2000,1555012732,,0.906215,0.933666,
openml.org/t/14965,bank-marketing,TunedRandomForest,5,0.923879,aws.docker,0.19.2,{'n_estimators': 2000},stable,2019-04-13T19:30:23,1245.6,2000,1555012733,,0.905109,0.923879,
openml.org/t/14965,bank-marketing,TunedRandomForest,6,0.916925,aws.docker,0.19.2,{'n_estimators': 2000},stable,2019-04-13T19:30:36,1209.1,2000,1555012734,,0.899801,0.916925,
openml.org/t/14965,bank-marketing,TunedRandomForest,7,0.936318,aws.docker,0.19.2,{'n_estimators': 2000},stable,2019-04-13T19:32:18,1240.2,2000,1555012735,,0.901349,0.936318,
openml.org/t/14965,bank-marketing,TunedRandomForest,8,0.931417,aws.docker,0.19.2,{'n_estimators': 2000},stable,2019-04-13T19:34:12,1239.3,2000,1555012736,,0.909754,0.931417,
openml.org/t/14965,bank-marketing,TunedRandomForest,9,0.937365,aws.docker,0.19.2,{'n_estimators': 2000},stable,2019-04-13T19:34:30,1251.8,2000,1555012737,,0.910197,0.937365,
openml.org/t/146195,connect-4,TunedRandomForest,0,0.478667,aws.docker,0.19.2,{'n_estimators': 2000},stable,2019-04-13T20:00:04,1575.4,2000,1555012728,,0.819864,,0.478667
openml.org/t/146195,connect-4,TunedRandomForest,1,0.482782,aws.docker,0.19.2,{'n_estimators': 2000},stable,2019-04-13T20:01:06,1572.2,2000,1555012729,,0.8172,,0.482782
openml.org/t/146195,connect-4,TunedRandomForest,2,0.471727,aws.docker,0.19.2,{'n_estimators': 2000},stable,2019-04-13T20:02:59,1531.2,2000,1555012730,,0.826525,,0.471727
openml.org/t/146195,connect-4,TunedRandomForest,3,0.480498,aws.docker,0.19.2,{'n_estimators': 2000},stable,2019-04-13T20:04:13,1577.5,2000,1555012731,,0.819864,,0.480498
openml.org/t/146195,connect-4,TunedRandomForest,4,0.473126,aws.docker,0.19.2,{'n_estimators': 2000},stable,2019-04-13T20:05:40,1593.7,2000,1555012732,,0.826081,,0.473126
openml.org/t/146195,connect-4,TunedRandomForest,5,0.477755,aws.docker,0.19.2,{'n_estimators': 2000},stable,2019-04-13T20:30:09,1564.9,2000,1555012733,,0.816163,,0.477755
openml.org/t/146195,connect-4,TunedRandomForest,6,0.483623,aws.docker,0.19.2,{'n_estimators': 2000},stable,2019-04-13T20:31:00,1562.9,2000,1555012734,,0.817644,,0.483623
openml.org/t/146195,connect-4,TunedRandomForest,8,0.476644,aws.docker,0.19.2,{'n_estimators': 2000},stable,2019-04-13T20:33:41,1535.4,2000,1555012736,,0.818653,,0.476644
openml.org/t/146195,connect-4,TunedRandomForest,7,0.476087,aws.docker,0.19.2,{'n_estimators': 2000},stable,2019-04-13T20:33:18,1563.9,2000,1555012735,,0.820281,,0.476087
openml.org/t/146195,connect-4,TunedRandomForest,9,0.479137,aws.docker,0.19.2,{'n_estimators': 2000},stable,2019-04-13T20:35:10,1559.0,2000,1555012737,,0.822798,,0.479137
openml.org/t/146825,Fashion-MNIST,TunedRandomForest,0,0.362645,aws.docker,0.19.2,{'n_estimators': 2000},stable,2019-04-13T21:32:37,3350.6,2000,1555012728,,0.885286,,0.362645
openml.org/t/146825,Fashion-MNIST,TunedRandomForest,1,0.358286,aws.docker,0.19.2,{'n_estimators': 2000},stable,2019-04-13T21:33:30,3349.3,2000,1555012729,,0.885143,,0.358286
openml.org/t/146825,Fashion-MNIST,TunedRandomForest,3,0.360846,aws.docker,0.19.2,{'n_estimators': 2000},stable,2019-04-13T21:35:39,3348.0,2000,1555012731,,0.892,,0.360846
openml.org/t/146825,Fashion-MNIST,TunedRandomForest,2,0.362991,aws.docker,0.19.2,{'n_estimators': 2000},stable,2019-04-13T21:35:38,3348.2,2000,1555012730,,0.886,,0.362991
openml.org/t/146825,Fashion-MNIST,TunedRandomForest,4,0.359169,aws.docker,0.19.2,{'n_estimators': 2000},stable,2019-04-13T21:37:37,3349.2,2000,1555012732,,0.888857,,0.359169
openml.org/t/146825,Fashion-MNIST,TunedRandomForest,5,0.363274,aws.docker,0.19.2,{'n_estimators': 2000},stable,2019-04-16T13:43:26,3348.3,2000,1804720512,,0.884,,0.363274
openml.org/t/146825,Fashion-MNIST,TunedRandomForest,6,0.34935,aws.docker,0.19.2,{'n_estimators': 2000},stable,2019-04-16T13:43:29,3349.9,2000,1804720513,,0.890857,,0.34935
openml.org/t/146825,Fashion-MNIST,TunedRandomForest,7,0.361781,aws.docker,0.19.2,{'n_estimators': 2000},stable,2019-04-16T13:43:54,3348.0,2000,1804720514,,0.887286,,0.361781
openml.org/t/146825,Fashion-MNIST,TunedRandomForest,8,0.374257,aws.docker,0.19.2,{'n_estimators': 2000},stable,2019-04-16T13:43:44,3349.8,2000,1804720515,,0.886,,0.374257
openml.org/t/146825,Fashion-MNIST,TunedRandomForest,9,0.364093,aws.docker,0.19.2,{'n_estimators': 2000},stable,2019-04-16T13:43:50,3348.9,2000,1804720516,,0.885714,,0.364093
openml.org/t/168337,guiellermo,TunedRandomForest,6,0.90943,aws.docker,0.19.2,{'n_estimators': 2000},stable,2019-04-15T20:55:34,3289.9,2000,3535241604,,0.828,0.90943,
openml.org/t/168337,guiellermo,TunedRandomForest,9,0.910367,aws.docker,0.19.2,{'n_estimators': 2000},stable,2019-04-15T20:55:20,3287.0,2000,3535241607,,0.824,0.910367,
openml.org/t/168337,guiellermo,TunedRandomForest,0,0.901259,aws.docker,0.19.2,{'n_estimators': 2000},stable,2019-04-15T20:55:22,3294.4,2000,3535241598,,0.82,0.901259,
openml.org/t/168337,guiellermo,TunedRandomForest,1,0.890713,aws.docker,0.19.2,{'n_estimators': 2000},stable,2019-04-15T20:55:24,3286.1,2000,3535241599,,0.8115,0.890713,
openml.org/t/168337,guiellermo,TunedRandomForest,2,0.918818,aws.docker,0.19.2,{'n_estimators': 2000},stable,2019-04-15T20:55:31,3286.4,2000,3535241600,,0.826,0.918818,
openml.org/t/168337,guiellermo,TunedRandomForest,3,0.903623,aws.docker,0.19.2,{'n_estimators': 2000},stable,2019-04-15T20:55:53,3300.9,2000,3535241601,,0.822,0.903623,
openml.org/t/168337,guiellermo,TunedRandomForest,4,0.905916,aws.docker,0.19.2,{'n_estimators': 2000},stable,2019-04-15T20:55:41,3291.9,2000,3535241602,,0.8285,0.905916,
openml.org/t/168337,guiellermo,TunedRandomForest,5,0.899262,aws.docker,0.19.2,{'n_estimators': 2000},stable,2019-04-15T20:56:06,3299.8,2000,3535241603,,0.8225,0.899262,
openml.org/t/168337,guiellermo,TunedRandomForest,7,0.893958,aws.docker,0.19.2,{'n_estimators': 2000},stable,2019-04-15T20:56:32,3293.9,2000,3535241605,,0.8185,0.893958,
openml.org/t/168337,guiellermo,TunedRandomForest,8,0.894222,aws.docker,0.19.2,{'n_estimators': 2000},stable,2019-04-15T20:56:52,3290.3,2000,3535241606,,0.817,0.894222,
openml.org/t/168329,Helena,TunedRandomForest,0,3.5715,aws.docker,0.19.2,"{'n_estimators': 500, '_n_jobs': 1}",stable,2019-04-19T12:41:08,3186.2,500,1417149114,,0.35,,3.5715
openml.org/t/168329,Helena,TunedRandomForest,1,3.51737,aws.docker,0.19.2,"{'n_estimators': 500, '_n_jobs': 1}",stable,2019-04-19T12:41:03,3190.0,500,1417149115,,0.353374,,3.51737
openml.org/t/168329,Helena,TunedRandomForest,2,3.59683,aws.docker,0.19.2,"{'n_estimators': 500, '_n_jobs': 1}",stable,2019-04-19T12:41:13,3190.1,500,1417149116,,0.351227,,3.59683
openml.org/t/168329,Helena,TunedRandomForest,3,3.51526,aws.docker,0.19.2,"{'n_estimators': 500, '_n_jobs': 1}",stable,2019-04-19T12:41:22,3191.4,500,1417149117,,0.352147,,3.51526
openml.org/t/168329,Helena,TunedRandomForest,4,3.60596,aws.docker,0.19.2,"{'n_estimators': 500, '_n_jobs': 1}",stable,2019-04-19T12:41:16,3189.4,500,1417149118,,0.359663,,3.60596
openml.org/t/168329,Helena,TunedRandomForest,5,3.54339,aws.docker,0.19.2,"{'n_estimators': 500, '_n_jobs': 1}",stable,2019-04-19T12:41:19,3188.4,500,1417149119,,0.353988,,3.54339
openml.org/t/168329,Helena,TunedRandomForest,6,3.55068,aws.docker,0.19.2,"{'n_estimators': 500, '_n_jobs': 1}",stable,2019-04-19T12:41:34,3189.7,500,1417149120,,0.350974,,3.55068
openml.org/t/168329,Helena,TunedRandomForest,8,3.55512,aws.docker,0.19.2,"{'n_estimators': 500, '_n_jobs': 1}",stable,2019-04-19T12:41:42,3190.6,500,1417149122,,0.351894,,3.55512
openml.org/t/168329,Helena,TunedRandomForest,9,3.54952,aws.docker,0.19.2,"{'n_estimators': 500, '_n_jobs': 1}",stable,2019-04-19T12:41:44,3191.3,500,1417149123,,0.354349,,3.54952
openml.org/t/168329,Helena,TunedRandomForest,7,3.58287,aws.docker,0.19.2,"{'n_estimators': 500, '_n_jobs': 1}",stable,2019-04-19T12:43:27,3189.9,500,1417149121,,0.344992,,3.58287
openml.org/t/146606,higgs,TunedRandomForest,3,0.805119,aws.docker,0.19.2,{'n_estimators': 2000},stable,2019-04-15T21:53:38,3222.5,2000,3535241601,,0.725854,0.805119,
openml.org/t/146606,higgs,TunedRandomForest,6,0.805768,aws.docker,0.19.2,{'n_estimators': 2000},stable,2019-04-15T21:53:54,3223.0,2000,3535241604,,0.726874,0.805768,
openml.org/t/146606,higgs,TunedRandomForest,7,0.793353,aws.docker,0.19.2,{'n_estimators': 2000},stable,2019-04-15T21:53:58,3223.3,2000,3535241605,,0.716369,0.793353,
openml.org/t/146606,higgs,TunedRandomForest,0,0.805839,aws.docker,0.19.2,{'n_estimators': 2000},stable,2019-04-15T21:53:06,3224.1,2000,3535241598,,0.727588,0.805839,
openml.org/t/146606,higgs,TunedRandomForest,1,0.797911,aws.docker,0.19.2,{'n_estimators': 2000},stable,2019-04-15T21:53:43,3222.3,2000,3535241599,,0.720347,0.797911,
openml.org/t/146606,higgs,TunedRandomForest,2,0.803615,aws.docker,0.19.2,{'n_estimators': 2000},stable,2019-04-15T21:53:53,3223.0,2000,3535241600,,0.725242,0.803615,
openml.org/t/146606,higgs,TunedRandomForest,4,0.807424,aws.docker,0.19.2,{'n_estimators': 2000},stable,2019-04-15T21:54:07,3221.8,2000,3535241602,,0.725854,0.807424,
openml.org/t/146606,higgs,TunedRandomForest,5,0.805087,aws.docker,0.19.2,{'n_estimators': 2000},stable,2019-04-15T21:53:59,3226.0,2000,3535241603,,0.724834,0.805087,
openml.org/t/146606,higgs,TunedRandomForest,8,0.793344,aws.docker,0.19.2,{'n_estimators': 2000},stable,2019-04-15T21:54:27,3221.6,2000,3535241606,,0.717083,0.793344,
openml.org/t/146606,higgs,TunedRandomForest,9,0.811958,aws.docker,0.19.2,{'n_estimators': 2000},stable,2019-04-15T21:54:18,3224.6,2000,3535241607,,0.73126,0.811958,
openml.org/t/168330,Jannis,TunedRandomForest,0,0.73064,aws.docker,0.19.2,{'n_estimators': 2000},stable,2019-04-15T22:52:22,3291.0,2000,3535241598,,0.704323,,0.73064
openml.org/t/168330,Jannis,TunedRandomForest,1,0.726783,aws.docker,0.19.2,{'n_estimators': 2000},stable,2019-04-15T22:52:43,3290.1,2000,3535241599,,0.714593,,0.726783
openml.org/t/168330,Jannis,TunedRandomForest,2,0.723108,aws.docker,0.19.2,{'n_estimators': 2000},stable,2019-04-15T22:52:44,3290.2,2000,3535241600,,0.713757,,0.723108
openml.org/t/168330,Jannis,TunedRandomForest,3,0.721883,aws.docker,0.19.2,{'n_estimators': 2000},stable,2019-04-15T22:52:51,3293.3,2000,3535241601,,0.708707,,0.721883
openml.org/t/168330,Jannis,TunedRandomForest,4,0.728477,aws.docker,0.19.2,{'n_estimators': 2000},stable,2019-04-15T22:53:01,3291.2,2000,3535241602,,0.715275,,0.728477
openml.org/t/168330,Jannis,TunedRandomForest,5,0.729649,aws.docker,0.19.2,{'n_estimators': 2000},stable,2019-04-15T22:53:13,3290.4,2000,3535241603,,0.713723,,0.729649
openml.org/t/168330,Jannis,TunedRandomForest,6,0.732377,aws.docker,0.19.2,{'n_estimators': 2000},stable,2019-04-15T22:53:31,3290.5,2000,3535241604,,0.71014,,0.732377
openml.org/t/168330,Jannis,TunedRandomForest,7,0.727361,aws.docker,0.19.2,{'n_estimators': 2000},stable,2019-04-15T22:53:25,3289.6,2000,3535241605,,0.711334,,0.727361
openml.org/t/168330,Jannis,TunedRandomForest,8,0.726219,aws.docker,0.19.2,{'n_estimators': 2000},stable,2019-04-15T22:53:57,3291.8,2000,3535241606,,0.718858,,0.726219
openml.org/t/168330,Jannis,TunedRandomForest,9,0.738652,aws.docker,0.19.2,{'n_estimators': 2000},stable,2019-04-15T22:54:01,3293.9,2000,3535241607,,0.70166,,0.738652
openml.org/t/167119,jungle_chess_2pcs_raw_endgame_complete,TunedRandomForest,0,0.400734,aws.docker,0.19.2,{'n_estimators': 2000},stable,2019-04-15T23:01:41,315.3,2000,3535241598,,0.799197,,0.400734
openml.org/t/167119,jungle_chess_2pcs_raw_endgame_complete,TunedRandomForest,1,0.416047,aws.docker,0.19.2,{'n_estimators': 2000},stable,2019-04-15T23:02:00,313.1,2000,3535241599,,0.793842,,0.416047
openml.org/t/167119,jungle_chess_2pcs_raw_endgame_complete,TunedRandomForest,3,0.392071,aws.docker,0.19.2,{'n_estimators': 2000},stable,2019-04-15T23:02:05,315.8,2000,3535241601,,0.799866,,0.392071
openml.org/t/167119,jungle_chess_2pcs_raw_endgame_complete,TunedRandomForest,2,0.39433,aws.docker,0.19.2,{'n_estimators': 2000},stable,2019-04-15T23:02:11,316.6,2000,3535241600,,0.801651,,0.39433
openml.org/t/167119,jungle_chess_2pcs_raw_endgame_complete,TunedRandomForest,4,0.395437,aws.docker,0.19.2,{'n_estimators': 2000},stable,2019-04-15T23:02:31,315.2,2000,3535241602,,0.799643,,0.395437
openml.org/t/167119,jungle_chess_2pcs_raw_endgame_complete,TunedRandomForest,5,0.399684,aws.docker,0.19.2,{'n_estimators': 2000},stable,2019-04-15T23:02:36,313.3,2000,3535241603,,0.797412,,0.399684
openml.org/t/167119,jungle_chess_2pcs_raw_endgame_complete,TunedRandomForest,6,0.412803,aws.docker,0.19.2,{'n_estimators': 2000},stable,2019-04-15T23:02:41,314.4,2000,3535241604,,0.794065,,0.412803
openml.org/t/167119,jungle_chess_2pcs_raw_endgame_complete,TunedRandomForest,7,0.408472,aws.docker,0.19.2,{'n_estimators': 2000},stable,2019-04-15T23:02:54,314.6,2000,3535241605,,0.79942,,0.408472
openml.org/t/167119,jungle_chess_2pcs_raw_endgame_complete,TunedRandomForest,8,0.39052,aws.docker,0.19.2,{'n_estimators': 2000},stable,2019-04-15T23:03:19,316.9,2000,3535241606,,0.803659,,0.39052
openml.org/t/167119,jungle_chess_2pcs_raw_endgame_complete,TunedRandomForest,9,0.406848,aws.docker,0.19.2,{'n_estimators': 2000},stable,2019-04-15T23:03:22,323.9,2000,3535241607,,0.798929,,0.406848
openml.org/t/3945,KDDCup09_appetency,TunedRandomForest,2,0.787986,aws.docker,0.19.2,{'n_estimators': 2000},stable,2019-04-15T23:58:04,3100.7,2000,3535241600,,0.9822,0.787986,
openml.org/t/3945,KDDCup09_appetency,TunedRandomForest,0,0.788555,aws.docker,0.19.2,{'n_estimators': 2000},stable,2019-04-15T23:57:46,3111.2,2000,3535241598,,0.9822,0.788555,
openml.org/t/3945,KDDCup09_appetency,TunedRandomForest,1,0.779464,aws.docker,0.19.2,{'n_estimators': 2000},stable,2019-04-15T23:57:53,3101.0,2000,3535241599,,0.9822,0.779464,
openml.org/t/3945,KDDCup09_appetency,TunedRandomForest,3,0.781718,aws.docker,0.19.2,{'n_estimators': 2000},stable,2019-04-15T23:58:38,3110.4,2000,3535241601,,0.9822,0.781718,
openml.org/t/3945,KDDCup09_appetency,TunedRandomForest,4,0.812401,aws.docker,0.19.2,{'n_estimators': 2000},stable,2019-04-15T23:58:24,3110.6,2000,3535241602,,0.9822,0.812401,
openml.org/t/3945,KDDCup09_appetency,TunedRandomForest,5,0.76947,aws.docker,0.19.2,{'n_estimators': 2000},stable,2019-04-15T23:58:39,3109.9,2000,3535241603,,0.9822,0.76947,
openml.org/t/3945,KDDCup09_appetency,TunedRandomForest,6,0.782029,aws.docker,0.19.2,{'n_estimators': 2000},stable,2019-04-15T23:58:53,3109.9,2000,3535241604,,0.9822,0.782029,
openml.org/t/3945,KDDCup09_appetency,TunedRandomForest,7,0.82042,aws.docker,0.19.2,{'n_estimators': 2000},stable,2019-04-15T23:58:59,3112.3,2000,3535241605,,0.9822,0.82042,
openml.org/t/3945,KDDCup09_appetency,TunedRandomForest,8,0.770576,aws.docker,0.19.2,{'n_estimators': 2000},stable,2019-04-15T23:59:44,3110.8,2000,3535241606,,0.9822,0.770576,
openml.org/t/3945,KDDCup09_appetency,TunedRandomForest,9,0.763693,aws.docker,0.19.2,{'n_estimators': 2000},stable,2019-04-15T23:59:14,3109.1,2000,3535241607,,0.9822,0.763693,
openml.org/t/168335,MiniBooNE,TunedRandomForest,0,0.979967,aws.docker,0.19.2,{'n_estimators': 2000},stable,2019-04-16T00:59:25,3441.2,2000,3535241598,,0.936726,0.979967,
openml.org/t/168335,MiniBooNE,TunedRandomForest,1,0.981124,aws.docker,0.19.2,{'n_estimators': 2000},stable,2019-04-16T01:00:01,3445.8,2000,3535241599,,0.934036,0.981124,
openml.org/t/168335,MiniBooNE,TunedRandomForest,2,0.981042,aws.docker,0.19.2,{'n_estimators': 2000},stable,2019-04-16T01:00:19,3448.4,2000,3535241600,,0.935035,0.981042,
openml.org/t/168335,MiniBooNE,TunedRandomForest,3,0.982047,aws.docker,0.19.2,{'n_estimators': 2000},stable,2019-04-16T01:00:32,3445.2,2000,3535241601,,0.939263,0.982047,
openml.org/t/168335,MiniBooNE,TunedRandomForest,9,0.983057,aws.docker,0.19.2,{'n_estimators': 2000},stable,2019-04-16T01:01:29,3446.3,2000,3535241607,,0.939951,0.983057,
openml.org/t/168335,MiniBooNE,TunedRandomForest,4,0.982185,aws.docker,0.19.2,{'n_estimators': 2000},stable,2019-04-16T01:00:36,3444.9,2000,3535241602,,0.93972,0.982185,
openml.org/t/168335,MiniBooNE,TunedRandomForest,6,0.983601,aws.docker,0.19.2,{'n_estimators': 2000},stable,2019-04-16T01:01:10,3447.3,2000,3535241604,,0.943257,0.983601,
openml.org/t/168335,MiniBooNE,TunedRandomForest,7,0.981596,aws.docker,0.19.2,{'n_estimators': 2000},stable,2019-04-16T01:01:20,3449.2,2000,3535241605,,0.937567,0.981596,
openml.org/t/168335,MiniBooNE,TunedRandomForest,8,0.981693,aws.docker,0.19.2,{'n_estimators': 2000},stable,2019-04-16T01:01:48,3452.4,2000,3535241606,,0.93726,0.981693,
openml.org/t/168335,MiniBooNE,TunedRandomForest,5,0.980182,aws.docker,0.19.2,{'n_estimators': 2000},stable,2019-04-16T01:02:24,3446.9,2000,3535241603,,0.936798,0.980182,
openml.org/t/9977,nomao,TunedRandomForest,1,0.995078,aws.docker,0.19.2,{'n_estimators': 2000},stable,2019-04-16T01:47:46,2596.9,2000,3535241599,,0.970119,0.995078,
openml.org/t/9977,nomao,TunedRandomForest,4,0.99554,aws.docker,0.19.2,{'n_estimators': 2000},stable,2019-04-16T01:48:21,2590.4,2000,3535241602,,0.970989,0.99554,
openml.org/t/9977,nomao,TunedRandomForest,0,0.994061,aws.docker,0.19.2,{'n_estimators': 2000},stable,2019-04-16T01:47:51,2628.7,2000,3535241598,,0.969539,0.994061,
openml.org/t/9977,nomao,TunedRandomForest,7,0.995914,aws.docker,0.19.2,{'n_estimators': 2000},stable,2019-04-16T01:49:14,2585.8,2000,3535241605,,0.971271,0.995914,
openml.org/t/9977,nomao,TunedRandomForest,2,0.994197,aws.docker,0.19.2,{'n_estimators': 2000},stable,2019-04-16T01:48:17,2612.1,2000,3535241600,,0.966638,0.994197,
openml.org/t/9977,nomao,TunedRandomForest,5,0.995544,aws.docker,0.19.2,{'n_estimators': 2000},stable,2019-04-16T01:49:10,2627.6,2000,3535241603,,0.9704,0.995544,
openml.org/t/9977,nomao,TunedRandomForest,6,0.995069,aws.docker,0.19.2,{'n_estimators': 2000},stable,2019-04-16T01:49:24,2624.1,2000,3535241604,,0.967208,0.995069,
openml.org/t/9977,nomao,TunedRandomForest,8,0.994798,aws.docker,0.19.2,{'n_estimators': 2000},stable,2019-04-16T01:49:44,2610.5,2000,3535241606,,0.96982,0.994798,
openml.org/t/9977,nomao,TunedRandomForest,9,0.995105,aws.docker,0.19.2,{'n_estimators': 2000},stable,2019-04-16T01:50:25,2609.2,2000,3535241607,,0.96982,0.995105,
openml.org/t/9977,nomao,TunedRandomForest,3,0.995652,aws.docker,0.19.2,{'n_estimators': 2000},stable,2019-04-16T01:52:24,2610.7,2000,3535241601,,0.97302,0.995652,
openml.org/t/167120,numerai28.6,TunedRandomForest,0,0.512978,aws.docker,0.19.2,{'n_estimators': 2000},stable,2019-04-16T02:44:25,3143.4,2000,3535241598,,0.507579,0.512978,
openml.org/t/167120,numerai28.6,TunedRandomForest,1,0.518921,aws.docker,0.19.2,{'n_estimators': 2000},stable,2019-04-16T02:44:54,3141.3,2000,3535241599,,0.513704,0.518921,
openml.org/t/167120,numerai28.6,TunedRandomForest,2,0.512507,aws.docker,0.19.2,{'n_estimators': 2000},stable,2019-04-16T02:44:52,3141.6,2000,3535241600,,0.507164,0.512507,
openml.org/t/167120,numerai28.6,TunedRandomForest,3,0.516058,aws.docker,0.19.2,{'n_estimators': 2000},stable,2019-04-16T02:44:59,3109.4,2000,3535241601,,0.514431,0.516058,
openml.org/t/167120,numerai28.6,TunedRandomForest,4,0.525457,aws.docker,0.19.2,{'n_estimators': 2000},stable,2019-04-16T02:45:41,3141.6,2000,3535241602,,0.521906,0.525457,
openml.org/t/167120,numerai28.6,TunedRandomForest,5,0.518427,aws.docker,0.19.2,{'n_estimators': 2000},stable,2019-04-16T02:45:23,3109.5,2000,3535241603,,0.515262,0.518427,
openml.org/t/167120,numerai28.6,TunedRandomForest,6,0.530961,aws.docker,0.19.2,{'n_estimators': 2000},stable,2019-04-16T02:45:55,3109.8,2000,3535241604,,0.520141,0.530961,
openml.org/t/167120,numerai28.6,TunedRandomForest,7,0.528376,aws.docker,0.19.2,{'n_estimators': 2000},stable,2019-04-16T02:46:20,3109.5,2000,3535241605,,0.517442,0.528376,
openml.org/t/167120,numerai28.6,TunedRandomForest,8,0.51933,aws.docker,0.19.2,{'n_estimators': 2000},stable,2019-04-16T02:46:43,3109.6,2000,3535241606,,0.510486,0.51933,
openml.org/t/167120,numerai28.6,TunedRandomForest,9,0.524214,aws.docker,0.19.2,{'n_estimators': 2000},stable,2019-04-16T02:48:52,3140.8,2000,3535241607,,0.520556,0.524214,
openml.org/t/168338,riccardo,TunedRandomForest,2,0.999662,aws.docker,0.19.2,{'n_estimators': 2000},stable,2019-04-16T04:02:41,3183.2,2000,3535241600,,0.996,0.999662,
openml.org/t/168338,riccardo,TunedRandomForest,0,0.999679,aws.docker,0.19.2,{'n_estimators': 2000},stable,2019-04-16T04:02:33,3184.5,2000,3535241598,,0.9945,0.999679,
openml.org/t/168338,riccardo,TunedRandomForest,1,0.999434,aws.docker,0.19.2,{'n_estimators': 2000},stable,2019-04-16T04:03:07,3184.3,2000,3535241599,,0.9965,0.999434,
openml.org/t/168338,riccardo,TunedRandomForest,6,0.999755,aws.docker,0.19.2,{'n_estimators': 2000},stable,2019-04-16T04:04:16,3183.4,2000,3535241604,,0.9945,0.999755,
openml.org/t/168338,riccardo,TunedRandomForest,3,0.999901,aws.docker,0.19.2,{'n_estimators': 2000},stable,2019-04-16T04:03:27,3183.3,2000,3535241601,,0.997,0.999901,
openml.org/t/168338,riccardo,TunedRandomForest,4,0.999759,aws.docker,0.19.2,{'n_estimators': 2000},stable,2019-04-16T04:03:36,3184.0,2000,3535241602,,0.995,0.999759,
openml.org/t/168338,riccardo,TunedRandomForest,5,0.99982,aws.docker,0.19.2,{'n_estimators': 2000},stable,2019-04-16T04:04:13,3182.7,2000,3535241603,,0.996,0.99982,
openml.org/t/168338,riccardo,TunedRandomForest,7,0.999522,aws.docker,0.19.2,{'n_estimators': 2000},stable,2019-04-16T04:05:13,3184.2,2000,3535241605,,0.994,0.999522,
openml.org/t/168338,riccardo,TunedRandomForest,8,0.999907,aws.docker,0.19.2,{'n_estimators': 2000},stable,2019-04-16T04:05:26,3185.3,2000,3535241606,,0.997,0.999907,
openml.org/t/168338,riccardo,TunedRandomForest,9,0.999427,aws.docker,0.19.2,{'n_estimators': 2000},stable,2019-04-16T04:06:38,3183.5,2000,3535241607,,0.993,0.999427,
openml.org/t/168332,Robert,TunedRandomForest,0,1.68992,aws.docker,0.19.2,{'n_estimators': 2000},stable,2019-04-16T05:25:02,3259.0,2000,3535241598,,0.482,,1.68992
openml.org/t/168332,Robert,TunedRandomForest,2,1.68871,aws.docker,0.19.2,{'n_estimators': 2000},stable,2019-04-16T05:25:10,3258.9,2000,3535241600,,0.472,,1.68871
openml.org/t/168332,Robert,TunedRandomForest,1,1.69913,aws.docker,0.19.2,{'n_estimators': 2000},stable,2019-04-16T05:25:23,3260.0,2000,3535241599,,0.483,,1.69913
openml.org/t/168332,Robert,TunedRandomForest,6,1.64766,aws.docker,0.19.2,{'n_estimators': 2000},stable,2019-04-16T05:26:19,3260.8,2000,3535241604,,0.506,,1.64766
openml.org/t/168332,Robert,TunedRandomForest,3,1.68823,aws.docker,0.19.2,{'n_estimators': 2000},stable,2019-04-16T05:25:48,3258.8,2000,3535241601,,0.471,,1.68823
openml.org/t/168332,Robert,TunedRandomForest,5,1.69663,aws.docker,0.19.2,{'n_estimators': 2000},stable,2019-04-16T05:26:21,3258.7,2000,3535241603,,0.475,,1.69663
openml.org/t/168332,Robert,TunedRandomForest,7,1.69406,aws.docker,0.19.2,{'n_estimators': 2000},stable,2019-04-16T05:26:47,3258.8,2000,3535241605,,0.483,,1.69406
openml.org/t/168332,Robert,TunedRandomForest,8,1.69497,aws.docker,0.19.2,{'n_estimators': 2000},stable,2019-04-16T05:27:06,3256.2,2000,3535241606,,0.477,,1.69497
openml.org/t/168332,Robert,TunedRandomForest,4,1.6813,aws.docker,0.19.2,{'n_estimators': 2000},stable,2019-04-16T05:27:31,3258.3,2000,3535241602,,0.487,,1.6813
openml.org/t/168332,Robert,TunedRandomForest,9,1.69383,aws.docker,0.19.2,{'n_estimators': 2000},stable,2019-04-16T05:28:44,3261.4,2000,3535241607,,0.474,,1.69383
openml.org/t/146212,Shuttle,TunedRandomForest,0,0.000604712,aws.docker,0.19.2,{'n_estimators': 2000},stable,2019-04-16T05:38:14,556.7,2000,3535241598,,0.999828,,0.000604712
openml.org/t/146212,Shuttle,TunedRandomForest,1,0.000525303,aws.docker,0.19.2,{'n_estimators': 2000},stable,2019-04-16T05:38:10,559.3,2000,3535241599,,0.999828,,0.000525303
openml.org/t/146212,Shuttle,TunedRandomForest,2,0.000316696,aws.docker,0.19.2,{'n_estimators': 2000},stable,2019-04-16T05:38:39,556.0,2000,3535241600,,1.0,,0.000316696
openml.org/t/146212,Shuttle,TunedRandomForest,3,0.00087172,aws.docker,0.19.2,{'n_estimators': 2000},stable,2019-04-16T05:39:00,555.8,2000,3535241601,,0.999828,,0.00087172
openml.org/t/146212,Shuttle,TunedRandomForest,4,0.000655282,aws.docker,0.19.2,{'n_estimators': 2000},stable,2019-04-16T05:39:40,556.9,2000,3535241602,,1.0,,0.000655282
openml.org/t/146212,Shuttle,TunedRandomForest,5,0.000449636,aws.docker,0.19.2,{'n_estimators': 2000},stable,2019-04-16T05:39:45,553.2,2000,3535241603,,1.0,,0.000449636
openml.org/t/146212,Shuttle,TunedRandomForest,6,0.00057956,aws.docker,0.19.2,{'n_estimators': 2000},stable,2019-04-16T05:39:55,545.9,2000,3535241604,,0.999828,,0.00057956
openml.org/t/146212,Shuttle,TunedRandomForest,7,0.000554491,aws.docker,0.19.2,{'n_estimators': 2000},stable,2019-04-16T05:40:14,547.2,2000,3535241605,,1.0,,0.000554491
openml.org/t/146212,Shuttle,TunedRandomForest,8,0.0010974,aws.docker,0.19.2,{'n_estimators': 2000},stable,2019-04-16T05:40:36,550.4,2000,3535241606,,0.999828,,0.0010974
openml.org/t/146212,Shuttle,TunedRandomForest,9,0.000388932,aws.docker,0.19.2,{'n_estimators': 2000},stable,2019-04-16T05:41:52,554.0,2000,3535241607,,1.0,,0.000388932
openml.org/t/168331,Volkert,TunedRandomForest,0,0.988295,aws.docker,0.19.2,{'n_estimators': 2000},stable,2019-04-16T06:36:24,3218.1,2000,3535241598,,0.664209,,0.988295
openml.org/t/168331,Volkert,TunedRandomForest,1,0.980712,aws.docker,0.19.2,{'n_estimators': 2000},stable,2019-04-16T06:37:00,3218.8,2000,3535241599,,0.675699,,0.980712
openml.org/t/168331,Volkert,TunedRandomForest,2,0.975263,aws.docker,0.19.2,{'n_estimators': 2000},stable,2019-04-16T06:36:55,3213.5,2000,3535241600,,0.676556,,0.975263
openml.org/t/168331,Volkert,TunedRandomForest,3,0.989227,aws.docker,0.19.2,{'n_estimators': 2000},stable,2019-04-16T06:37:19,3213.4,2000,3535241601,,0.683073,,0.989227
openml.org/t/168331,Volkert,TunedRandomForest,4,0.971464,aws.docker,0.19.2,{'n_estimators': 2000},stable,2019-04-16T06:37:57,3211.1,2000,3535241602,,0.68839,,0.971464
openml.org/t/168331,Volkert,TunedRandomForest,5,0.9839,aws.docker,0.19.2,{'n_estimators': 2000},stable,2019-04-16T06:38:00,3212.7,2000,3535241603,,0.675699,,0.9839
openml.org/t/168331,Volkert,TunedRandomForest,6,0.965174,aws.docker,0.19.2,{'n_estimators': 2000},stable,2019-04-16T06:38:15,3213.5,2000,3535241604,,0.689247,,0.965174
openml.org/t/168331,Volkert,TunedRandomForest,7,0.975917,aws.docker,0.19.2,{'n_estimators': 2000},stable,2019-04-16T06:38:39,3213.4,2000,3535241605,,0.675699,,0.975917
openml.org/t/168331,Volkert,TunedRandomForest,8,0.976767,aws.docker,0.19.2,{'n_estimators': 2000},stable,2019-04-16T06:39:02,3212.8,2000,3535241606,,0.677585,,0.976767
openml.org/t/168331,Volkert,TunedRandomForest,9,0.981835,aws.docker,0.19.2,{'n_estimators': 2000},stable,2019-04-16T06:41:59,3211.5,2000,3535241607,,0.680501,,0.981835
